"implementation","workers","round","calls","admission_ms","drained_ms","calls_per_second","p50_us","p95_us","p99_us","runtime_workers","worker_parks","worker_busy_ms","platform","runtime","phase","pass"
"manual","1","1","2000","3.410","5.497","586427","0.207","22.848","23.134","1","3","3.576","linux","current","baseline","0"
"manual","1","2","2000","3.862","5.977","517840","0.216","22.838","39.284","1","3","3.993","linux","current","baseline","0"
"manual","1","3","2000","4.126","5.223","484689","0.216","22.799","45.795","1","3","4.350","linux","current","baseline","0"
"manual","1","4","2000","3.370","5.489","593521","0.207","22.829","25.170","1","3","3.501","linux","current","baseline","0"
"manual","1","5","2000","3.378","5.463","592005","0.207","22.809","27.982","1","3","3.510","linux","current","baseline","0"
"manual","3","1","6000","10.835","12.917","553737","0.216","28.454","49.238","1","3","10.892","linux","current","baseline","0"
"manual","3","2","6000","10.065","12.169","596139","0.216","28.190","34.160","1","3","10.199","linux","current","baseline","0"
"manual","3","3","6000","9.801","11.903","612203","0.216","28.090","29.744","1","3","9.865","linux","current","baseline","0"
"manual","3","4","6000","10.537","12.635","569420","0.216","29.536","38.605","1","3","10.590","linux","current","baseline","0"
"manual","3","5","6000","10.352","12.435","579614","0.216","28.396","35.654","1","3","10.392","linux","current","baseline","0"
"manual","16","1","32000","51.909","53.977","616459","0.226","47.959","74.338","1","3","51.618","linux","current","baseline","0"
"manual","16","2","32000","51.501","53.578","621346","0.226","47.763","73.414","1","3","51.366","linux","current","baseline","0"
"manual","16","3","32000","51.552","53.617","620733","0.226","48.333","88.148","1","3","51.490","linux","current","baseline","0"
"manual","16","4","32000","50.745","52.837","630607","0.226","47.674","64.788","1","3","50.641","linux","current","baseline","0"
"manual","16","5","32000","51.277","53.351","624059","0.226","48.176","68.791","1","3","51.290","linux","current","baseline","0"
"manual","1","1","2000","3.993","6.100","500884","0.218","22.985","46.426","1","3","4.177","linux","current","baseline","1"
"manual","1","2","2000","3.284","5.388","609085","0.218","22.936","23.144","1","3","3.424","linux","current","baseline","1"
"manual","1","3","2000","3.303","5.388","605454","0.218","23.034","23.530","1","3","3.438","linux","current","baseline","1"
"manual","1","4","2000","3.872","5.972","516503","0.218","23.014","27.765","1","3","4.006","linux","current","baseline","1"
"manual","1","5","2000","3.269","5.356","611818","0.218","22.896","23.144","1","3","3.396","linux","current","baseline","1"
"manual","3","1","6000","10.670","12.763","562338","0.218","29.411","48.052","1","3","10.710","linux","current","baseline","1"
"manual","3","2","6000","10.498","12.590","571514","0.218","29.470","42.738","1","3","10.626","linux","current","baseline","1"
"manual","3","3","6000","9.937","11.999","603805","0.218","28.449","35.083","1","3","10.048","linux","current","baseline","1"
"manual","3","4","6000","10.160","12.287","590548","0.218","28.369","39.366","1","3","10.296","linux","current","baseline","1"
"manual","3","5","6000","9.817","11.916","611165","0.218","28.369","30.075","1","3","9.946","linux","current","baseline","1"
"manual","16","1","32000","51.497","53.581","621401","0.228","47.964","72.218","1","3","51.237","linux","current","baseline","1"
"manual","16","2","32000","50.863","52.945","629143","0.228","48.221","62.053","1","3","50.743","linux","current","baseline","1"
"manual","16","3","32000","51.913","54.000","616412","0.228","49.371","74.439","1","3","52.013","linux","current","baseline","1"
"manual","16","4","32000","51.199","53.284","625008","0.228","47.933","69.461","1","3","51.113","linux","current","baseline","1"
"manual","16","5","32000","52.573","54.679","608680","0.228","49.342","76.670","1","3","52.552","linux","current","baseline","1"
"etherbird","1","1","2000","13.372","15.427","149567","5.874","7.023","14.706","1","2","12.922","linux","current","baseline","0"
"etherbird","1","2","2000","14.251","16.306","140339","5.884","11.699","26.888","1","2","13.396","linux","current","baseline","0"
"etherbird","1","3","2000","12.455","14.527","160575","5.854","6.357","15.248","1","2","12.045","linux","current","baseline","0"
"etherbird","1","4","2000","13.379","15.453","149485","5.874","5.993","13.434","1","2","12.972","linux","current","baseline","0"
"etherbird","1","5","2000","12.773","14.905","156581","5.884","6.781","13.138","1","3","12.303","linux","current","baseline","0"
"etherbird","3","1","6000","31.146","33.202","192639","13.888","16.717","46.433","1","2","30.674","linux","current","baseline","0"
"etherbird","3","2","6000","30.318","32.399","197905","13.897","14.676","37.297","1","2","29.859","linux","current","baseline","0"
"etherbird","3","3","6000","31.587","33.661","189951","13.888","19.535","47.468","1","2","31.178","linux","current","baseline","0"
"etherbird","3","4","6000","30.152","32.214","198994","13.897","19.486","41.909","1","2","29.751","linux","current","baseline","0"
"etherbird","3","5","6000","29.784","31.854","201448","13.887","14.745","37.966","1","2","29.293","linux","current","baseline","0"
"etherbird","16","1","32000","123.417","125.502","259283","55.234","87.771","167.705","1","2","122.806","linux","current","baseline","0"
"etherbird","16","2","32000","119.681","121.770","267377","55.176","81.009","118.395","1","2","119.297","linux","current","baseline","0"
"etherbird","16","3","32000","119.250","121.337","268343","55.323","79.166","112.106","1","2","118.937","linux","current","baseline","0"
"etherbird","16","4","32000","119.512","121.577","267756","55.235","79.659","136.165","1","2","119.187","linux","current","baseline","0"
"etherbird","16","5","32000","119.735","121.806","267258","55.245","81.207","116.386","1","2","119.267","linux","current","baseline","0"
"etherbird","1","1","2000","12.398","14.465","161315","5.916","6.026","10.046","1","2","11.985","linux","current","baseline","1"
"etherbird","1","2","2000","12.372","14.465","161662","5.936","6.094","12.378","1","2","11.937","linux","current","baseline","1"
"etherbird","1","3","2000","12.671","14.740","157837","5.916","8.497","10.721","1","2","12.331","linux","current","baseline","1"
"etherbird","1","4","2000","12.390","14.464","161422","5.927","6.055","12.219","1","2","11.935","linux","current","baseline","1"
"etherbird","1","5","2000","12.785","14.846","156435","5.936","6.958","23.019","1","2","12.328","linux","current","baseline","1"
"etherbird","3","1","6000","30.019","32.108","199870","13.977","17.361","42.594","1","2","29.577","linux","current","baseline","1"
"etherbird","3","2","6000","29.828","31.973","201151","14.006","16.488","44.153","1","3","29.437","linux","current","baseline","1"
"etherbird","3","3","6000","29.809","31.900","201279","13.977","16.994","38.217","1","2","29.355","linux","current","baseline","1"
"etherbird","3","4","6000","29.592","31.758","202759","13.987","16.389","39.537","1","3","29.292","linux","current","baseline","1"
"etherbird","3","5","6000","29.207","31.276","205430","13.987","14.344","35.368","1","2","28.780","linux","current","baseline","1"
"etherbird","16","1","32000","119.027","121.105","268847","55.747","80.612","107.314","1","2","118.449","linux","current","baseline","1"
"etherbird","16","2","32000","119.039","121.133","268820","55.777","80.454","108.417","1","2","118.627","linux","current","baseline","1"
"etherbird","16","3","32000","121.868","123.959","262578","55.876","87.968","120.339","1","2","121.442","linux","current","baseline","1"
"etherbird","16","4","32000","121.456","123.537","263471","55.806","80.503","116.804","1","2","121.051","linux","current","baseline","1"
"etherbird","16","5","32000","121.789","123.873","262748","55.799","87.395","126.202","1","2","121.465","linux","current","baseline","1"
"supervisor","1","1","2000","3.419","5.499","584931","0.236","22.613","22.868","1","3","3.572","linux","current","baseline","0"
"supervisor","1","2","2000","3.776","4.876","529617","0.236","22.563","44.861","1","3","3.891","linux","current","baseline","0"
"supervisor","1","3","2000","3.418","5.509","585153","0.236","22.632","22.908","1","3","3.565","linux","current","baseline","0"
"supervisor","1","4","2000","3.387","5.491","590578","0.236","22.633","23.213","1","3","3.495","linux","current","baseline","0"
"supervisor","1","5","2000","3.294","5.438","607174","0.236","22.602","22.946","1","3","3.494","linux","current","baseline","0"
"supervisor","3","1","6000","10.062","12.152","596277","0.236","28.179","31.326","1","3","10.107","linux","current","baseline","0"
"supervisor","3","2","6000","9.912","12.002","605300","0.236","28.150","32.301","1","3","9.984","linux","current","baseline","0"
"supervisor","3","3","6000","9.804","11.897","611984","0.227","28.141","29.675","1","3","9.881","linux","current","baseline","0"
"supervisor","3","4","6000","9.769","11.858","614180","0.236","28.022","34.631","1","3","9.860","linux","current","baseline","0"
"supervisor","3","5","6000","10.390","12.464","577492","0.236","28.288","44.772","1","3","10.480","linux","current","baseline","0"
"supervisor","16","1","32000","51.666","52.774","619360","0.246","47.939","80.860","1","3","51.451","linux","current","baseline","0"
"supervisor","16","2","32000","50.866","52.949","629106","0.246","47.654","66.293","1","3","50.735","linux","current","baseline","0"
"supervisor","16","3","32000","50.597","52.716","632454","0.246","47.743","69.411","1","3","50.597","linux","current","baseline","0"
"supervisor","16","4","32000","52.734","54.800","606822","0.246","52.621","75.440","1","3","52.680","linux","current","baseline","0"
"supervisor","16","5","32000","50.762","52.831","630389","0.246","48.323","67.562","1","3","50.602","linux","current","baseline","0"
"supervisor","1","1","2000","3.328","5.425","600989","0.228","22.856","23.124","1","3","3.482","linux","current","baseline","1"
"supervisor","1","2","2000","3.477","5.586","575213","0.228","22.925","23.699","1","3","3.582","linux","current","baseline","1"
"supervisor","1","3","2000","3.458","5.612","578426","0.228","22.976","23.323","1","4","3.625","linux","current","baseline","1"
"supervisor","1","4","2000","3.326","5.413","601344","0.228","22.876","23.183","1","3","3.447","linux","current","baseline","1"
"supervisor","1","5","2000","3.329","5.430","600826","0.228","22.836","23.213","1","3","3.452","linux","current","baseline","1"
"supervisor","3","1","6000","9.934","12.057","603975","0.228","28.459","33.586","1","3","10.007","linux","current","baseline","1"
"supervisor","3","2","6000","10.249","12.344","585421","0.228","28.498","36.421","1","3","10.344","linux","current","baseline","1"
"supervisor","3","3","6000","9.931","12.048","604161","0.228","28.538","30.124","1","3","9.967","linux","current","baseline","1"
"supervisor","3","4","6000","10.220","12.317","587103","0.228","28.270","42.727","1","3","10.342","linux","current","baseline","1"
"supervisor","3","5","6000","10.635","12.732","564181","0.228","29.688","36.312","1","3","10.728","linux","current","baseline","1"
"supervisor","16","1","32000","50.804","52.926","629874","0.238","48.340","65.792","1","3","50.566","linux","current","baseline","1"
"supervisor","16","2","32000","51.994","54.080","615454","0.239","48.263","66.627","1","3","51.856","linux","current","baseline","1"
"supervisor","16","3","32000","51.496","53.596","621407","0.248","48.144","69.545","1","3","51.400","linux","current","baseline","1"
"supervisor","16","4","32000","52.552","54.661","608924","0.248","48.352","88.395","1","3","52.559","linux","current","baseline","1"
"supervisor","16","5","32000","50.813","52.903","629761","0.239","48.083","66.091","1","3","50.815","linux","current","baseline","1"
"manual","1","1","2000","3.300","5.405","605981","0.208","22.885","23.113","1","3","3.485","linux","current","candidate","0"
"manual","1","2","2000","3.228","5.321","619502","0.208","22.767","23.044","1","3","3.368","linux","current","candidate","0"
"manual","1","3","2000","3.279","5.368","609904","0.208","22.866","23.163","1","3","3.409","linux","current","candidate","0"
"manual","1","4","2000","3.392","5.503","589657","0.208","22.896","23.350","1","3","3.527","linux","current","candidate","0"
"manual","1","5","2000","3.262","5.373","613131","0.217","22.866","23.173","1","3","3.392","linux","current","candidate","0"
"manual","3","1","6000","11.179","13.263","536709","0.217","28.256","40.391","1","3","11.276","linux","current","candidate","0"
"manual","3","2","6000","9.697","11.790","618778","0.217","28.187","29.720","1","3","9.776","linux","current","candidate","0"
"manual","3","3","6000","10.763","12.869","557468","0.217","28.306","51.933","1","3","10.812","linux","current","candidate","0"
"manual","3","4","6000","10.176","12.276","589639","0.217","28.335","30.620","1","3","10.248","linux","current","candidate","0"
"manual","3","5","6000","9.624","11.759","623458","0.217","28.118","30.036","1","3","9.720","linux","current","candidate","0"
"manual","16","1","32000","52.923","55.024","604647","0.227","47.947","74.809","1","3","52.733","linux","current","candidate","0"
"manual","16","2","32000","52.722","54.808","606962","0.228","48.185","78.824","1","3","52.736","linux","current","candidate","0"
"manual","16","3","32000","53.055","55.152","603153","0.227","48.174","81.270","1","3","52.911","linux","current","candidate","0"
"manual","16","4","32000","53.187","55.333","601647","0.228","48.649","90.257","1","3","53.111","linux","current","candidate","0"
"manual","16","5","32000","52.597","54.701","608399","0.227","48.254","75.510","1","3","52.480","linux","current","candidate","0"
"manual","1","1","2000","3.337","5.436","599268","0.209","23.144","23.391","1","3","3.478","linux","current","candidate","1"
"manual","1","2","2000","3.473","5.598","575821","0.218","23.133","28.905","1","3","3.585","linux","current","candidate","1"
"manual","1","3","2000","3.406","5.497","587251","0.209","23.154","23.600","1","3","3.605","linux","current","candidate","1"
"manual","1","4","2000","3.389","5.483","590124","0.209","23.144","23.520","1","3","3.498","linux","current","candidate","1"
"manual","1","5","2000","3.351","5.454","596870","0.209","23.124","23.580","1","3","3.483","linux","current","candidate","1"
"manual","3","1","6000","10.218","12.314","587195","0.209","28.637","31.463","1","3","10.261","linux","current","candidate","1"
"manual","3","2","6000","10.044","12.147","597387","0.218","28.816","36.123","1","3","10.109","linux","current","candidate","1"
"manual","3","3","6000","9.764","11.854","614479","0.209","28.519","29.985","1","3","9.843","linux","current","candidate","1"
"manual","3","4","6000","9.983","12.071","601052","0.209","28.548","31.007","1","3","10.046","linux","current","candidate","1"
"manual","3","5","6000","10.568","12.673","567747","0.218","29.669","43.164","1","3","10.664","linux","current","candidate","1"
"manual","16","1","32000","52.632","54.734","608000","0.228","50.611","74.280","1","3","52.369","linux","current","candidate","1"
"manual","16","2","32000","51.474","53.563","621673","0.228","48.667","67.190","1","3","51.339","linux","current","candidate","1"
"manual","16","3","32000","52.060","54.148","614676","0.228","48.489","76.630","1","3","51.937","linux","current","candidate","1"
"manual","16","4","32000","51.001","53.088","627438","0.228","48.320","66.467","1","3","50.872","linux","current","candidate","1"
"manual","16","5","32000","55.036","57.126","581435","0.228","51.959","81.420","1","3","54.819","linux","current","candidate","1"
"etherbird","1","1","2000","12.244","14.310","163347","5.805","5.904","12.676","1","2","11.903","linux","current","candidate","0"
"etherbird","1","2","2000","12.030","14.080","166257","5.805","5.913","9.797","1","2","11.595","linux","current","candidate","0"
"etherbird","1","3","2000","13.254","15.327","150896","5.805","8.456","23.843","1","2","12.320","linux","current","candidate","0"
"etherbird","1","4","2000","12.577","14.637","159027","5.815","7.629","13.425","1","2","12.165","linux","current","candidate","0"
"etherbird","1","5","2000","12.401","14.479","161273","5.816","5.924","19.506","1","2","11.946","linux","current","candidate","0"
"etherbird","3","1","6000","30.544","32.627","196440","13.617","24.824","41.926","1","2","30.046","linux","current","candidate","0"
"etherbird","3","2","6000","29.694","31.778","202061","13.607","16.866","45.461","1","2","29.299","linux","current","candidate","0"
"etherbird","3","3","6000","30.011","32.094","199924","13.636","27.223","42.697","1","2","29.519","linux","current","candidate","0"
"etherbird","3","4","6000","30.993","33.052","193594","13.607","18.534","47.989","1","2","30.483","linux","current","candidate","0"
"etherbird","3","5","6000","29.725","31.787","201849","13.627","17.062","42.884","1","2","29.289","linux","current","candidate","0"
"etherbird","16","1","32000","117.647","119.741","272001","53.983","82.332","113.489","1","2","116.997","linux","current","candidate","0"
"etherbird","16","2","32000","115.194","117.283","277793","54.092","78.452","110.257","1","2","114.884","linux","current","candidate","0"
"etherbird","16","3","32000","115.739","117.812","276485","53.934","78.066","109.585","1","2","115.406","linux","current","candidate","0"
"etherbird","16","4","32000","118.419","120.490","270226","54.023","83.339","129.887","1","2","117.891","linux","current","candidate","0"
"etherbird","16","5","32000","118.564","120.628","269896","54.032","85.235","130.934","1","2","118.045","linux","current","candidate","0"
"etherbird","1","1","2000","12.494","14.611","160074","5.855","6.716","20.502","1","2","12.059","linux","current","candidate","1"
"etherbird","1","2","2000","12.407","14.473","161195","5.875","6.023","15.290","1","2","12.259","linux","current","candidate","1"
"etherbird","1","3","2000","12.759","14.825","156754","5.874","7.002","16.605","1","2","12.442","linux","current","candidate","1"
"etherbird","1","4","2000","12.738","14.806","157004","5.884","7.397","18.782","1","2","12.273","linux","current","candidate","1"
"etherbird","1","5","2000","12.423","14.500","160992","5.875","6.241","10.800","1","2","11.981","linux","current","candidate","1"
"etherbird","3","1","6000","28.939","31.015","207333","13.727","17.476","36.672","1","2","28.485","linux","current","candidate","1"
"etherbird","3","2","6000","30.050","32.142","199669","13.728","17.070","40.529","1","2","29.591","linux","current","candidate","1"
"etherbird","3","3","6000","30.115","32.235","199233","13.728","14.410","47.443","1","2","29.756","linux","current","candidate","1"
"etherbird","3","4","6000","29.276","31.349","204945","13.708","15.023","43.368","1","2","28.831","linux","current","candidate","1"
"etherbird","3","5","6000","29.911","32.008","200593","13.708","15.023","42.250","1","2","29.397","linux","current","candidate","1"
"etherbird","16","1","32000","118.791","120.868","269381","54.158","86.855","120.194","1","2","118.276","linux","current","candidate","1"
"etherbird","16","2","32000","115.642","117.731","276715","54.323","77.567","103.951","1","2","115.200","linux","current","candidate","1"
"etherbird","16","3","32000","121.046","123.124","264363","54.224","84.885","178.744","1","2","120.541","linux","current","candidate","1"
"etherbird","16","4","32000","114.779","116.878","278796","54.333","76.755","91.274","1","2","114.298","linux","current","candidate","1"
"etherbird","16","5","32000","120.650","122.723","265230","54.322","91.370","143.903","1","2","120.305","linux","current","candidate","1"
"supervisor","1","1","2000","3.465","5.564","577240","0.228","22.968","23.284","1","3","3.601","linux","current","candidate","0"
"supervisor","1","2","2000","3.425","5.547","583863","0.228","22.997","23.314","1","3","3.579","linux","current","candidate","0"
"supervisor","1","3","2000","3.880","5.963","515443","0.228","22.918","23.225","1","3","3.995","linux","current","candidate","0"
"supervisor","1","4","2000","3.373","5.488","592913","0.227","22.968","23.284","1","3","3.506","linux","current","candidate","0"
"supervisor","1","5","2000","3.576","5.659","559229","0.237","22.997","30.778","1","3","3.758","linux","current","candidate","0"
"supervisor","3","1","6000","10.578","12.666","567212","0.227","28.536","30.443","1","3","10.479","linux","current","candidate","0"
"supervisor","3","2","6000","11.139","13.240","538633","0.236","29.672","45.817","1","3","11.236","linux","current","candidate","0"
"supervisor","3","3","6000","10.923","13.025","549316","0.227","28.536","30.117","1","3","11.027","linux","current","candidate","0"
"supervisor","3","4","6000","10.830","12.920","554004","0.228","28.448","51.040","1","3","10.892","linux","current","candidate","0"
"supervisor","3","5","6000","10.625","12.720","564700","0.228","28.626","44.523","1","3","10.655","linux","current","candidate","0"
"supervisor","16","1","32000","53.790","55.858","594906","0.237","48.770","75.005","1","3","53.507","linux","current","candidate","0"
"supervisor","16","2","32000","53.354","55.442","599770","0.246","48.483","75.943","1","3","53.033","linux","current","candidate","0"
"supervisor","16","3","32000","56.537","58.614","565997","0.247","49.074","91.068","1","3","56.478","linux","current","candidate","0"
"supervisor","16","4","32000","53.215","55.314","601337","0.238","48.778","77.084","1","3","53.020","linux","current","candidate","0"
"supervisor","16","5","32000","52.068","54.155","614586","0.247","48.343","75.966","1","3","52.047","linux","current","candidate","0"
"supervisor","1","1","2000","3.504","5.607","570829","0.228","22.849","28.404","1","3","3.645","linux","current","candidate","1"
"supervisor","1","2","2000","3.413","5.513","585941","0.228","22.730","23.135","1","3","3.542","linux","current","candidate","1"
"supervisor","1","3","2000","3.466","5.572","576966","0.228","22.749","23.215","1","3","3.614","linux","current","candidate","1"
"supervisor","1","4","2000","3.213","5.299","622399","0.228","22.710","22.937","1","3","3.382","linux","current","candidate","1"
"supervisor","1","5","2000","3.229","5.323","619379","0.228","22.739","23.066","1","3","3.359","linux","current","candidate","1"
"supervisor","3","1","6000","9.812","11.906","611525","0.228","28.266","30.415","1","3","9.875","linux","current","candidate","1"
"supervisor","3","2","6000","10.324","12.467","581187","0.228","28.207","31.465","1","3","10.401","linux","current","candidate","1"
"supervisor","3","3","6000","10.158","12.245","590692","0.228","28.246","35.724","1","3","10.274","linux","current","candidate","1"
"supervisor","3","4","6000","10.744","12.872","558469","0.228","29.405","42.616","1","3","10.799","linux","current","candidate","1"
"supervisor","3","5","6000","9.988","12.095","600724","0.228","28.384","30.722","1","3","10.073","linux","current","candidate","1"
"supervisor","16","1","32000","51.884","53.993","616763","0.238","48.489","71.020","1","3","51.699","linux","current","candidate","1"
"supervisor","16","2","32000","51.260","53.370","624271","0.238","48.093","67.603","1","3","51.092","linux","current","candidate","1"
"supervisor","16","3","32000","54.672","56.759","585312","0.238","51.847","90.055","1","3","54.635","linux","current","candidate","1"
"supervisor","16","4","32000","52.757","54.838","606560","0.238","49.757","81.747","1","3","52.657","linux","current","candidate","1"
"supervisor","16","5","32000","52.101","54.181","614187","0.238","48.232","78.201","1","3","51.998","linux","current","candidate","1"
"manual","1","1","2000","11.832","55.386","169039","0.424","44.349","52.472","16","327","15.932","linux","default","baseline","0"
"manual","1","2","2000","3.258","6.095","613910","0.424","2.839","42.861","16","84","5.076","linux","default","baseline","0"
"manual","1","3","2000","13.447","15.216","148737","0.385","44.596","55.371","16","322","17.258","linux","default","baseline","0"
"manual","1","4","2000","5.213","50.858","383655","0.433","5.106","47.909","16","173","7.306","linux","default","baseline","0"
"manual","1","5","2000","5.624","8.289","355621","0.316","14.895","45.247","16","138","7.913","linux","default","baseline","0"
"manual","3","1","6000","10.294","12.685","582871","0.819","15.743","84.815","16","239","16.816","linux","default","baseline","0"
"manual","3","2","6000","12.013","13.504","499472","1.153","25.600","88.157","16","258","17.963","linux","default","baseline","0"
"manual","3","3","6000","12.753","14.860","470474","0.966","26.980","71.488","16","275","18.830","linux","default","baseline","0"
"manual","3","4","6000","15.040","17.428","398930","0.800","35.592","106.013","16","343","21.870","linux","default","baseline","0"
"manual","3","5","6000","10.622","12.723","564843","1.224","15.426","60.537","16","214","16.423","linux","default","baseline","0"
"manual","16","1","32000","29.141","35.586","1098097","10.715","49.002","80.723","16","781","61.031","linux","default","baseline","0"
"manual","16","2","32000","27.723","33.795","1154276","10.270","46.297","66.116","16","779","58.242","linux","default","baseline","0"
"manual","16","3","32000","27.318","34.238","1171387","10.231","46.395","70.017","16","767","58.117","linux","default","baseline","0"
"manual","16","4","32000","31.368","37.405","1020137","10.291","50.681","83.339","16","795","65.263","linux","default","baseline","0"
"manual","16","5","32000","28.703","36.594","1114861","10.191","49.150","69.988","16","799","59.977","linux","default","baseline","0"
"manual","1","1","2000","7.354","8.545","271961","0.309","41.392","44.843","16","162","9.720","linux","default","baseline","1"
"manual","1","2","2000","9.026","11.184","221588","0.409","42.808","69.781","16","207","12.417","linux","default","baseline","1"
"manual","1","3","2000","4.641","6.633","430946","0.319","3.909","45.451","16","103","6.800","linux","default","baseline","1"
"manual","1","4","2000","7.351","9.645","272059","0.369","40.754","53.777","16","152","10.213","linux","default","baseline","1"
"manual","1","5","2000","2.577","4.891","776121","0.439","2.573","28.579","16","64","4.437","linux","default","baseline","1"
"manual","3","1","6000","15.562","16.915","385557","1.226","35.698","54.983","16","357","22.660","linux","default","baseline","1"
"manual","3","2","6000","11.804","13.973","508284","1.167","25.158","67.887","16","272","17.567","linux","default","baseline","1"
"manual","3","3","6000","12.830","15.010","467646","1.236","26.614","129.710","16","291","19.456","linux","default","baseline","1"
"manual","3","4","6000","12.597","14.509","476309","1.266","28.708","85.925","16","303","18.996","linux","default","baseline","1"
"manual","3","5","6000","7.805","9.996","768743","1.236","6.113","48.472","16","198","13.208","linux","default","baseline","1"
"manual","16","1","32000","28.136","33.544","1137321","10.430","45.610","77.778","16","761","59.432","linux","default","baseline","1"
"manual","16","2","32000","28.742","34.682","1113340","10.390","47.106","75.196","16","787","58.805","linux","default","baseline","1"
"manual","16","3","32000","28.101","35.999","1138732","10.420","45.750","63.718","16","784","59.989","linux","default","baseline","1"
"manual","16","4","32000","28.657","34.437","1116646","10.311","50.357","78.137","16","785","59.762","linux","default","baseline","1"
"manual","16","5","32000","30.009","36.107","1066357","10.470","49.559","69.502","16","808","61.899","linux","default","baseline","1"
"etherbird","1","1","2000","125.822","127.980","15895","60.941","84.159","140.301","16","5284","174.430","linux","default","baseline","0"
"etherbird","1","2","2000","129.428","131.534","15453","61.949","81.700","143.086","16","5589","172.745","linux","default","baseline","0"
"etherbird","1","3","2000","127.292","129.414","15712","61.879","83.419","127.170","16","5559","170.737","linux","default","baseline","0"
"etherbird","1","4","2000","133.149","135.290","15021","63.165","89.574","148.930","16","5497","182.617","linux","default","baseline","0"
"etherbird","1","5","2000","131.175","133.283","15247","63.660","85.482","138.446","16","5578","178.312","linux","default","baseline","0"
"etherbird","3","1","6000","154.814","156.980","38756","63.046","126.893","189.464","16","7883","265.007","linux","default","baseline","0"
"etherbird","3","2","6000","156.858","158.995","38251","63.086","130.850","180.474","16","7909","271.925","linux","default","baseline","0"
"etherbird","3","3","6000","151.569","153.719","39586","62.878","123.303","162.561","16","7789","263.576","linux","default","baseline","0"
"etherbird","3","4","6000","152.375","154.526","39377","62.828","123.638","153.856","16","7816","266.154","linux","default","baseline","0"
"etherbird","3","5","6000","153.506","154.641","39086","63.718","123.769","176.812","16","7775","267.887","linux","default","baseline","0"
"etherbird","16","1","32000","289.314","289.315","110606","124.374","247.956","347.419","16","16261","605.084","linux","default","baseline","0"
"etherbird","16","2","32000","291.157","291.158","109906","126.721","246.995","339.911","16","16240","606.692","linux","default","baseline","0"
"etherbird","16","3","32000","307.862","310.005","103943","134.843","268.786","366.506","16","16930","640.289","linux","default","baseline","0"
"etherbird","16","4","32000","301.470","303.592","106147","131.535","257.924","403.352","16","16746","627.199","linux","default","baseline","0"
"etherbird","16","5","32000","324.538","326.635","98602","142.185","287.585","385.888","16","17391","680.510","linux","default","baseline","0"
"etherbird","1","1","2000","128.528","130.725","15561","62.564","82.794","130.565","16","5274","179.249","linux","default","baseline","1"
"etherbird","1","2","2000","128.775","130.944","15531","62.355","82.584","134.984","16","5448","176.571","linux","default","baseline","1"
"etherbird","1","3","2000","128.575","130.744","15555","62.225","84.888","131.976","16","5467","182.631","linux","default","baseline","1"
"etherbird","1","4","2000","133.302","135.476","15004","62.657","94.834","155.134","16","5496","184.966","linux","default","baseline","1"
"etherbird","1","5","2000","135.453","137.597","14765","64.609","91.861","148.474","16","5439","185.248","linux","default","baseline","1"
"etherbird","3","1","6000","156.640","158.820","38304","63.313","127.835","192.744","16","7868","272.031","linux","default","baseline","1"
"etherbird","3","2","6000","157.434","159.605","38111","63.712","126.678","160.562","16","7604","277.199","linux","default","baseline","1"
"etherbird","3","3","6000","158.666","158.667","37815","63.203","130.090","166.020","16","7675","284.670","linux","default","baseline","1"
"etherbird","3","4","6000","148.283","150.408","40463","60.828","120.438","169.292","16","7677","259.640","linux","default","baseline","1"
"etherbird","3","5","6000","145.815","147.938","41148","61.306","117.744","156.311","16","7588","252.313","linux","default","baseline","1"
"etherbird","16","1","32000","304.620","304.621","105049","134.238","259.777","359.100","16","16607","633.851","linux","default","baseline","1"
"etherbird","16","2","32000","298.562","298.563","107181","128.367","256.144","372.164","16","16531","625.907","linux","default","baseline","1"
"etherbird","16","3","32000","291.174","291.175","109900","126.649","248.688","351.623","16","16064","605.433","linux","default","baseline","1"
"etherbird","16","4","32000","309.385","311.510","103431","134.276","266.046","368.864","16","16898","644.673","linux","default","baseline","1"
"etherbird","16","5","32000","300.360","302.493","106539","130.803","253.700","343.871","16","16485","628.036","linux","default","baseline","1"
"supervisor","1","1","2000","6.740","9.002","296741","0.415","35.433","44.449","16","145","9.702","linux","default","baseline","0"
"supervisor","1","2","2000","13.567","15.807","147417","0.336","42.919","52.578","16","328","17.781","linux","default","baseline","0"
"supervisor","1","3","2000","3.245","5.381","616272","0.317","2.893","42.267","16","80","5.398","linux","default","baseline","0"
"supervisor","1","4","2000","5.787","7.531","345573","0.346","15.040","46.632","16","141","8.117","linux","default","baseline","0"
"supervisor","1","5","2000","3.813","6.062","524468","0.474","2.548","43.126","16","103","6.355","linux","default","baseline","0"
"supervisor","3","1","6000","9.067","11.331","661763","1.017","15.288","63.796","16","218","14.477","linux","default","baseline","0"
"supervisor","3","2","6000","11.565","55.499","518792","1.195","22.368","57.350","16","301","17.264","linux","default","baseline","0"
"supervisor","3","3","6000","8.300","10.623","722899","0.494","6.419","58.620","16","204","14.127","linux","default","baseline","0"
"supervisor","3","4","6000","13.641","15.792","439860","0.642","29.268","86.036","16","348","19.933","linux","default","baseline","0"
"supervisor","3","5","6000","8.264","10.948","726059","0.474","6.449","57.673","16","215","13.664","linux","default","baseline","0"
"supervisor","16","1","32000","27.331","35.358","1170811","10.191","44.232","69.899","16","761","58.994","linux","default","baseline","0"
"supervisor","16","2","32000","27.962","36.235","1144430","10.103","45.971","74.333","16","798","60.158","linux","default","baseline","0"
"supervisor","16","3","32000","26.037","34.361","1229005","10.182","44.993","70.550","16","744","57.472","linux","default","baseline","0"
"supervisor","16","4","32000","27.129","35.567","1179543","10.073","45.131","77.611","16","790","58.807","linux","default","baseline","0"
"supervisor","16","5","32000","29.932","35.367","1069091","10.103","50.085","92.642","16","813","60.669","linux","default","baseline","0"
"supervisor","1","1","2000","4.389","6.520","455637","0.319","4.138","48.900","16","108","6.993","linux","default","baseline","1"
"supervisor","1","2","2000","3.074","4.992","650597","0.389","2.603","41.153","16","84","5.152","linux","default","baseline","1"
"supervisor","1","3","2000","5.328","7.336","375400","0.419","5.823","46.018","16","130","7.779","linux","default","baseline","1"
"supervisor","1","4","2000","4.862","7.016","411334","0.329","4.986","46.637","16","141","7.474","linux","default","baseline","1"
"supervisor","1","5","2000","3.053","5.597","655112","0.329","3.033","41.218","16","73","5.629","linux","default","baseline","1"
"supervisor","3","1","6000","8.093","9.501","741412","0.987","6.085","53.188","16","181","13.746","linux","default","baseline","1"
"supervisor","3","2","6000","8.427","10.074","712012","0.598","6.384","56.719","16","200","14.278","linux","default","baseline","1"
"supervisor","3","3","6000","15.491","17.908","387315","0.788","39.711","130.635","16","320","21.896","linux","default","baseline","1"
"supervisor","3","4","6000","8.474","50.851","708043","0.619","6.215","55.961","16","245","13.865","linux","default","baseline","1"
"supervisor","3","5","6000","10.137","12.757","591913","0.519","6.933","85.338","16","239","15.829","linux","default","baseline","1"
"supervisor","16","1","32000","27.575","35.686","1160479","10.294","46.354","66.894","16","784","59.885","linux","default","baseline","1"
"supervisor","16","2","32000","28.138","32.608","1137253","10.254","47.492","75.662","16","746","58.595","linux","default","baseline","1"
"supervisor","16","3","32000","28.307","34.705","1130445","10.314","47.900","77.647","16","767","60.199","linux","default","baseline","1"
"supervisor","16","4","32000","30.914","36.545","1035118","10.314","52.429","97.228","16","813","61.835","linux","default","baseline","1"
"supervisor","16","5","32000","28.748","37.259","1113102","10.355","48.480","71.084","16","841","61.741","linux","default","baseline","1"
"manual","1","1","2000","3.286","5.466","608681","0.328","3.682","35.516","16","87","5.592","linux","default","candidate","0"
"manual","1","2","2000","4.361","6.162","458658","0.308","3.672","43.069","16","91","6.879","linux","default","candidate","0"
"manual","1","3","2000","21.484","63.461","93092","0.467","43.935","67.373","16","539","27.063","linux","default","candidate","0"
"manual","1","4","2000","5.500","47.863","363639","0.318","17.813","44.731","16","178","8.297","linux","default","candidate","0"
"manual","1","5","2000","3.671","5.913","544831","0.329","3.653","44.204","16","81","5.363","linux","default","candidate","0"
"manual","3","1","6000","22.303","66.470","269017","0.647","75.033","131.984","16","546","30.040","linux","default","candidate","0"
"manual","3","2","6000","12.457","14.790","481662","0.935","27.943","132.027","16","285","19.434","linux","default","candidate","0"
"manual","3","3","6000","19.100","62.927","314129","1.184","47.198","134.581","16","484","27.236","linux","default","candidate","0"
"manual","3","4","6000","9.569","10.995","627016","0.677","18.141","72.196","16","209","15.181","linux","default","candidate","0"
"manual","3","5","6000","13.485","14.693","444933","1.274","29.984","115.146","16","267","19.800","linux","default","candidate","0"
"manual","16","1","32000","32.098","34.720","996961","10.877","52.592","75.431","16","786","63.103","linux","default","candidate","0"
"manual","16","2","32000","27.103","35.433","1180660","10.419","43.995","70.345","16","779","59.607","linux","default","candidate","0"
"manual","16","3","32000","28.528","34.531","1121723","10.459","48.791","75.528","16","779","58.881","linux","default","candidate","0"
"manual","16","4","32000","26.504","33.809","1207379","10.499","38.870","62.574","16","779","58.472","linux","default","candidate","0"
"manual","16","5","32000","30.227","36.405","1058648","10.549","46.035","69.191","16","824","61.658","linux","default","candidate","0"
"manual","1","1","2000","16.103","18.267","124204","0.439","43.436","74.498","16","367","20.815","linux","default","candidate","1"
"manual","1","2","2000","6.666","8.485","300041","0.319","39.551","44.982","16","151","9.776","linux","default","candidate","1"
"manual","1","3","2000","4.446","6.620","449825","0.299","4.158","43.941","16","105","7.167","linux","default","candidate","1"
"manual","1","4","2000","3.802","6.057","526060","0.299","3.769","44.313","16","91","5.634","linux","default","candidate","1"
"manual","1","5","2000","2.893","5.147","691289","0.359","2.652","36.569","16","70","4.602","linux","default","candidate","1"
"manual","3","1","6000","10.359","12.241","579203","0.927","21.668","68.216","16","227","15.919","linux","default","candidate","1"
"manual","3","2","6000","8.775","11.258","683783","0.977","14.280","56.380","16","194","14.025","linux","default","candidate","1"
"manual","3","3","6000","8.942","50.882","671000","1.177","7.180","58.603","16","236","13.957","linux","default","candidate","1"
"manual","3","4","6000","19.802","21.801","302995","1.197","51.783","129.850","16","432","27.616","linux","default","candidate","1"
"manual","3","5","6000","8.533","10.730","703173","0.858","7.588","59.420","16","191","13.766","linux","default","candidate","1"
"manual","16","1","32000","27.306","33.652","1171888","10.360","46.467","75.874","16","755","58.026","linux","default","candidate","1"
"manual","16","2","32000","26.939","35.803","1187857","10.410","44.543","61.634","16","788","59.395","linux","default","candidate","1"
"manual","16","3","32000","28.215","34.501","1134135","10.400","48.891","78.327","16","784","59.645","linux","default","candidate","1"
"manual","16","4","32000","28.073","33.994","1139898","10.281","50.506","68.475","16","773","58.815","linux","default","candidate","1"
"manual","16","5","32000","28.476","36.676","1123739","10.281","48.721","72.274","16","802","59.963","linux","default","candidate","1"
"etherbird","1","1","2000","132.555","132.556","15088","61.867","99.206","140.678","16","5386","189.286","linux","default","candidate","0"
"etherbird","1","2","2000","134.812","136.957","14835","62.770","100.486","149.227","16","5499","188.117","linux","default","candidate","0"
"etherbird","1","3","2000","136.630","138.763","14638","62.961","101.935","162.805","16","5510","187.754","linux","default","candidate","0"
"etherbird","1","4","2000","136.235","138.402","14681","63.544","102.240","148.699","16","5478","190.612","linux","default","candidate","0"
"etherbird","1","5","2000","134.644","136.862","14854","63.415","100.622","139.139","16","5518","190.616","linux","default","candidate","0"
"etherbird","3","1","6000","152.743","154.899","39282","62.663","124.917","170.700","16","7685","265.257","linux","default","candidate","0"
"etherbird","3","2","6000","160.328","162.483","37423","63.414","129.390","183.979","16","8043","277.399","linux","default","candidate","0"
"etherbird","3","3","6000","159.898","162.077","37524","63.971","134.503","203.328","16","7841","280.337","linux","default","candidate","0"
"etherbird","3","4","6000","151.937","154.103","39490","60.320","122.719","187.465","16","7855","263.246","linux","default","candidate","0"
"etherbird","3","5","6000","148.507","150.683","40402","61.009","119.126","155.125","16","7933","259.340","linux","default","candidate","0"
"etherbird","16","1","32000","304.301","304.302","105159","132.093","258.929","353.325","16","16826","632.164","linux","default","candidate","0"
"etherbird","16","2","32000","301.585","301.586","106106","131.079","259.877","348.771","16","16847","630.652","linux","default","candidate","0"
"etherbird","16","3","32000","299.346","301.493","106900","129.256","258.761","387.098","16","16736","621.807","linux","default","candidate","0"
"etherbird","16","4","32000","294.712","294.713","108581","125.686","253.679","375.337","16","16258","610.295","linux","default","candidate","0"
"etherbird","16","5","32000","304.154","306.287","105210","134.695","255.817","341.606","16","17252","634.684","linux","default","candidate","0"
"etherbird","1","1","2000","129.191","129.192","15481","60.096","95.510","147.220","16","5659","177.733","linux","default","candidate","1"
"etherbird","1","2","2000","133.900","136.335","14937","62.267","99.953","152.926","16","5469","185.040","linux","default","candidate","1"
"etherbird","1","3","2000","136.275","138.436","14676","62.440","101.111","150.437","16","5572","188.436","linux","default","candidate","1"
"etherbird","1","4","2000","134.885","137.046","14827","62.702","102.714","148.774","16","5602","188.008","linux","default","candidate","1"
"etherbird","1","5","2000","133.084","135.239","15028","62.632","99.107","139.494","16","5544","186.069","linux","default","candidate","1"
"etherbird","3","1","6000","151.251","153.373","39669","62.373","127.259","178.825","16","7853","261.052","linux","default","candidate","1"
"etherbird","3","2","6000","154.680","156.834","38790","62.915","132.869","205.424","16","7867","265.654","linux","default","candidate","1"
"etherbird","3","3","6000","156.561","158.737","38324","61.876","128.026","192.836","16","7741","274.815","linux","default","candidate","1"
"etherbird","3","4","6000","154.817","156.934","38756","62.629","130.711","196.307","16","7612","269.901","linux","default","candidate","1"
"etherbird","3","5","6000","156.062","158.201","38446","63.892","128.819","180.366","16","7889","268.622","linux","default","candidate","1"
"etherbird","16","1","32000","302.943","302.944","105630","129.945","257.189","369.281","16","16175","629.694","linux","default","candidate","1"
"etherbird","16","2","32000","301.445","301.446","106155","130.074","264.303","390.761","16","16453","629.302","linux","default","candidate","1"
"etherbird","16","3","32000","294.936","297.083","108498","127.465","252.885","343.390","16","16373","618.922","linux","default","candidate","1"
"etherbird","16","4","32000","298.077","300.192","107355","128.471","260.121","353.352","16","16531","621.040","linux","default","candidate","1"
"etherbird","16","5","32000","306.107","308.262","104539","132.534","268.344","395.278","16","16809","637.747","linux","default","candidate","1"
"supervisor","1","1","2000","3.439","4.997","581488","0.328","3.092","43.696","16","80","5.145","linux","default","candidate","0"
"supervisor","1","2","2000","15.563","16.722","128513","0.377","44.033","54.366","16","386","20.499","linux","default","candidate","0"
"supervisor","1","3","2000","17.273","62.871","115791","0.368","44.391","55.787","16","423","22.235","linux","default","candidate","0"
"supervisor","1","4","2000","4.277","5.963","467645","0.388","2.914","49.198","16","84","5.820","linux","default","candidate","0"
"supervisor","1","5","2000","10.126","12.599","197516","0.398","44.411","47.623","16","238","13.484","linux","default","candidate","0"
"supervisor","3","1","6000","18.426","61.082","325626","1.204","42.571","135.243","16","437","27.722","linux","default","candidate","0"
"supervisor","3","2","6000","8.632","11.093","695116","0.825","5.419","54.116","16","170","14.050","linux","default","candidate","0"
"supervisor","3","3","6000","9.483","12.240","632682","1.183","10.034","56.473","16","227","16.661","linux","default","candidate","0"
"supervisor","3","4","6000","14.883","17.827","403138","1.273","35.192","133.333","16","355","22.922","linux","default","candidate","0"
"supervisor","3","5","6000","10.836","12.970","553723","1.005","16.499","131.384","16","242","17.034","linux","default","candidate","0"
"supervisor","16","1","32000","30.983","35.467","1032821","10.648","49.558","70.379","16","755","62.974","linux","default","candidate","0"
"supervisor","16","2","32000","27.449","35.730","1165809","9.821","42.402","82.417","16","779","60.016","linux","default","candidate","0"
"supervisor","16","3","32000","27.994","34.548","1143106","10.051","49.110","81.899","16","772","59.767","linux","default","candidate","0"
"supervisor","16","4","32000","28.311","34.263","1130297","10.220","48.403","80.556","16","775","59.977","linux","default","candidate","0"
"supervisor","16","5","32000","28.101","36.210","1138751","10.259","48.841","78.466","16","786","58.728","linux","default","candidate","0"
"supervisor","1","1","2000","4.607","6.794","434106","0.458","2.861","63.236","16","98","6.823","linux","default","candidate","1"
"supervisor","1","2","2000","5.356","7.476","373431","0.358","4.974","45.641","16","128","8.292","linux","default","candidate","1"
"supervisor","1","3","2000","2.945","5.121","679070","0.348","2.801","34.358","16","84","5.365","linux","default","candidate","1"
"supervisor","1","4","2000","2.907","4.176","688036","0.329","2.731","37.269","16","70","4.770","linux","default","candidate","1"
"supervisor","1","5","2000","2.940","5.079","680290","0.319","2.791","40.926","16","66","4.670","linux","default","candidate","1"
"supervisor","3","1","6000","8.246","10.160","727610","1.127","6.728","54.106","16","192","14.478","linux","default","candidate","1"
"supervisor","3","2","6000","9.053","10.239","662780","1.296","6.389","67.440","16","196","15.137","linux","default","candidate","1"
"supervisor","3","3","6000","10.459","12.600","573666","0.818","18.420","80.978","16","222","15.961","linux","default","candidate","1"
"supervisor","3","4","6000","11.765","55.895","510000","0.827","18.659","59.376","16","304","17.557","linux","default","candidate","1"
"supervisor","3","5","6000","8.580","10.007","699275","0.937","6.848","53.007","16","181","13.811","linux","default","candidate","1"
"supervisor","16","1","32000","29.078","35.568","1100480","10.640","50.386","71.237","16","753","61.243","linux","default","candidate","1"
"supervisor","16","2","32000","30.096","36.750","1063265","10.740","54.036","83.113","16","770","62.611","linux","default","candidate","1"
"supervisor","16","3","32000","29.874","36.433","1071159","10.131","50.276","81.916","16","817","61.006","linux","default","candidate","1"
"supervisor","16","4","32000","27.918","34.785","1146230","10.101","49.938","81.341","16","779","58.138","linux","default","candidate","1"
"supervisor","16","5","32000","27.757","34.489","1152848","10.301","50.526","71.646","16","776","60.227","linux","default","candidate","1"
"manual","1","1","2000","8.921","10.802","224187","0.318","43.140","49.490","2","196","11.904","linux","two","baseline","0"
"manual","1","2","2000","5.005","7.298","399595","0.328","4.143","43.449","2","73","6.447","linux","two","baseline","0"
"manual","1","3","2000","6.489","8.872","308228","0.308","27.978","46.142","2","118","8.489","linux","two","baseline","0"
"manual","1","4","2000","6.349","8.918","315026","0.318","25.396","43.896","2","118","8.259","linux","two","baseline","0"
"manual","1","5","2000","2.881","4.547","694222","0.308","2.831","40.935","2","48","4.486","linux","two","baseline","0"
"manual","3","1","6000","19.663","21.962","305141","1.252","57.419","129.880","2","340","26.049","linux","two","baseline","0"
"manual","3","2","6000","8.918","54.004","672826","0.994","7.273","54.736","2","146","13.151","linux","two","baseline","0"
"manual","3","3","6000","7.987","10.695","751183","1.282","6.071","53.265","2","89","11.970","linux","two","baseline","0"
"manual","3","4","6000","11.306","13.601","530681","1.292","25.426","127.157","2","154","15.479","linux","two","baseline","0"
"manual","3","5","6000","7.856","9.777","763761","1.232","6.577","50.145","2","80","11.461","linux","two","baseline","0"
"manual","16","1","32000","30.465","32.614","1050387","10.214","44.134","99.913","2","178","51.370","linux","two","baseline","0"
"manual","16","2","32000","30.954","32.478","1033797","10.362","45.714","72.839","2","177","52.613","linux","two","baseline","0"
"manual","16","3","32000","31.366","33.808","1020205","10.273","43.826","90.862","2","202","52.504","linux","two","baseline","0"
"manual","16","4","32000","38.836","40.562","823986","10.324","51.477","159.736","2","338","60.944","linux","two","baseline","0"
"manual","16","5","32000","26.887","28.557","1190164","10.204","42.634","71.815","2","113","47.478","linux","two","baseline","0"
"manual","1","1","2000","4.249","5.763","470665","0.319","4.263","45.544","2","82","6.012","linux","two","baseline","1"
"manual","1","2","2000","4.095","6.484","488425","0.309","3.825","46.173","2","52","5.386","linux","two","baseline","1"
"manual","1","3","2000","5.291","7.878","377984","0.319","14.629","45.637","2","116","7.093","linux","two","baseline","1"
"manual","1","4","2000","3.225","5.917","620191","0.309","3.644","42.119","2","57","4.454","linux","two","baseline","1"
"manual","1","5","2000","2.758","4.542","725066","0.310","2.776","29.514","2","51","4.453","linux","two","baseline","1"
"manual","3","1","6000","9.228","12.471","650193","1.258","11.613","58.015","2","137","14.010","linux","two","baseline","1"
"manual","3","2","6000","8.421","9.762","712523","0.859","15.048","54.121","2","102","11.792","linux","two","baseline","1"
"manual","3","3","6000","15.372","17.796","390322","1.139","38.321","81.141","2","269","21.615","linux","two","baseline","1"
"manual","3","4","6000","35.241","80.666","170258","1.219","127.854","138.698","2","735","45.460","linux","two","baseline","1"
"manual","3","5","6000","15.667","58.039","382978","1.248","33.810","130.729","2","267","20.984","linux","two","baseline","1"
"manual","16","1","32000","30.660","33.342","1043716","10.335","42.048","107.324","2","186","52.016","linux","two","baseline","1"
"manual","16","2","32000","28.922","70.098","1106436","10.445","46.013","76.259","2","180","49.064","linux","two","baseline","1"
"manual","16","3","32000","27.506","30.298","1163368","10.035","43.367","66.383","2","130","47.088","linux","two","baseline","1"
"manual","16","4","32000","31.316","33.862","1021846","10.484","50.526","82.380","2","205","51.715","linux","two","baseline","1"
"manual","16","5","32000","29.313","31.701","1091674","10.475","45.773","66.533","2","159","49.414","linux","two","baseline","1"
"etherbird","1","1","2000","144.193","146.351","13870","68.394","95.252","151.513","2","5649","132.567","linux","two","baseline","0"
"etherbird","1","2","2000","133.758","135.905","14952","64.415","87.270","117.088","2","5226","127.727","linux","two","baseline","0"
"etherbird","1","3","2000","141.230","143.358","14161","67.678","93.372","144.175","2","5577","131.867","linux","two","baseline","0"
"etherbird","1","4","2000","148.261","148.261","13490","71.008","106.160","170.227","2","5617","134.251","linux","two","baseline","0"
"etherbird","1","5","2000","143.408","143.408","13946","67.936","98.791","146.193","2","5609","133.201","linux","two","baseline","0"
"etherbird","3","1","6000","126.869","126.870","47293","42.887","93.630","160.784","2","5169","168.272","linux","two","baseline","0"
"etherbird","3","2","6000","131.152","133.275","45748","44.796","97.509","148.838","2","5199","175.167","linux","two","baseline","0"
"etherbird","3","3","6000","131.197","131.198","45733","44.410","95.588","142.774","2","5117","175.859","linux","two","baseline","0"
"etherbird","3","4","6000","134.399","134.400","44643","46.988","96.872","149.103","2","5336","178.864","linux","two","baseline","0"
"etherbird","3","5","6000","132.430","132.431","45307","45.764","95.179","154.317","2","5309","176.377","linux","two","baseline","0"
"etherbird","16","1","32000","246.593","246.594","129769","102.703","198.668","301.145","2","9421","387.258","linux","two","baseline","0"
"etherbird","16","2","32000","232.205","232.206","137809","97.966","196.061","291.168","2","9497","374.036","linux","two","baseline","0"
"etherbird","16","3","32000","223.981","223.981","142869","94.294","191.961","249.905","2","9437","364.243","linux","two","baseline","0"
"etherbird","16","4","32000","223.521","223.522","143163","93.566","188.930","270.701","2","9253","362.189","linux","two","baseline","0"
"etherbird","16","5","32000","225.236","225.237","142073","94.342","185.439","245.022","2","9130","363.023","linux","two","baseline","0"
"etherbird","1","1","2000","152.707","152.708","13097","76.263","108.255","196.459","2","5637","137.579","linux","two","baseline","1"
"etherbird","1","2","2000","151.450","151.451","13206","73.906","112.037","179.005","2","5533","139.432","linux","two","baseline","1"
"etherbird","1","3","2000","150.367","150.368","13301","71.773","107.574","171.735","2","5504","139.827","linux","two","baseline","1"
"etherbird","1","4","2000","158.134","158.135","12647","77.532","116.403","226.687","2","5663","144.982","linux","two","baseline","1"
"etherbird","1","5","2000","154.909","157.026","12911","73.435","109.366","175.385","2","5593","143.117","linux","two","baseline","1"
"etherbird","3","1","6000","136.017","138.158","44112","50.593","99.783","174.525","2","5270","175.655","linux","two","baseline","1"
"etherbird","3","2","6000","136.460","136.461","43969","49.609","102.348","190.185","2","5203","179.515","linux","two","baseline","1"
"etherbird","3","3","6000","134.962","134.963","44457","48.960","96.180","158.154","2","5191","175.015","linux","two","baseline","1"
"etherbird","3","4","6000","135.286","135.287","44350","49.285","97.154","167.224","2","5367","178.124","linux","two","baseline","1"
"etherbird","3","5","6000","135.124","135.125","44404","49.954","99.436","166.073","2","5390","178.468","linux","two","baseline","1"
"etherbird","16","1","32000","236.288","236.289","135428","98.245","195.762","316.997","2","9462","375.731","linux","two","baseline","1"
"etherbird","16","2","32000","223.012","223.012","143490","93.602","187.312","284.230","2","8807","359.101","linux","two","baseline","1"
"etherbird","16","3","32000","236.132","236.133","135517","98.311","200.722","339.272","2","9039","376.017","linux","two","baseline","1"
"etherbird","16","4","32000","230.221","232.304","138997","95.571","192.037","312.557","2","9074","370.129","linux","two","baseline","1"
"etherbird","16","5","32000","235.140","235.141","136089","97.187","199.214","312.370","2","9368","373.306","linux","two","baseline","1"
"supervisor","1","1","2000","15.324","17.457","130517","0.457","43.975","60.418","2","335","19.265","linux","two","baseline","0"
"supervisor","1","2","2000","8.802","10.799","227233","0.377","42.733","45.982","2","202","11.921","linux","two","baseline","0"
"supervisor","1","3","2000","5.283","6.994","378554","0.358","13.851","43.499","2","114","7.313","linux","two","baseline","0"
"supervisor","1","4","2000","2.401","4.849","832935","0.318","2.613","26.300","2","27","3.744","linux","two","baseline","0"
"supervisor","1","5","2000","3.550","5.834","563341","0.338","2.802","43.756","2","47","5.010","linux","two","baseline","0"
"supervisor","3","1","6000","7.690","9.852","780223","0.964","5.604","54.576","2","70","11.542","linux","two","baseline","0"
"supervisor","3","2","6000","15.036","17.183","399035","1.312","36.782","128.240","2","219","20.355","linux","two","baseline","0"
"supervisor","3","3","6000","16.630","18.731","360799","1.172","41.174","128.399","2","215","22.044","linux","two","baseline","0"
"supervisor","3","4","6000","11.867","14.018","505589","0.904","10.820","128.757","2","162","16.652","linux","two","baseline","0"
"supervisor","3","5","6000","8.806","11.543","681321","1.262","6.080","59.734","2","98","12.903","linux","two","baseline","0"
"supervisor","16","1","32000","31.806","73.994","1006085","10.304","49.807","96.366","2","237","51.971","linux","two","baseline","0"
"supervisor","16","2","32000","30.519","32.412","1048525","10.273","42.415","74.865","2","194","51.053","linux","two","baseline","0"
"supervisor","16","3","32000","27.822","69.972","1150157","10.304","40.707","77.141","2","154","48.388","linux","two","baseline","0"
"supervisor","16","4","32000","30.008","32.528","1066375","10.085","42.395","81.154","2","183","51.236","linux","two","baseline","0"
"supervisor","16","5","32000","26.579","27.957","1203947","9.916","34.576","64.363","2","88","46.982","linux","two","baseline","0"
"supervisor","1","1","2000","8.616","11.010","232115","0.339","43.227","62.259","2","165","10.838","linux","two","baseline","1"
"supervisor","1","2","2000","4.868","6.774","410839","0.369","4.104","51.225","2","95","6.937","linux","two","baseline","1"
"supervisor","1","3","2000","6.091","8.794","328338","0.380","8.957","50.087","2","111","7.977","linux","two","baseline","1"
"supervisor","1","4","2000","2.709","4.584","738180","0.380","2.736","35.468","2","48","4.253","linux","two","baseline","1"
"supervisor","1","5","2000","2.602","5.385","768567","0.310","2.856","26.122","2","51","3.987","linux","two","baseline","1"
"supervisor","3","1","6000","16.447","56.889","364817","1.178","40.950","129.731","2","318","21.986","linux","two","baseline","1"
"supervisor","3","2","6000","9.268","53.849","647403","1.279","6.879","54.983","2","171","14.186","linux","two","baseline","1"
"supervisor","3","3","6000","8.769","11.333","684212","1.298","6.111","57.196","2","103","12.460","linux","two","baseline","1"
"supervisor","3","4","6000","8.445","52.039","710450","1.158","6.301","53.512","2","127","12.355","linux","two","baseline","1"
"supervisor","3","5","6000","17.854","20.688","336053","0.679","50.746","129.421","2","333","24.147","linux","two","baseline","1"
"supervisor","16","1","32000","30.182","32.112","1060218","10.195","41.340","84.777","2","163","51.154","linux","two","baseline","1"
"supervisor","16","2","32000","30.698","32.985","1042430","10.245","48.409","89.310","2","190","51.855","linux","two","baseline","1"
"supervisor","16","3","32000","35.214","38.212","908721","10.115","51.804","157.561","2","284","57.417","linux","two","baseline","1"
"supervisor","16","4","32000","29.191","31.085","1096220","10.185","49.648","85.834","2","159","48.534","linux","two","baseline","1"
"supervisor","16","5","32000","34.142","35.915","937252","10.285","53.049","149.551","2","252","54.405","linux","two","baseline","1"
"manual","1","1","2000","4.750","7.011","421009","0.449","4.546","44.452","2","97","6.833","linux","two","candidate","0"
"manual","1","2","2000","6.826","8.352","293016","0.319","37.921","44.153","2","159","9.225","linux","two","candidate","0"
"manual","1","3","2000","3.358","5.364","595677","0.439","2.842","42.398","2","80","5.172","linux","two","candidate","0"
"manual","1","4","2000","3.951","5.213","506209","0.309","3.729","43.707","2","56","4.989","linux","two","candidate","0"
"manual","1","5","2000","3.318","5.630","602773","0.319","2.772","43.146","2","48","4.611","linux","two","candidate","0"
"manual","3","1","6000","11.974","56.335","501099","1.177","25.995","82.004","2","230","17.151","linux","two","candidate","0"
"manual","3","2","6000","12.508","15.260","479679","1.237","26.234","95.201","2","204","17.328","linux","two","candidate","0"
"manual","3","3","6000","19.831","63.660","302562","0.848","61.313","130.871","2","413","25.446","linux","two","candidate","0"
"manual","3","4","6000","13.452","57.020","446037","0.698","28.219","128.607","2","245","18.496","linux","two","candidate","0"
"manual","3","5","6000","11.567","13.174","518696","1.107","15.770","90.582","2","159","16.324","linux","two","candidate","0"
"manual","16","1","32000","32.019","34.269","999417","10.633","51.241","74.143","2","187","52.251","linux","two","candidate","0"
"manual","16","2","32000","29.392","29.392","1088746","10.424","49.366","74.024","2","135","48.556","linux","two","candidate","0"
"manual","16","3","32000","29.854","31.539","1071875","10.423","50.732","76.179","2","163","48.831","linux","two","candidate","0"
"manual","16","4","32000","31.706","33.154","1009258","10.414","50.135","89.495","2","213","51.736","linux","two","candidate","0"
"manual","16","5","32000","33.197","35.252","963933","10.424","51.681","103.071","2","225","53.455","linux","two","candidate","0"
"manual","1","1","2000","7.073","51.760","282765","0.339","34.419","48.658","2","170","8.817","linux","two","candidate","1"
"manual","1","2","2000","4.090","5.740","489012","0.439","3.594","43.657","2","84","5.691","linux","two","candidate","1"
"manual","1","3","2000","2.649","3.857","755141","0.359","2.666","26.505","2","28","3.661","linux","two","candidate","1"
"manual","1","4","2000","3.376","5.651","592371","0.339","3.604","39.414","2","49","5.015","linux","two","candidate","1"
"manual","1","5","2000","3.263","5.928","612938","0.320","2.826","42.259","2","51","4.672","linux","two","candidate","1"
"manual","3","1","6000","17.161","19.292","349624","1.278","43.448","130.162","2","299","23.417","linux","two","candidate","1"
"manual","3","2","6000","19.762","22.079","303607","1.288","56.546","129.494","2","319","25.704","linux","two","candidate","1"
"manual","3","3","6000","14.316","56.631","419111","0.798","32.695","127.068","2","262","19.452","linux","two","candidate","1"
"manual","3","4","6000","10.718","12.505","559794","1.248","13.997","128.674","2","158","15.237","linux","two","candidate","1"
"manual","3","5","6000","11.075","13.189","541745","0.869","19.437","55.038","2","139","15.086","linux","two","candidate","1"
"manual","16","1","32000","43.087","85.597","742681","10.433","54.908","377.588","2","497","66.271","linux","two","candidate","1"
"manual","16","2","32000","33.042","75.872","968472","10.003","50.226","145.520","2","268","52.612","linux","two","candidate","1"
"manual","16","3","32000","28.966","30.375","1104745","10.392","43.777","83.899","2","136","49.304","linux","two","candidate","1"
"manual","16","4","32000","31.452","34.180","1017418","10.333","49.537","91.177","2","200","51.618","linux","two","candidate","1"
"manual","16","5","32000","29.103","30.885","1099534","10.453","46.493","76.432","2","140","49.295","linux","two","candidate","1"
"etherbird","1","1","2000","148.960","148.961","13426","81.747","111.100","138.681","2","5050","157.060","linux","two","candidate","0"
"etherbird","1","2","2000","151.549","151.550","13197","82.782","111.438","140.773","2","5070","158.549","linux","two","candidate","0"
"etherbird","1","3","2000","150.488","152.600","13290","85.650","112.106","143.359","2","5038","157.251","linux","two","candidate","0"
"etherbird","1","4","2000","148.876","148.876","13434","84.700","109.387","142.791","2","5166","153.214","linux","two","candidate","0"
"etherbird","1","5","2000","148.919","151.055","13430","83.844","111.369","142.014","2","5099","156.154","linux","two","candidate","0"
"etherbird","3","1","6000","136.526","138.659","43948","47.571","100.102","144.983","2","5327","185.226","linux","two","candidate","0"
"etherbird","3","2","6000","134.581","134.582","44583","47.351","99.535","153.919","2","5196","181.388","linux","two","candidate","0"
"etherbird","3","3","6000","132.496","134.607","45284","45.329","95.360","144.396","2","5311","178.565","linux","two","candidate","0"
"etherbird","3","4","6000","135.563","137.712","44260","50.549","99.714","146.119","2","5337","182.214","linux","two","candidate","0"
"etherbird","3","5","6000","132.643","134.766","45234","48.789","95.824","154.119","2","5347","178.675","linux","two","candidate","0"
"etherbird","16","1","32000","239.794","239.795","133448","98.446","202.632","334.478","2","9226","380.351","linux","two","candidate","0"
"etherbird","16","2","32000","234.595","234.596","136405","96.323","201.665","295.705","2","9170","375.129","linux","two","candidate","0"
"etherbird","16","3","32000","247.539","249.677","129273","110.904","203.669","325.877","2","9682","389.904","linux","two","candidate","0"
"etherbird","16","4","32000","246.996","246.997","129557","110.362","210.765","374.975","2","9532","388.592","linux","two","candidate","0"
"etherbird","16","5","32000","244.713","244.715","130765","107.520","205.256","324.157","2","9509","386.373","linux","two","candidate","0"
"etherbird","1","1","2000","148.683","148.684","13451","78.263","111.191","146.801","2","5133","152.645","linux","two","candidate","1"
"etherbird","1","2","2000","154.641","154.641","12933","84.837","111.828","138.741","2","5238","161.300","linux","two","candidate","1"
"etherbird","1","3","2000","157.756","159.881","12678","81.964","121.195","163.818","2","4803","161.284","linux","two","candidate","1"
"etherbird","1","4","2000","153.927","153.928","12993","82.492","113.721","165.017","2","4931","157.670","linux","two","candidate","1"
"etherbird","1","5","2000","155.566","157.729","12856","81.072","114.039","198.004","2","5102","156.186","linux","two","candidate","1"
"etherbird","3","1","6000","133.799","133.802","44843","50.450","106.172","144.044","2","4985","178.612","linux","two","candidate","1"
"etherbird","3","2","6000","132.122","134.234","45413","48.753","102.475","144.074","2","5106","179.977","linux","two","candidate","1"
"etherbird","3","3","6000","124.611","126.738","48150","45.061","98.743","142.008","2","4831","169.661","linux","two","candidate","1"
"etherbird","3","4","6000","125.651","125.652","47751","45.051","97.745","131.891","2","5011","169.382","linux","two","candidate","1"
"etherbird","3","5","6000","127.214","127.215","47165","44.163","99.960","150.859","2","4978","171.387","linux","two","candidate","1"
"etherbird","16","1","32000","256.058","256.060","124972","120.210","212.105","267.317","2","9671","404.908","linux","two","candidate","1"
"etherbird","16","2","32000","237.474","237.475","134752","104.120","190.156","250.540","2","9542","381.431","linux","two","candidate","1"
"etherbird","16","3","32000","245.661","245.662","130261","112.026","205.197","264.733","2","9600","391.983","linux","two","candidate","1"
"etherbird","16","4","32000","249.244","251.365","128388","114.511","202.452","282.927","2","9676","395.029","linux","two","candidate","1"
"etherbird","16","5","32000","236.417","236.419","135354","99.194","197.651","280.979","2","9277","375.236","linux","two","candidate","1"
"supervisor","1","1","2000","6.957","8.825","287500","0.319","40.114","45.928","2","137","9.160","linux","two","candidate","0"
"supervisor","1","2","2000","3.683","6.218","542972","0.369","2.732","43.847","2","57","5.291","linux","two","candidate","0"
"supervisor","1","3","2000","12.620","56.724","158479","0.469","43.225","48.913","2","316","16.367","linux","two","candidate","0"
"supervisor","1","4","2000","7.636","9.896","261910","0.329","42.787","47.952","2","135","9.735","linux","two","candidate","0"
"supervisor","1","5","2000","6.565","8.201","304656","0.349","39.178","44.675","2","136","8.811","linux","two","candidate","0"
"supervisor","3","1","6000","11.326","12.999","529767","1.346","26.643","94.907","2","174","16.838","linux","two","candidate","0"
"supervisor","3","2","6000","20.999","23.166","285727","1.356","46.995","129.337","2","390","27.565","linux","two","candidate","0"
"supervisor","3","3","6000","26.518","28.735","226264","1.316","83.549","130.863","2","474","34.533","linux","two","candidate","0"
"supervisor","3","4","6000","16.066","59.566","373465","0.718","42.488","129.108","2","305","21.615","linux","two","candidate","0"
"supervisor","3","5","6000","20.628","22.986","290870","1.027","49.209","127.812","2","365","27.422","linux","two","candidate","0"
"supervisor","16","1","32000","32.444","76.286","986314","10.171","49.557","99.165","2","269","53.757","linux","two","candidate","0"
"supervisor","16","2","32000","35.612","81.424","898578","10.160","51.422","166.720","2","320","56.468","linux","two","candidate","0"
"supervisor","16","3","32000","30.330","32.018","1055054","10.311","37.612","95.894","2","166","52.344","linux","two","candidate","0"
"supervisor","16","4","32000","30.908","33.290","1035346","10.240","42.777","99.953","2","184","52.023","linux","two","candidate","0"
"supervisor","16","5","32000","30.926","33.735","1034718","10.260","48.350","81.100","2","223","51.185","linux","two","candidate","0"
"supervisor","1","1","2000","3.213","5.744","622439","0.330","3.514","34.961","2","51","4.581","linux","two","candidate","1"
"supervisor","1","2","2000","3.545","5.798","564149","0.360","3.005","44.645","2","56","4.339","linux","two","candidate","1"
"supervisor","1","3","2000","7.760","10.152","257721","0.359","42.502","45.884","2","162","9.832","linux","two","candidate","1"
"supervisor","1","4","2000","6.693","7.982","298832","0.369","34.472","52.682","2","119","8.449","linux","two","candidate","1"
"supervisor","1","5","2000","3.389","5.066","590128","0.319","2.685","41.840","2","51","4.803","linux","two","candidate","1"
"supervisor","3","1","6000","17.461","18.617","343615","1.158","43.077","130.871","2","296","23.158","linux","two","candidate","1"
"supervisor","3","2","6000","10.674","12.786","562089","1.288","12.369","75.423","2","110","14.748","linux","two","candidate","1"
"supervisor","3","3","6000","11.627","13.545","516057","1.088","26.376","93.813","2","192","16.137","linux","two","candidate","1"
"supervisor","3","4","6000","15.770","59.118","380474","0.999","43.367","129.554","2","310","20.543","linux","two","candidate","1"
"supervisor","3","5","6000","9.167","11.557","654549","1.298","6.170","51.075","2","102","13.609","linux","two","candidate","1"
"supervisor","16","1","32000","29.518","31.329","1084090","10.322","46.492","75.953","2","134","48.426","linux","two","candidate","1"
"supervisor","16","2","32000","32.466","34.528","985650","10.443","44.206","86.845","2","249","54.227","linux","two","candidate","1"
"supervisor","16","3","32000","30.682","33.207","1042970","10.023","46.333","79.556","2","174","51.200","linux","two","candidate","1"
"supervisor","16","4","32000","27.003","29.859","1185073","10.293","35.431","63.274","2","100","48.755","linux","two","candidate","1"
"supervisor","16","5","32000","34.156","35.792","936866","10.293","52.033","114.358","2","224","54.735","linux","two","candidate","1"
"manual","1","1","2000","16.525","30.706","121030","0.300","121.000","125.700","1","3","16.014","windows","current","baseline","0"
"manual","1","2","2000","16.087","30.754","124322","0.300","120.200","125.000","1","3","15.989","windows","current","baseline","0"
"manual","1","3","2000","15.474","31.663","129251","0.300","119.900","122.300","1","3","15.347","windows","current","baseline","0"
"manual","1","4","2000","15.010","32.080","133246","0.300","119.800","120.600","1","3","14.899","windows","current","baseline","0"
"manual","1","5","2000","15.048","31.287","132905","0.300","119.700","122.000","1","3","14.934","windows","current","baseline","0"
"manual","3","1","6000","44.834","61.760","133827","0.300","136.300","143.400","1","4","44.250","windows","current","baseline","0"
"manual","3","2","6000","45.793","62.382","131024","0.300","135.400","141.500","1","3","45.208","windows","current","baseline","0"
"manual","3","3","6000","45.687","60.296","131330","0.300","135.300","141.800","1","3","45.151","windows","current","baseline","0"
"manual","3","4","6000","48.471","61.090","123785","0.300","135.900","153.400","1","3","47.846","windows","current","baseline","0"
"manual","3","5","6000","45.211","47.560","132713","0.300","135.300","141.100","1","3","44.657","windows","current","baseline","0"
"manual","16","1","32000","245.058","261.464","130581","0.300","236.000","298.100","1","3","242.290","windows","current","baseline","0"
"manual","16","2","32000","244.576","248.046","130839","0.300","236.700","281.100","1","3","242.022","windows","current","baseline","0"
"manual","16","3","32000","246.659","261.948","129734","0.300","236.400","333.600","1","3","243.594","windows","current","baseline","0"
"manual","16","4","32000","245.287","248.176","130459","0.300","236.700","309.400","1","3","242.738","windows","current","baseline","0"
"manual","16","5","32000","245.663","249.777","130260","0.300","235.900","292.900","1","3","243.017","windows","current","baseline","0"
"manual","1","1","2000","16.236","31.493","123181","0.300","118.600","122.100","1","3","16.102","windows","current","baseline","1"
"manual","1","2","2000","15.707","31.336","127328","0.300","117.800","120.900","1","3","15.564","windows","current","baseline","1"
"manual","1","3","2000","14.454","31.002","138373","0.300","118.000","118.500","1","3","14.339","windows","current","baseline","1"
"manual","1","4","2000","15.299","31.636","130731","0.300","118.100","120.200","1","3","15.186","windows","current","baseline","1"
"manual","1","5","2000","15.336","29.728","130409","0.300","118.000","121.200","1","3","15.211","windows","current","baseline","1"
"manual","3","1","6000","44.635","62.020","134425","0.300","132.700","139.800","1","3","44.026","windows","current","baseline","1"
"manual","3","2","6000","45.986","61.935","130474","0.300","132.900","142.300","1","3","45.363","windows","current","baseline","1"
"manual","3","3","6000","44.224","46.331","135673","0.300","132.700","137.900","1","3","43.705","windows","current","baseline","1"
"manual","3","4","6000","44.950","61.496","133483","0.300","133.900","143.100","1","3","44.382","windows","current","baseline","1"
"manual","3","5","6000","44.185","46.688","135794","0.300","132.800","138.200","1","3","43.691","windows","current","baseline","1"
"manual","16","1","32000","241.027","248.788","132765","0.300","231.500","291.600","1","3","237.483","windows","current","baseline","1"
"manual","16","2","32000","238.258","250.047","134308","0.300","230.600","253.600","1","3","235.747","windows","current","baseline","1"
"manual","16","3","32000","238.857","246.521","133971","0.300","230.800","253.900","1","3","236.415","windows","current","baseline","1"
"manual","16","4","32000","242.447","249.734","131988","0.300","231.700","369.300","1","3","239.826","windows","current","baseline","1"
"manual","16","5","32000","241.650","248.066","132423","0.300","231.200","335.400","1","3","238.677","windows","current","baseline","1"
"etherbird","1","1","2000","24.470","30.943","81734","11.900","12.300","19.200","1","2","20.665","windows","current","baseline","0"
"etherbird","1","2","2000","24.086","31.459","83036","11.600","11.900","15.700","1","2","20.299","windows","current","baseline","0"
"etherbird","1","3","2000","24.640","30.845","81169","11.500","11.800","15.400","1","2","20.586","windows","current","baseline","0"
"etherbird","1","4","2000","23.458","31.105","85259","11.500","11.700","16.100","1","2","19.734","windows","current","baseline","0"
"etherbird","1","5","2000","24.629","30.023","81204","11.500","14.000","18.300","1","2","20.821","windows","current","baseline","0"
"etherbird","3","1","6000","63.231","77.647","94891","29.900","32.200","65.300","1","2","59.389","windows","current","baseline","0"
"etherbird","3","2","6000","62.135","78.313","96565","29.900","31.900","60.700","1","2","58.292","windows","current","baseline","0"
"etherbird","3","3","6000","63.656","77.057","94256","30.000","35.900","85.900","1","2","59.597","windows","current","baseline","0"
"etherbird","3","4","6000","63.246","77.653","94867","29.900","38.800","62.100","1","2","59.183","windows","current","baseline","0"
"etherbird","3","5","6000","63.076","76.326","95124","29.900","32.700","62.000","1","2","59.006","windows","current","baseline","0"
"etherbird","16","1","32000","310.098","311.178","103193","149.000","165.600","320.000","1","2","305.319","windows","current","baseline","0"
"etherbird","16","2","32000","308.324","310.583","103787","149.000","160.900","309.900","1","2","304.260","windows","current","baseline","0"
"etherbird","16","3","32000","311.263","313.023","102807","149.000","174.200","311.000","1","2","307.100","windows","current","baseline","0"
"etherbird","16","4","32000","310.508","324.638","103057","149.100","165.900","330.800","1","2","305.482","windows","current","baseline","0"
"etherbird","16","5","32000","310.380","326.496","103099","149.100","166.800","328.000","1","2","306.186","windows","current","baseline","0"
"etherbird","1","1","2000","24.072","30.878","83084","11.900","12.200","15.100","1","2","20.341","windows","current","baseline","1"
"etherbird","1","2","2000","24.758","30.581","80781","11.600","16.900","23.600","1","2","20.904","windows","current","baseline","1"
"etherbird","1","3","2000","24.797","31.980","80656","11.600","14.700","23.900","1","2","20.870","windows","current","baseline","1"
"etherbird","1","4","2000","26.147","31.664","76491","11.600","15.600","23.700","1","2","22.046","windows","current","baseline","1"
"etherbird","1","5","2000","24.376","31.436","82048","11.600","12.700","23.700","1","2","20.402","windows","current","baseline","1"
"etherbird","3","1","6000","65.223","77.506","91992","30.000","35.300","76.200","1","2","61.151","windows","current","baseline","1"
"etherbird","3","2","6000","63.841","78.937","93983","29.900","32.800","65.800","1","2","59.175","windows","current","baseline","1"
"etherbird","3","3","6000","61.149","76.352","98121","29.900","30.600","45.500","1","2","57.420","windows","current","baseline","1"
"etherbird","3","4","6000","62.399","77.575","96155","29.900","31.800","61.000","1","2","58.197","windows","current","baseline","1"
"etherbird","3","5","6000","63.690","76.817","94206","30.000","32.300","63.200","1","2","59.853","windows","current","baseline","1"
"etherbird","16","1","32000","312.041","325.575","102551","149.000","168.900","317.600","1","2","307.753","windows","current","baseline","1"
"etherbird","16","2","32000","308.560","312.613","103707","149.000","162.900","310.600","1","2","304.454","windows","current","baseline","1"
"etherbird","16","3","32000","310.741","325.759","102980","149.000","172.400","316.200","1","2","305.964","windows","current","baseline","1"
"etherbird","16","4","32000","310.356","324.481","103107","149.300","181.600","274.700","1","2","305.845","windows","current","baseline","1"
"etherbird","16","5","32000","306.912","309.420","104264","149.100","164.400","282.400","1","2","302.709","windows","current","baseline","1"
"supervisor","1","1","2000","15.280","30.582","130894","0.300","121.300","127.100","1","3","15.182","windows","current","baseline","0"
"supervisor","1","2","2000","16.339","30.320","122404","0.300","120.200","160.900","1","3","16.109","windows","current","baseline","0"
"supervisor","1","3","2000","15.553","30.298","128590","0.300","120.200","128.300","1","3","15.402","windows","current","baseline","0"
"supervisor","1","4","2000","15.750","30.811","126983","0.300","120.100","123.600","1","4","15.602","windows","current","baseline","0"
"supervisor","1","5","2000","15.232","31.469","131303","0.300","120.100","122.800","1","3","15.119","windows","current","baseline","0"
"supervisor","3","1","6000","47.101","63.337","127384","0.300","136.400","144.700","1","3","46.535","windows","current","baseline","0"
"supervisor","3","2","6000","46.188","62.465","129905","0.300","135.800","144.200","1","3","45.599","windows","current","baseline","0"
"supervisor","3","3","6000","46.724","61.233","128415","0.300","135.800","144.900","1","3","45.571","windows","current","baseline","0"
"supervisor","3","4","6000","46.699","62.491","128483","0.300","136.100","146.700","1","3","46.211","windows","current","baseline","0"
"supervisor","3","5","6000","46.154","61.294","129999","0.300","135.300","141.400","1","3","45.632","windows","current","baseline","0"
"supervisor","16","1","32000","253.742","260.543","126113","0.300","238.900","336.400","1","3","250.470","windows","current","baseline","0"
"supervisor","16","2","32000","246.021","262.601","130070","0.300","237.500","359.200","1","3","243.360","windows","current","baseline","0"
"supervisor","16","3","32000","240.960","249.132","132802","0.300","232.200","304.600","1","3","238.377","windows","current","baseline","0"
"supervisor","16","4","32000","241.757","248.127","132364","0.300","231.700","301.700","1","3","238.676","windows","current","baseline","0"
"supervisor","16","5","32000","239.941","246.067","133366","0.300","231.800","272.300","1","3","237.404","windows","current","baseline","0"
"supervisor","1","1","2000","14.880","30.721","134412","0.300","118.500","122.800","1","3","14.766","windows","current","baseline","1"
"supervisor","1","2","2000","16.603","31.450","120462","0.300","117.800","124.800","1","3","16.537","windows","current","baseline","1"
"supervisor","1","3","2000","15.126","29.942","132225","0.300","118.100","118.700","1","3","15.164","windows","current","baseline","1"
"supervisor","1","4","2000","15.534","30.278","128751","0.300","117.700","120.900","1","3","15.403","windows","current","baseline","1"
"supervisor","1","5","2000","15.102","31.948","132431","0.300","118.300","119.400","1","3","14.982","windows","current","baseline","1"
"supervisor","3","1","6000","45.421","61.548","132097","0.300","134.200","148.900","1","3","44.794","windows","current","baseline","1"
"supervisor","3","2","6000","44.582","47.550","134584","0.300","133.100","138.300","1","3","44.005","windows","current","baseline","1"
"supervisor","3","3","6000","46.102","48.356","130146","0.300","133.400","140.000","1","3","45.490","windows","current","baseline","1"
"supervisor","3","4","6000","47.017","60.481","127614","0.300","133.700","145.700","1","3","46.398","windows","current","baseline","1"
"supervisor","3","5","6000","45.013","61.384","133295","0.300","133.000","140.000","1","4","44.473","windows","current","baseline","1"
"supervisor","16","1","32000","239.516","249.906","133603","0.300","231.200","289.000","1","3","236.859","windows","current","baseline","1"
"supervisor","16","2","32000","239.334","245.047","133704","0.300","231.300","267.300","1","3","236.813","windows","current","baseline","1"
"supervisor","16","3","32000","244.407","247.346","130929","0.300","232.000","381.100","1","3","241.234","windows","current","baseline","1"
"supervisor","16","4","32000","238.770","247.803","134020","0.300","231.100","261.800","1","3","236.262","windows","current","baseline","1"
"supervisor","16","5","32000","240.116","248.148","133269","0.300","231.700","264.300","1","3","237.579","windows","current","baseline","1"
"manual","1","1","2000","14.786","31.137","135263","0.300","118.500","119.200","1","4","14.670","windows","current","candidate","0"
"manual","1","2","2000","15.849","30.787","126189","0.300","118.100","120.100","1","3","15.716","windows","current","candidate","0"
"manual","1","3","2000","15.774","30.230","126787","0.300","118.400","120.100","1","3","15.636","windows","current","candidate","0"
"manual","1","4","2000","15.703","30.836","127363","0.300","118.000","124.000","1","3","15.535","windows","current","candidate","0"
"manual","1","5","2000","15.073","31.832","132684","0.300","118.400","119.600","1","3","14.951","windows","current","candidate","0"
"manual","3","1","6000","45.510","60.870","131841","0.300","134.200","141.000","1","3","45.038","windows","current","candidate","0"
"manual","3","2","6000","45.132","61.575","132944","0.300","132.800","140.200","1","3","44.538","windows","current","candidate","0"
"manual","3","3","6000","45.121","46.957","132976","0.300","132.800","138.400","1","3","44.528","windows","current","candidate","0"
"manual","3","4","6000","44.101","47.073","136052","0.300","133.000","139.300","1","3","43.527","windows","current","candidate","0"
"manual","3","5","6000","44.700","46.228","134227","0.300","133.100","139.500","1","3","44.166","windows","current","candidate","0"
"manual","16","1","32000","246.684","261.174","129721","0.300","233.900","295.900","1","3","243.744","windows","current","candidate","0"
"manual","16","2","32000","244.776","248.722","130732","0.300","232.300","336.400","1","3","241.176","windows","current","candidate","0"
"manual","16","3","32000","245.162","248.282","130526","0.300","232.000","340.400","1","3","242.176","windows","current","candidate","0"
"manual","16","4","32000","242.301","248.445","132067","0.300","231.100","361.500","1","3","239.642","windows","current","candidate","0"
"manual","16","5","32000","245.262","262.422","130473","0.300","231.800","375.300","1","4","242.556","windows","current","candidate","0"
"manual","1","1","2000","16.336","30.668","122427","0.300","119.400","126.800","1","3","16.178","windows","current","candidate","1"
"manual","1","2","2000","14.877","16.051","134440","0.300","118.300","121.600","1","3","14.763","windows","current","candidate","1"
"manual","1","3","2000","14.864","30.429","134554","0.300","118.300","121.500","1","3","14.804","windows","current","candidate","1"
"manual","1","4","2000","14.673","30.097","136308","0.300","118.500","121.300","1","3","14.564","windows","current","candidate","1"
"manual","1","5","2000","15.523","31.384","128838","0.300","118.400","120.300","1","3","15.413","windows","current","candidate","1"
"manual","3","1","6000","44.942","61.376","133507","0.300","133.200","139.900","1","4","44.380","windows","current","candidate","1"
"manual","3","2","6000","46.113","61.309","130115","0.300","133.600","145.100","1","3","45.030","windows","current","candidate","1"
"manual","3","3","6000","43.799","47.150","136989","0.300","133.600","138.800","1","3","43.261","windows","current","candidate","1"
"manual","3","4","6000","44.807","47.411","133906","0.300","135.800","145.000","1","3","44.240","windows","current","candidate","1"
"manual","3","5","6000","45.784","61.769","131051","0.300","133.700","140.300","1","3","44.913","windows","current","candidate","1"
"manual","16","1","32000","238.596","248.265","134118","0.300","231.900","254.900","1","3","235.883","windows","current","candidate","1"
"manual","16","2","32000","242.976","249.055","131700","0.300","231.700","315.300","1","3","240.292","windows","current","candidate","1"
"manual","16","3","32000","243.988","252.473","131154","0.300","231.900","287.100","1","3","241.346","windows","current","candidate","1"
"manual","16","4","32000","240.698","246.436","132947","0.300","231.800","362.600","1","3","237.660","windows","current","candidate","1"
"manual","16","5","32000","238.405","249.473","134225","0.300","231.600","261.000","1","3","235.836","windows","current","candidate","1"
"etherbird","1","1","2000","24.702","31.973","80967","11.800","17.200","23.900","1","2","20.883","windows","current","candidate","0"
"etherbird","1","2","2000","25.679","30.874","77885","11.600","22.500","24.200","1","2","21.553","windows","current","candidate","0"
"etherbird","1","3","2000","24.901","30.939","80318","11.600","13.500","23.800","1","2","20.981","windows","current","candidate","0"
"etherbird","1","4","2000","24.943","30.055","80184","11.600","12.400","23.500","1","2","21.019","windows","current","candidate","0"
"etherbird","1","5","2000","24.444","30.873","81819","11.500","15.500","23.500","1","2","20.587","windows","current","candidate","0"
"etherbird","3","1","6000","60.558","77.185","99079","29.600","32.200","40.600","1","3","56.642","windows","current","candidate","0"
"etherbird","3","2","6000","66.982","77.999","89576","29.700","40.300","65.400","1","2","62.338","windows","current","candidate","0"
"etherbird","3","3","6000","64.565","78.526","92929","29.700","32.700","82.200","1","2","60.586","windows","current","candidate","0"
"etherbird","3","4","6000","61.497","76.927","97565","29.600","32.000","59.900","1","2","57.654","windows","current","candidate","0"
"etherbird","3","5","6000","63.235","78.131","94884","29.600","31.700","61.500","1","2","58.629","windows","current","candidate","0"
"etherbird","16","1","32000","310.363","325.827","103105","147.300","162.900","416.100","1","2","306.143","windows","current","candidate","0"
"etherbird","16","2","32000","305.667","310.922","104689","147.200","159.300","312.800","1","2","301.566","windows","current","candidate","0"
"etherbird","16","3","32000","305.707","310.561","104675","147.500","164.400","308.200","1","2","301.546","windows","current","candidate","0"
"etherbird","16","4","32000","306.592","311.963","104373","147.300","162.800","309.000","1","2","301.775","windows","current","candidate","0"
"etherbird","16","5","32000","303.729","314.407","105357","147.300","158.600","298.800","1","2","299.661","windows","current","candidate","0"
"etherbird","1","1","2000","24.291","30.647","82333","11.900","12.200","17.100","1","2","20.460","windows","current","candidate","1"
"etherbird","1","2","2000","25.340","31.488","78928","11.600","14.600","23.800","1","2","21.425","windows","current","candidate","1"
"etherbird","1","3","2000","24.642","30.615","81162","11.600","14.200","29.300","1","2","20.768","windows","current","candidate","1"
"etherbird","1","4","2000","25.137","31.724","79564","11.600","12.600","23.900","1","2","21.267","windows","current","candidate","1"
"etherbird","1","5","2000","25.430","30.171","78647","11.600","16.700","23.900","1","2","21.585","windows","current","candidate","1"
"etherbird","3","1","6000","62.864","77.104","95444","29.800","32.100","60.400","1","2","58.649","windows","current","candidate","1"
"etherbird","3","2","6000","61.389","63.513","97738","29.800","30.600","58.000","1","2","57.619","windows","current","candidate","1"
"etherbird","3","3","6000","63.389","77.291","94654","29.700","34.400","66.200","1","2","59.434","windows","current","candidate","1"
"etherbird","3","4","6000","61.073","75.459","98243","29.700","31.800","52.700","1","2","57.247","windows","current","candidate","1"
"etherbird","3","5","6000","61.864","78.475","96987","29.800","32.800","59.300","1","3","58.025","windows","current","candidate","1"
"etherbird","16","1","32000","314.296","327.108","101815","148.200","206.300","334.300","1","2","309.435","windows","current","candidate","1"
"etherbird","16","2","32000","316.392","322.569","101140","148.100","213.600","339.200","1","2","310.955","windows","current","candidate","1"
"etherbird","16","3","32000","307.802","323.327","103963","148.300","164.700","308.200","1","2","303.491","windows","current","candidate","1"
"etherbird","16","4","32000","313.037","325.480","102224","148.400","182.300","325.400","1","2","308.708","windows","current","candidate","1"
"etherbird","16","5","32000","310.396","313.109","103094","148.200","175.600","348.100","1","2","305.542","windows","current","candidate","1"
"supervisor","1","1","2000","15.288","30.568","130822","0.300","118.600","124.100","1","3","15.258","windows","current","candidate","0"
"supervisor","1","2","2000","15.078","29.714","132641","0.300","117.600","121.100","1","3","14.968","windows","current","candidate","0"
"supervisor","1","3","2000","14.826","30.907","134898","0.300","117.500","119.100","1","3","14.717","windows","current","candidate","0"
"supervisor","1","4","2000","14.943","30.970","133838","0.300","117.500","118.200","1","3","14.843","windows","current","candidate","0"
"supervisor","1","5","2000","14.518","30.827","137764","0.300","118.300","118.800","1","4","14.398","windows","current","candidate","0"
"supervisor","3","1","6000","44.924","61.838","133559","0.300","132.200","138.900","1","3","44.362","windows","current","candidate","0"
"supervisor","3","2","6000","44.494","46.526","134849","0.300","132.500","139.300","1","3","43.984","windows","current","candidate","0"
"supervisor","3","3","6000","45.823","60.880","130940","0.300","133.200","140.400","1","3","45.254","windows","current","candidate","0"
"supervisor","3","4","6000","45.096","46.704","133050","0.300","132.600","143.200","1","3","44.525","windows","current","candidate","0"
"supervisor","3","5","6000","45.458","46.565","131990","0.300","132.200","138.000","1","3","44.186","windows","current","candidate","0"
"supervisor","16","1","32000","242.493","247.103","131963","0.300","231.800","320.800","1","3","239.815","windows","current","candidate","0"
"supervisor","16","2","32000","241.734","246.013","132377","0.300","230.800","325.500","1","3","239.122","windows","current","candidate","0"
"supervisor","16","3","32000","238.860","248.210","133970","0.300","231.200","280.500","1","3","236.236","windows","current","candidate","0"
"supervisor","16","4","32000","239.456","245.429","133636","0.300","231.300","277.400","1","3","236.330","windows","current","candidate","0"
"supervisor","16","5","32000","240.071","247.715","133294","0.300","230.800","289.000","1","3","237.499","windows","current","candidate","0"
"supervisor","1","1","2000","15.206","30.664","131528","0.300","118.200","120.000","1","3","15.094","windows","current","candidate","1"
"supervisor","1","2","2000","14.833","30.296","134836","0.300","117.700","119.400","1","3","14.834","windows","current","candidate","1"
"supervisor","1","3","2000","14.754","30.730","135558","0.300","117.700","119.200","1","3","14.641","windows","current","candidate","1"
"supervisor","1","4","2000","14.732","31.291","135755","0.300","117.700","118.300","1","3","14.643","windows","current","candidate","1"
"supervisor","1","5","2000","15.082","29.780","132610","0.300","117.900","118.600","1","3","14.969","windows","current","candidate","1"
"supervisor","3","1","6000","44.032","46.167","136266","0.300","132.700","139.500","1","3","43.503","windows","current","candidate","1"
"supervisor","3","2","6000","44.674","46.537","134307","0.300","132.700","138.800","1","3","44.130","windows","current","candidate","1"
"supervisor","3","3","6000","44.428","61.068","135049","0.300","132.700","139.000","1","3","43.922","windows","current","candidate","1"
"supervisor","3","4","6000","44.195","61.363","135763","0.300","132.800","138.100","1","3","43.709","windows","current","candidate","1"
"supervisor","3","5","6000","45.604","47.447","131568","0.300","133.100","144.400","1","3","45.082","windows","current","candidate","1"
"supervisor","16","1","32000","240.609","246.501","132996","0.300","232.300","295.600","1","3","237.868","windows","current","candidate","1"
"supervisor","16","2","32000","241.532","249.349","132488","0.300","231.500","299.700","1","3","238.483","windows","current","candidate","1"
"supervisor","16","3","32000","238.817","248.180","133994","0.300","231.500","296.900","1","3","236.448","windows","current","candidate","1"
"supervisor","16","4","32000","239.430","245.522","133651","0.300","231.600","277.200","1","3","236.985","windows","current","candidate","1"
"supervisor","16","5","32000","239.522","249.442","133599","0.300","231.700","266.100","1","3","237.089","windows","current","candidate","1"
"manual","1","1","2000","14.554","30.443","137417","8.500","15.000","19.300","16","2693","18.755","windows","default","baseline","0"
"manual","1","2","2000","22.152","30.314","90283","9.700","33.700","41.500","16","2589","28.199","windows","default","baseline","0"
"manual","1","3","2000","15.377","30.321","130067","7.800","15.500","31.100","16","3072","19.821","windows","default","baseline","0"
"manual","1","4","2000","15.171","31.359","131832","8.400","11.700","16.900","16","3534","19.241","windows","default","baseline","0"
"manual","1","5","2000","15.492","30.069","129103","8.700","11.800","19.000","16","3467","19.726","windows","default","baseline","0"
"manual","3","1","6000","46.044","62.411","130311","22.200","26.600","51.600","16","10164","58.216","windows","default","baseline","0"
"manual","3","2","6000","44.641","46.772","134407","21.900","26.200","43.800","16","10263","56.919","windows","default","baseline","0"
"manual","3","3","6000","45.989","60.894","130466","22.600","27.300","34.400","16","10616","58.279","windows","default","baseline","0"
"manual","3","4","6000","46.081","62.476","130206","22.700","26.200","40.400","16","10637","57.851","windows","default","baseline","0"
"manual","3","5","6000","44.822","46.879","133863","21.600","25.800","35.600","16","10478","57.249","windows","default","baseline","0"
"manual","16","1","32000","249.775","260.355","128115","116.300","189.500","329.800","16","48616","321.540","windows","default","baseline","0"
"manual","16","2","32000","240.880","248.512","132846","114.900","128.800","359.800","16","55687","305.251","windows","default","baseline","0"
"manual","16","3","32000","238.519","248.328","134161","115.200","130.400","278.100","16","54466","303.850","windows","default","baseline","0"
"manual","16","4","32000","240.373","246.231","133126","115.300","126.900","296.500","16","55140","306.167","windows","default","baseline","0"
"manual","16","5","32000","236.006","248.922","135590","115.100","126.500","266.700","16","52748","303.783","windows","default","baseline","0"
"manual","1","1","2000","15.482","31.316","129180","7.500","10.600","15.100","16","3285","19.530","windows","default","baseline","1"
"manual","1","2","2000","16.039","30.347","124696","7.700","16.200","25.400","16","2959","20.884","windows","default","baseline","1"
"manual","1","3","2000","15.267","31.759","131002","8.300","14.000","20.200","16","3412","19.654","windows","default","baseline","1"
"manual","1","4","2000","15.155","30.943","131971","8.600","11.500","15.800","16","3576","19.350","windows","default","baseline","1"
"manual","1","5","2000","14.860","30.602","134592","8.600","11.300","16.700","16","3602","19.025","windows","default","baseline","1"
"manual","3","1","6000","44.538","61.569","134718","21.700","26.000","32.400","16","10317","57.304","windows","default","baseline","1"
"manual","3","2","6000","45.711","62.954","131260","22.300","26.300","47.000","16","10264","58.169","windows","default","baseline","1"
"manual","3","3","6000","45.476","47.487","131939","21.700","26.700","36.200","16","10727","57.651","windows","default","baseline","1"
"manual","3","4","6000","45.691","60.889","131316","21.600","25.800","34.200","16","10837","57.789","windows","default","baseline","1"
"manual","3","5","6000","44.580","47.629","134589","21.800","26.600","38.700","16","10104","56.922","windows","default","baseline","1"
"manual","16","1","32000","234.382","246.407","136529","114.100","126.800","233.800","16","52418","300.641","windows","default","baseline","1"
"manual","16","2","32000","236.883","250.287","135088","117.600","126.700","231.200","16","53485","301.692","windows","default","baseline","1"
"manual","16","3","32000","238.891","249.390","133952","115.100","126.500","303.800","16","54994","302.626","windows","default","baseline","1"
"manual","16","4","32000","237.527","250.299","134721","117.000","126.800","228.500","16","55415","302.117","windows","default","baseline","1"
"manual","16","5","32000","241.938","248.701","132265","116.400","134.000","298.500","16","54537","307.229","windows","default","baseline","1"
"etherbird","1","1","2000","14.037","30.782","142485","3.200","15.000","56.900","16","4800","26.497","windows","default","baseline","0"
"etherbird","1","2","2000","15.516","31.390","128902","3.500","19.500","30.700","16","4970","28.202","windows","default","baseline","0"
"etherbird","1","3","2000","20.650","30.897","96852","9.100","23.300","29.400","16","4885","37.058","windows","default","baseline","0"
"etherbird","1","4","2000","21.455","29.890","93217","9.500","23.900","30.300","16","5061","38.152","windows","default","baseline","0"
"etherbird","1","5","2000","17.671","31.498","113182","7.500","21.400","27.000","16","4843","32.706","windows","default","baseline","0"
"etherbird","3","1","6000","38.703","46.622","155028","9.000","112.100","123.000","16","12250","73.383","windows","default","baseline","0"
"etherbird","3","2","6000","40.476","40.477","148235","11.100","111.000","126.900","16","9990","80.683","windows","default","baseline","0"
"etherbird","3","3","6000","41.169","52.541","145740","11.200","111.400","128.600","16","10130","82.895","windows","default","baseline","0"
"etherbird","3","4","6000","41.294","46.607","145298","12.100","111.000","133.200","16","10084","84.005","windows","default","baseline","0"
"etherbird","3","5","6000","41.446","45.561","144765","11.600","111.000","132.000","16","9975","83.496","windows","default","baseline","0"
"etherbird","16","1","32000","209.234","209.235","152939","72.900","185.200","229.900","16","58991","412.490","windows","default","baseline","0"
"etherbird","16","2","32000","207.743","207.743","154037","69.400","179.600","238.400","16","63027","401.843","windows","default","baseline","0"
"etherbird","16","3","32000","208.283","208.284","153637","67.300","178.000","289.900","16","65101","400.162","windows","default","baseline","0"
"etherbird","16","4","32000","205.318","213.628","155855","67.000","175.500","226.500","16","64909","397.282","windows","default","baseline","0"
"etherbird","16","5","32000","203.484","218.142","157260","63.500","169.600","219.000","16","65606","390.968","windows","default","baseline","0"
"etherbird","1","1","2000","13.308","15.633","150283","3.100","13.500","105.500","16","4897","25.251","windows","default","baseline","1"
"etherbird","1","2","2000","13.380","15.535","149475","3.400","12.900","22.300","16","5100","25.407","windows","default","baseline","1"
"etherbird","1","3","2000","13.543","15.636","147681","3.400","13.100","21.800","16","4984","25.632","windows","default","baseline","1"
"etherbird","1","4","2000","13.598","30.516","147080","3.400","13.400","24.600","16","5036","25.727","windows","default","baseline","1"
"etherbird","1","5","2000","14.819","16.495","134966","3.400","14.900","34.800","16","5062","26.974","windows","default","baseline","1"
"etherbird","3","1","6000","39.519","46.788","151825","8.800","114.000","125.300","16","12859","73.253","windows","default","baseline","1"
"etherbird","3","2","6000","38.360","46.332","156412","8.800","113.600","123.400","16","12728","71.639","windows","default","baseline","1"
"etherbird","3","3","6000","38.367","47.602","156383","8.800","113.700","123.200","16","13019","71.758","windows","default","baseline","1"
"etherbird","3","4","6000","38.348","47.870","156463","8.600","113.100","121.500","16","13037","70.672","windows","default","baseline","1"
"etherbird","3","5","6000","38.784","45.426","154702","8.800","112.900","121.700","16","12626","71.961","windows","default","baseline","1"
"etherbird","16","1","32000","205.197","217.461","155947","60.400","168.300","273.500","16","69048","386.541","windows","default","baseline","1"
"etherbird","16","2","32000","207.808","207.809","153988","63.000","171.600","312.500","16","68266","393.250","windows","default","baseline","1"
"etherbird","16","3","32000","204.430","204.431","156532","60.700","169.500","227.900","16","68408","388.557","windows","default","baseline","1"
"etherbird","16","4","32000","206.193","206.194","155194","62.800","170.900","275.600","16","67284","391.426","windows","default","baseline","1"
"etherbird","16","5","32000","204.969","204.969","156121","61.600","169.200","240.500","16","68265","388.012","windows","default","baseline","1"
"supervisor","1","1","2000","14.445","30.957","138455","7.900","12.900","17.700","16","2991","18.617","windows","default","baseline","0"
"supervisor","1","2","2000","15.030","31.585","133065","8.600","12.900","18.900","16","3512","18.821","windows","default","baseline","0"
"supervisor","1","3","2000","14.412","30.839","138775","8.700","10.900","15.900","16","3575","18.518","windows","default","baseline","0"
"supervisor","1","4","2000","14.476","15.975","138161","8.800","11.500","16.000","16","3584","18.522","windows","default","baseline","0"
"supervisor","1","5","2000","15.343","32.095","130353","7.800","10.300","13.900","16","3311","19.317","windows","default","baseline","0"
"supervisor","3","1","6000","44.443","45.848","135003","21.700","26.500","33.900","16","9556","56.388","windows","default","baseline","0"
"supervisor","3","2","6000","43.666","45.835","137407","21.600","26.100","36.800","16","10618","55.605","windows","default","baseline","0"
"supervisor","3","3","6000","47.650","61.734","125918","22.700","26.600","40.700","16","10474","59.847","windows","default","baseline","0"
"supervisor","3","4","6000","43.349","45.510","138410","21.500","26.600","39.200","16","9580","55.780","windows","default","baseline","0"
"supervisor","3","5","6000","49.794","60.807","120495","21.700","42.500","89.900","16","9108","63.698","windows","default","baseline","0"
"supervisor","16","1","32000","233.833","247.778","136850","112.300","128.600","276.700","16","51504","301.572","windows","default","baseline","0"
"supervisor","16","2","32000","233.311","248.784","137156","114.100","125.100","198.500","16","54600","299.871","windows","default","baseline","0"
"supervisor","16","3","32000","230.639","246.795","138745","110.300","148.800","218.700","16","43411","302.705","windows","default","baseline","0"
"supervisor","16","4","32000","235.603","251.546","135822","113.900","135.900","258.700","16","51505","303.806","windows","default","baseline","0"
"supervisor","16","5","32000","227.296","231.572","140786","111.000","127.100","195.100","16","47511","296.903","windows","default","baseline","0"
"supervisor","1","1","2000","14.849","30.512","134686","8.700","13.300","18.300","16","3306","19.275","windows","default","baseline","1"
"supervisor","1","2","2000","14.282","30.765","140035","8.500","11.400","15.700","16","3372","18.527","windows","default","baseline","1"
"supervisor","1","3","2000","14.431","31.056","138586","8.500","11.600","16.400","16","3081","18.650","windows","default","baseline","1"
"supervisor","1","4","2000","14.237","31.241","140479","8.400","11.700","16.900","16","3276","18.254","windows","default","baseline","1"
"supervisor","1","5","2000","14.690","30.298","136147","8.500","11.200","14.700","16","3562","18.691","windows","default","baseline","1"
"supervisor","3","1","6000","46.059","62.710","130267","22.200","28.100","50.100","16","10565","57.646","windows","default","baseline","1"
"supervisor","3","2","6000","45.396","62.905","132171","21.600","26.400","37.300","16","10445","57.753","windows","default","baseline","1"
"supervisor","3","3","6000","44.311","46.954","135407","21.300","24.900","31.500","16","10310","56.094","windows","default","baseline","1"
"supervisor","3","4","6000","44.704","46.880","134217","21.500","26.200","35.500","16","10300","56.720","windows","default","baseline","1"
"supervisor","3","5","6000","43.297","46.731","138577","21.300","26.100","39.200","16","9712","55.919","windows","default","baseline","1"
"supervisor","16","1","32000","238.827","251.232","133988","114.500","128.100","286.700","16","54621","303.955","windows","default","baseline","1"
"supervisor","16","2","32000","230.863","248.003","138610","112.500","123.700","254.000","16","53168","297.260","windows","default","baseline","1"
"supervisor","16","3","32000","236.678","248.575","135205","115.500","125.600","263.700","16","54655","301.825","windows","default","baseline","1"
"supervisor","16","4","32000","236.884","247.986","135087","115.300","126.500","265.400","16","54241","302.042","windows","default","baseline","1"
"supervisor","16","5","32000","236.687","248.378","135200","115.600","132.300","227.900","16","53698","303.788","windows","default","baseline","1"
"manual","1","1","2000","14.741","31.364","135675","8.500","12.900","18.800","16","3383","18.612","windows","default","candidate","0"
"manual","1","2","2000","14.405","16.350","138837","8.500","11.700","16.200","16","3310","18.783","windows","default","candidate","0"
"manual","1","3","2000","15.319","31.212","130553","7.500","11.300","19.000","16","3461","19.689","windows","default","candidate","0"
"manual","1","4","2000","14.166","30.393","141182","8.500","11.600","16.900","16","3194","18.325","windows","default","candidate","0"
"manual","1","5","2000","15.171","31.196","131827","8.600","11.700","16.900","16","3428","19.537","windows","default","candidate","0"
"manual","3","1","6000","45.308","61.210","132427","21.600","26.400","50.000","16","10461","57.341","windows","default","candidate","0"
"manual","3","2","6000","45.666","60.419","131388","21.900","31.000","46.900","16","9814","58.907","windows","default","candidate","0"
"manual","3","3","6000","46.083","60.759","130200","21.700","28.000","50.500","16","10059","58.555","windows","default","candidate","0"
"manual","3","4","6000","45.091","61.542","133064","21.600","26.400","37.900","16","10496","57.345","windows","default","candidate","0"
"manual","3","5","6000","47.126","62.950","127318","22.500","26.800","53.700","16","10679","59.134","windows","default","candidate","0"
"manual","16","1","32000","235.825","248.776","135694","113.800","124.800","278.000","16","54320","301.614","windows","default","candidate","0"
"manual","16","2","32000","241.466","248.282","132524","117.100","128.700","276.900","16","55279","305.994","windows","default","candidate","0"
"manual","16","3","32000","239.548","250.623","133585","117.000","127.500","262.100","16","55686","303.947","windows","default","candidate","0"
"manual","16","4","32000","234.069","245.865","136712","113.800","123.600","267.900","16","53304","299.849","windows","default","candidate","0"
"manual","16","5","32000","232.644","234.796","137549","113.600","123.000","259.000","16","55444","297.073","windows","default","candidate","0"
"manual","1","1","2000","15.310","30.702","130636","7.200","10.900","15.700","16","3429","19.401","windows","default","candidate","1"
"manual","1","2","2000","14.349","30.970","139384","8.700","11.900","16.400","16","3376","18.604","windows","default","candidate","1"
"manual","1","3","2000","14.659","30.886","136433","8.600","11.400","17.100","16","3381","19.057","windows","default","candidate","1"
"manual","1","4","2000","14.678","31.477","136256","8.300","11.100","15.900","16","3520","18.646","windows","default","candidate","1"
"manual","1","5","2000","15.327","31.841","130490","8.300","12.800","22.300","16","3365","19.347","windows","default","candidate","1"
"manual","3","1","6000","45.896","62.124","130731","21.700","26.300","51.300","16","10293","58.065","windows","default","candidate","1"
"manual","3","2","6000","47.693","62.751","125806","22.500","27.200","53.700","16","10535","60.041","windows","default","candidate","1"
"manual","3","3","6000","45.644","62.122","131453","22.500","26.000","42.400","16","10201","57.867","windows","default","candidate","1"
"manual","3","4","6000","45.667","62.085","131385","22.000","27.200","55.000","16","10151","58.378","windows","default","candidate","1"
"manual","3","5","6000","45.586","62.090","131619","21.800","26.200","42.600","16","10321","57.669","windows","default","candidate","1"
"manual","16","1","32000","239.785","247.201","133453","116.000","131.000","253.300","16","52840","307.505","windows","default","candidate","1"
"manual","16","2","32000","240.376","248.936","133125","116.300","129.100","261.600","16","54916","305.439","windows","default","candidate","1"
"manual","16","3","32000","235.012","248.915","136164","113.600","126.100","266.600","16","54983","299.773","windows","default","candidate","1"
"manual","16","4","32000","239.548","248.130","133585","116.000","127.600","249.100","16","54599","305.858","windows","default","candidate","1"
"manual","16","5","32000","241.159","245.988","132692","116.100","128.000","310.000","16","55769","306.318","windows","default","candidate","1"
"etherbird","1","1","2000","15.517","31.535","128893","7.200","15.600","21.900","16","4743","28.768","windows","default","candidate","0"
"etherbird","1","2","2000","16.516","31.985","121095","8.000","16.600","24.800","16","4926","29.694","windows","default","candidate","0"
"etherbird","1","3","2000","16.659","31.218","120057","8.400","17.200","24.500","16","4889","30.383","windows","default","candidate","0"
"etherbird","1","4","2000","15.169","30.634","131846","7.500","15.500","21.200","16","4880","28.166","windows","default","candidate","0"
"etherbird","1","5","2000","15.571","30.572","128446","8.000","15.200","23.900","16","4853","28.024","windows","default","candidate","0"
"etherbird","3","1","6000","40.603","40.604","147772","9.100","114.100","128.900","16","11974","74.814","windows","default","candidate","0"
"etherbird","3","2","6000","38.412","38.413","156202","8.700","113.300","123.200","16","11796","71.096","windows","default","candidate","0"
"etherbird","3","3","6000","39.901","39.901","150373","8.500","113.800","125.100","16","12358","72.376","windows","default","candidate","0"
"etherbird","3","4","6000","39.620","52.014","151437","8.800","113.300","124.900","16","11987","72.566","windows","default","candidate","0"
"etherbird","3","5","6000","39.166","46.216","153194","8.600","113.400","123.400","16","12362","72.216","windows","default","candidate","0"
"etherbird","16","1","32000","210.041","210.041","152351","70.400","176.100","289.800","16","64616","392.733","windows","default","candidate","0"
"etherbird","16","2","32000","210.830","210.831","151781","70.700","181.000","249.200","16","62880","397.568","windows","default","candidate","0"
"etherbird","16","3","32000","206.711","206.712","154806","66.300","169.800","223.100","16","66325","384.316","windows","default","candidate","0"
"etherbird","16","4","32000","203.985","203.986","156874","65.000","169.100","205.800","16","65952","382.225","windows","default","candidate","0"
"etherbird","16","5","32000","207.035","209.244","154563","66.400","172.000","238.200","16","65163","387.260","windows","default","candidate","0"
"etherbird","1","1","2000","15.035","32.014","133019","7.600","13.700","21.900","16","5033","27.244","windows","default","candidate","1"
"etherbird","1","2","2000","14.140","30.116","141439","6.700","12.800","19.900","16","5085","25.941","windows","default","candidate","1"
"etherbird","1","3","2000","14.158","31.107","141265","6.500","13.500","26.100","16","4920","26.213","windows","default","candidate","1"
"etherbird","1","4","2000","14.780","31.745","135314","7.200","13.700","22.000","16","5068","27.093","windows","default","candidate","1"
"etherbird","1","5","2000","14.239","15.913","140460","6.900","13.200","18.000","16","4974","26.029","windows","default","candidate","1"
"etherbird","3","1","6000","39.074","39.075","153553","8.500","113.100","123.900","16","12597","70.260","windows","default","candidate","1"
"etherbird","3","2","6000","38.904","55.100","154227","8.400","113.200","122.600","16","12712","69.960","windows","default","candidate","1"
"etherbird","3","3","6000","38.516","45.653","155780","8.300","112.200","120.800","16","12625","70.448","windows","default","candidate","1"
"etherbird","3","4","6000","44.625","44.626","134454","9.400","115.200","142.900","16","11339","82.861","windows","default","candidate","1"
"etherbird","3","5","6000","47.414","47.415","126545","10.500","114.400","199.000","16","10081","89.225","windows","default","candidate","1"
"etherbird","16","1","32000","209.106","209.107","153032","69.500","171.400","251.600","16","65536","385.877","windows","default","candidate","1"
"etherbird","16","2","32000","208.696","225.685","153333","65.600","169.300","288.900","16","66700","383.350","windows","default","candidate","1"
"etherbird","16","3","32000","232.477","232.478","137648","92.200","236.500","365.800","16","59802","434.414","windows","default","candidate","1"
"etherbird","16","4","32000","204.361","204.362","156586","64.400","168.100","222.000","16","66360","383.517","windows","default","candidate","1"
"etherbird","16","5","32000","207.060","207.060","154545","68.100","170.900","247.700","16","65915","387.173","windows","default","candidate","1"
"supervisor","1","1","2000","14.631","30.744","136693","8.500","11.300","15.900","16","3476","18.785","windows","default","candidate","0"
"supervisor","1","2","2000","15.109","30.702","132370","8.600","11.500","16.200","16","3539","19.389","windows","default","candidate","0"
"supervisor","1","3","2000","15.060","31.514","132801","8.600","13.500","17.700","16","3457","19.640","windows","default","candidate","0"
"supervisor","1","4","2000","14.934","30.650","133921","8.700","10.100","15.000","16","3627","19.080","windows","default","candidate","0"
"supervisor","1","5","2000","14.574","31.440","137231","8.700","11.700","15.400","16","3447","18.973","windows","default","candidate","0"
"supervisor","3","1","6000","45.048","61.891","133190","21.700","26.400","34.800","16","10240","57.495","windows","default","candidate","0"
"supervisor","3","2","6000","47.233","61.211","127031","21.700","30.100","44.300","16","10094","59.537","windows","default","candidate","0"
"supervisor","3","3","6000","47.832","60.140","125438","21.900","27.500","50.100","16","10779","60.241","windows","default","candidate","0"
"supervisor","3","4","6000","46.634","48.035","128660","22.400","27.300","50.000","16","9636","60.121","windows","default","candidate","0"
"supervisor","3","5","6000","45.923","62.881","130654","22.300","27.300","38.600","16","9680","59.572","windows","default","candidate","0"
"supervisor","16","1","32000","240.921","252.082","132824","115.500","152.800","286.200","16","52299","309.819","windows","default","candidate","0"
"supervisor","16","2","32000","240.093","245.542","133282","113.900","145.500","399.600","16","49237","309.171","windows","default","candidate","0"
"supervisor","16","3","32000","238.105","245.742","134395","116.900","126.500","258.400","16","53446","306.279","windows","default","candidate","0"
"supervisor","16","4","32000","236.545","247.343","135281","114.100","125.300","316.900","16","54529","302.040","windows","default","candidate","0"
"supervisor","16","5","32000","239.497","248.682","133613","118.200","128.800","242.100","16","54441","306.271","windows","default","candidate","0"
"supervisor","1","1","2000","15.246","32.005","131185","8.700","10.900","14.300","16","3633","19.291","windows","default","candidate","1"
"supervisor","1","2","2000","14.795","30.246","135182","8.600","12.700","18.300","16","3484","18.980","windows","default","candidate","1"
"supervisor","1","3","2000","15.015","30.726","133196","7.700","10.500","14.600","16","3455","19.218","windows","default","candidate","1"
"supervisor","1","4","2000","14.947","30.779","133808","7.300","10.700","15.300","16","3461","19.223","windows","default","candidate","1"
"supervisor","1","5","2000","15.333","30.935","130435","8.700","13.000","20.000","16","3563","19.803","windows","default","candidate","1"
"supervisor","3","1","6000","46.114","62.592","130112","21.500","26.800","39.300","16","10658","58.412","windows","default","candidate","1"
"supervisor","3","2","6000","45.335","61.744","132349","21.800","25.700","34.500","16","10390","57.298","windows","default","candidate","1"
"supervisor","3","3","6000","45.176","61.653","132813","21.900","26.000","44.500","16","10616","57.360","windows","default","candidate","1"
"supervisor","3","4","6000","42.722","46.408","140442","21.500","26.000","33.700","16","9842","54.943","windows","default","candidate","1"
"supervisor","3","5","6000","43.200","48.022","138889","21.600","26.000","34.800","16","10107","55.333","windows","default","candidate","1"
"supervisor","16","1","32000","231.192","248.070","138413","112.200","121.800","272.200","16","54314","295.530","windows","default","candidate","1"
"supervisor","16","2","32000","236.506","248.165","135303","112.800","148.300","280.100","16","54349","303.555","windows","default","candidate","1"
"supervisor","16","3","32000","229.417","234.229","139484","112.100","122.800","223.700","16","53199","293.421","windows","default","candidate","1"
"supervisor","16","4","32000","238.625","249.197","134102","113.900","126.800","389.200","16","54675","303.437","windows","default","candidate","1"
"supervisor","16","5","32000","236.735","247.368","135172","115.000","126.200","269.600","16","53942","302.572","windows","default","candidate","1"
"manual","1","1","2000","16.231","30.110","123222","8.600","15.100","20.800","2","3180","20.726","windows","two","baseline","0"
"manual","1","2","2000","18.292","30.149","109340","8.000","28.900","39.800","2","2508","23.837","windows","two","baseline","0"
"manual","1","3","2000","16.093","30.107","124275","8.300","16.300","25.700","2","2779","21.166","windows","two","baseline","0"
"manual","1","4","2000","15.593","30.695","128264","4.600","18.500","33.500","2","2370","20.757","windows","two","baseline","0"
"manual","1","5","2000","15.093","30.570","132513","7.700","12.700","19.000","2","3287","19.287","windows","two","baseline","0"
"manual","3","1","6000","47.071","61.338","127467","22.700","26.800","50.000","2","10295","59.075","windows","two","baseline","0"
"manual","3","2","6000","45.114","47.185","132998","22.000","26.700","48.900","2","10285","56.983","windows","two","baseline","0"
"manual","3","3","6000","45.975","64.358","130506","21.800","27.200","47.800","2","10785","57.934","windows","two","baseline","0"
"manual","3","4","6000","43.705","46.289","137283","21.500","27.100","31.600","2","10451","56.044","windows","two","baseline","0"
"manual","3","5","6000","45.672","61.082","131371","21.500","27.000","40.600","2","10150","58.325","windows","two","baseline","0"
"manual","16","1","32000","245.253","247.265","130478","117.000","154.000","317.000","2","54503","311.978","windows","two","baseline","0"
"manual","16","2","32000","258.382","266.071","123848","116.200","229.100","371.400","2","52227","328.042","windows","two","baseline","0"
"manual","16","3","32000","241.526","247.783","132491","116.500","128.100","297.900","2","55179","306.097","windows","two","baseline","0"
"manual","16","4","32000","239.599","250.437","133556","117.000","127.100","293.200","2","54515","303.738","windows","two","baseline","0"
"manual","16","5","32000","242.891","249.239","131747","117.700","149.700","302.100","2","53097","309.839","windows","two","baseline","0"
"manual","1","1","2000","16.171","30.967","123681","8.100","11.900","18.800","2","3655","20.549","windows","two","baseline","1"
"manual","1","2","2000","15.904","30.270","125756","8.500","15.300","18.600","2","3426","20.094","windows","two","baseline","1"
"manual","1","3","2000","14.638","29.959","136628","8.400","12.600","18.700","2","3258","19.135","windows","two","baseline","1"
"manual","1","4","2000","15.536","29.602","128732","8.500","14.000","19.500","2","3310","19.847","windows","two","baseline","1"
"manual","1","5","2000","15.491","30.441","129105","7.600","12.500","17.700","2","3180","20.116","windows","two","baseline","1"
"manual","3","1","6000","44.852","47.002","133774","21.700","26.300","49.500","2","10464","57.352","windows","two","baseline","1"
"manual","3","2","6000","45.791","47.647","131030","21.600","26.800","49.300","2","10685","57.518","windows","two","baseline","1"
"manual","3","3","6000","45.300","62.112","132449","21.700","27.100","49.900","2","10005","57.299","windows","two","baseline","1"
"manual","3","4","6000","46.292","61.682","129613","21.800","26.800","49.900","2","10529","58.398","windows","two","baseline","1"
"manual","3","5","6000","46.115","62.083","130109","22.000","26.700","49.800","2","10339","58.192","windows","two","baseline","1"
"manual","16","1","32000","240.797","251.281","132892","117.200","131.700","265.600","2","56148","305.183","windows","two","baseline","1"
"manual","16","2","32000","236.708","251.907","135187","114.400","128.300","284.200","2","54841","300.415","windows","two","baseline","1"
"manual","16","3","32000","241.861","250.846","132308","116.300","129.000","345.800","2","53345","308.558","windows","two","baseline","1"
"manual","16","4","32000","234.507","248.174","136456","115.600","126.000","215.600","2","54055","300.523","windows","two","baseline","1"
"manual","16","5","32000","233.246","248.356","137194","114.200","123.400","240.300","2","53457","297.931","windows","two","baseline","1"
"etherbird","1","1","2000","16.364","30.138","122219","7.100","14.500","34.500","2","2112","24.964","windows","two","baseline","0"
"etherbird","1","2","2000","16.025","31.193","124805","8.700","15.500","25.400","2","2323","23.985","windows","two","baseline","0"
"etherbird","1","3","2000","16.196","31.031","123487","8.700","15.600","27.500","2","2278","24.565","windows","two","baseline","0"
"etherbird","1","4","2000","15.276","30.957","130926","8.600","14.300","21.900","2","2316","22.999","windows","two","baseline","0"
"etherbird","1","5","2000","15.746","31.493","127016","8.700","15.300","21.000","2","2400","23.204","windows","two","baseline","0"
"etherbird","3","1","6000","39.119","39.120","153378","7.400","113.400","127.600","2","5156","64.252","windows","two","baseline","0"
"etherbird","3","2","6000","40.631","40.632","147669","7.500","113.600","136.100","2","4821","66.029","windows","two","baseline","0"
"etherbird","3","3","6000","40.608","40.608","147754","7.500","113.300","145.800","2","5486","65.369","windows","two","baseline","0"
"etherbird","3","4","6000","39.019","51.500","153772","7.500","113.000","125.900","2","5252","63.659","windows","two","baseline","0"
"etherbird","3","5","6000","40.169","47.090","149367","7.500","113.600","129.300","2","5132","65.486","windows","two","baseline","0"
"etherbird","16","1","32000","210.315","210.316","152153","83.900","178.800","338.800","2","25884","345.565","windows","two","baseline","0"
"etherbird","16","2","32000","207.000","210.754","154589","77.400","170.300","301.300","2","25984","342.473","windows","two","baseline","0"
"etherbird","16","3","32000","210.845","218.266","151770","87.500","191.300","315.700","2","25204","347.331","windows","two","baseline","0"
"etherbird","16","4","32000","208.368","208.369","153574","84.200","173.100","344.800","2","25556","344.218","windows","two","baseline","0"
"etherbird","16","5","32000","210.264","225.335","152190","82.100","178.300","350.200","2","26421","346.768","windows","two","baseline","0"
"etherbird","1","1","2000","17.101","30.313","116949","8.800","14.900","26.300","2","2476","25.400","windows","two","baseline","1"
"etherbird","1","2","2000","15.266","32.004","131014","8.900","12.900","18.000","2","2390","23.176","windows","two","baseline","1"
"etherbird","1","3","2000","16.731","30.938","119540","8.900","13.300","24.600","2","2547","24.172","windows","two","baseline","1"
"etherbird","1","4","2000","15.075","31.155","132668","8.800","12.800","16.600","2","2392","22.639","windows","two","baseline","1"
"etherbird","1","5","2000","16.371","30.382","122167","8.700","15.400","27.600","2","2399","24.248","windows","two","baseline","1"
"etherbird","3","1","6000","39.997","39.998","150010","7.500","112.700","130.600","2","5379","64.216","windows","two","baseline","1"
"etherbird","3","2","6000","39.979","53.528","150078","7.500","112.500","136.500","2","5362","64.891","windows","two","baseline","1"
"etherbird","3","3","6000","38.755","46.303","154819","7.500","112.200","125.200","2","5362","63.450","windows","two","baseline","1"
"etherbird","3","4","6000","40.348","40.349","148706","7.500","112.000","132.400","2","5609","64.842","windows","two","baseline","1"
"etherbird","3","5","6000","38.525","38.525","155743","7.500","112.100","121.800","2","5137","62.768","windows","two","baseline","1"
"etherbird","16","1","32000","209.264","209.265","152917","84.900","178.500","353.400","2","24621","345.155","windows","two","baseline","1"
"etherbird","16","2","32000","207.354","207.355","154325","76.200","172.300","342.500","2","25694","342.855","windows","two","baseline","1"
"etherbird","16","3","32000","207.779","207.780","154010","84.800","175.900","328.500","2","24213","343.134","windows","two","baseline","1"
"etherbird","16","4","32000","206.629","216.932","154867","75.800","169.600","339.000","2","26037","342.277","windows","two","baseline","1"
"etherbird","16","5","32000","207.274","207.274","154385","79.500","173.100","344.600","2","24968","343.811","windows","two","baseline","1"
"supervisor","1","1","2000","16.790","31.300","119116","8.000","14.100","17.600","2","3645","21.066","windows","two","baseline","0"
"supervisor","1","2","2000","14.563","30.990","137333","8.800","10.800","15.800","2","3664","18.754","windows","two","baseline","0"
"supervisor","1","3","2000","15.700","30.752","127391","8.800","11.000","17.600","2","3485","19.867","windows","two","baseline","0"
"supervisor","1","4","2000","15.776","31.642","126775","8.400","12.100","23.600","2","3635","19.696","windows","two","baseline","0"
"supervisor","1","5","2000","15.230","31.274","131321","8.200","11.800","16.100","2","3411","19.263","windows","two","baseline","0"
"supervisor","3","1","6000","45.447","46.935","132023","21.700","26.400","47.500","2","10185","57.397","windows","two","baseline","0"
"supervisor","3","2","6000","45.561","47.017","131690","21.700","26.500","44.800","2","10391","57.968","windows","two","baseline","0"
"supervisor","3","3","6000","45.586","47.109","131621","21.600","25.700","45.200","2","10488","57.818","windows","two","baseline","0"
"supervisor","3","4","6000","45.194","61.800","132761","21.700","26.000","37.400","2","10257","57.682","windows","two","baseline","0"
"supervisor","3","5","6000","43.493","46.180","137953","21.600","25.800","37.900","2","9773","55.839","windows","two","baseline","0"
"supervisor","16","1","32000","238.162","248.997","134362","117.800","127.800","198.200","2","51506","304.528","windows","two","baseline","0"
"supervisor","16","2","32000","238.261","250.445","134306","118.300","128.300","200.400","2","53886","303.909","windows","two","baseline","0"
"supervisor","16","3","32000","239.978","251.943","133346","116.500","127.000","272.200","2","54296","306.848","windows","two","baseline","0"
"supervisor","16","4","32000","241.858","249.289","132309","116.900","127.900","318.500","2","55211","307.132","windows","two","baseline","0"
"supervisor","16","5","32000","234.582","244.809","136413","113.700","122.900","280.000","2","53719","298.741","windows","two","baseline","0"
"supervisor","1","1","2000","15.683","30.954","127526","8.500","12.100","17.200","2","3587","19.797","windows","two","baseline","1"
"supervisor","1","2","2000","15.313","31.048","130607","8.400","11.500","17.100","2","3510","19.518","windows","two","baseline","1"
"supervisor","1","3","2000","15.408","30.956","129804","8.500","11.600","18.200","2","3499","19.562","windows","two","baseline","1"
"supervisor","1","4","2000","14.529","30.999","137656","8.600","12.000","16.800","2","3219","18.608","windows","two","baseline","1"
"supervisor","1","5","2000","14.544","30.999","137514","8.700","11.000","15.600","2","3434","18.841","windows","two","baseline","1"
"supervisor","3","1","6000","44.988","46.057","133368","21.700","26.300","40.500","2","10190","56.996","windows","two","baseline","1"
"supervisor","3","2","6000","46.047","60.751","130301","21.700","26.100","47.300","2","9947","58.554","windows","two","baseline","1"
"supervisor","3","3","6000","46.601","61.746","128752","21.900","26.600","51.000","2","10876","58.393","windows","two","baseline","1"
"supervisor","3","4","6000","44.894","61.174","133647","22.000","26.200","34.700","2","10325","57.624","windows","two","baseline","1"
"supervisor","3","5","6000","45.788","48.948","131040","22.000","26.400","47.400","2","10428","57.956","windows","two","baseline","1"
"supervisor","16","1","32000","238.309","246.156","134279","114.900","126.200","294.100","2","54100","303.925","windows","two","baseline","1"
"supervisor","16","2","32000","239.304","249.891","133721","114.900","127.100","369.900","2","54676","305.581","windows","two","baseline","1"
"supervisor","16","3","32000","242.426","247.850","131999","115.900","142.600","337.200","2","54862","307.991","windows","two","baseline","1"
"supervisor","16","4","32000","238.617","248.653","134106","117.800","128.000","246.500","2","54367","305.322","windows","two","baseline","1"
"supervisor","16","5","32000","240.429","251.398","133096","114.700","127.100","354.100","2","56440","305.730","windows","two","baseline","1"
"manual","1","1","2000","15.451","30.275","129438","8.600","13.000","17.800","2","3315","19.991","windows","two","candidate","0"
"manual","1","2","2000","15.386","31.260","129991","8.300","12.900","16.700","2","3650","19.438","windows","two","candidate","0"
"manual","1","3","2000","15.486","30.300","129147","7.700","12.400","19.500","2","3439","19.596","windows","two","candidate","0"
"manual","1","4","2000","16.061","30.632","124524","8.700","12.900","19.000","2","3431","20.446","windows","two","candidate","0"
"manual","1","5","2000","14.849","31.453","134691","8.400","13.100","18.800","2","3264","19.165","windows","two","candidate","0"
"manual","3","1","6000","46.029","61.695","130352","22.700","26.700","47.900","2","10315","59.113","windows","two","candidate","0"
"manual","3","2","6000","45.055","61.916","133170","21.900","26.400","41.400","2","9890","57.594","windows","two","candidate","0"
"manual","3","3","6000","49.033","61.154","122366","22.900","27.800","55.900","2","10744","61.508","windows","two","candidate","0"
"manual","3","4","6000","44.621","47.631","134465","21.600","26.300","41.200","2","10418","56.032","windows","two","candidate","0"
"manual","3","5","6000","47.657","62.861","125899","22.600","27.100","52.800","2","10407","59.903","windows","two","candidate","0"
"manual","16","1","32000","240.476","247.836","133070","115.700","128.200","307.400","2","55519","305.098","windows","two","candidate","0"
"manual","16","2","32000","240.555","249.668","133026","114.600","127.200","397.300","2","54839","306.174","windows","two","candidate","0"
"manual","16","3","32000","239.916","248.244","133380","113.900","160.700","279.600","2","52690","306.329","windows","two","candidate","0"
"manual","16","4","32000","233.035","248.146","137319","113.900","122.900","257.600","2","52105","298.365","windows","two","candidate","0"
"manual","16","5","32000","242.893","246.418","131745","113.500","173.400","316.100","2","50777","312.137","windows","two","candidate","0"
"manual","1","1","2000","15.856","30.792","126136","8.600","11.500","18.800","2","3651","20.006","windows","two","candidate","1"
"manual","1","2","2000","14.589","30.245","137089","8.700","11.500","16.600","2","3232","18.744","windows","two","candidate","1"
"manual","1","3","2000","15.069","31.319","132720","8.700","12.400","19.100","2","3387","19.570","windows","two","candidate","1"
"manual","1","4","2000","14.627","31.407","136734","8.700","11.700","22.200","2","3373","18.930","windows","two","candidate","1"
"manual","1","5","2000","15.349","31.642","130298","8.600","11.100","16.000","2","3621","19.199","windows","two","candidate","1"
"manual","3","1","6000","46.227","62.394","129794","23.000","26.400","35.300","2","10818","58.432","windows","two","candidate","1"
"manual","3","2","6000","46.678","62.063","128540","23.000","26.700","48.700","2","10849","59.345","windows","two","candidate","1"
"manual","3","3","6000","46.456","61.383","129155","22.600","29.400","49.900","2","10377","59.985","windows","two","candidate","1"
"manual","3","4","6000","46.146","63.002","130022","22.700","26.600","37.200","2","10387","59.446","windows","two","candidate","1"
"manual","3","5","6000","46.722","61.226","128420","22.400","26.300","50.100","2","10404","58.508","windows","two","candidate","1"
"manual","16","1","32000","245.081","248.823","130569","115.900","135.900","302.000","2","54418","310.966","windows","two","candidate","1"
"manual","16","2","32000","244.327","248.305","130972","116.600","133.700","411.000","2","55541","310.489","windows","two","candidate","1"
"manual","16","3","32000","241.993","249.558","132235","117.700","129.300","254.800","2","55633","307.633","windows","two","candidate","1"
"manual","16","4","32000","240.901","248.451","132835","115.800","127.800","299.500","2","52370","307.169","windows","two","candidate","1"
"manual","16","5","32000","232.433","248.521","137674","113.800","123.400","233.000","2","51894","299.585","windows","two","candidate","1"
"etherbird","1","1","2000","17.514","17.515","114195","8.700","14.900","23.000","2","2730","25.056","windows","two","candidate","0"
"etherbird","1","2","2000","17.007","29.465","117595","8.800","13.000","23.000","2","2694","24.256","windows","two","candidate","0"
"etherbird","1","3","2000","16.012","30.431","124903","8.500","12.800","20.700","2","2466","23.722","windows","two","candidate","0"
"etherbird","1","4","2000","16.413","30.285","121858","8.300","13.400","20.400","2","2627","23.890","windows","two","candidate","0"
"etherbird","1","5","2000","17.584","30.786","113739","8.600","15.800","31.400","2","2625","25.485","windows","two","candidate","0"
"etherbird","3","1","6000","39.384","39.384","152347","7.000","111.600","131.300","2","5688","62.886","windows","two","candidate","0"
"etherbird","3","2","6000","38.802","38.803","154631","7.100","111.100","123.200","2","5003","63.856","windows","two","candidate","0"
"etherbird","3","3","6000","38.280","38.281","156740","7.100","111.100","121.300","2","5509","62.216","windows","two","candidate","0"
"etherbird","3","4","6000","40.387","54.147","148563","7.100","112.000","131.700","2","5217","65.215","windows","two","candidate","0"
"etherbird","3","5","6000","40.478","40.479","148228","7.100","111.200","126.000","2","5720","64.742","windows","two","candidate","0"
"etherbird","16","1","32000","209.643","209.643","152641","109.300","182.300","331.300","2","27476","343.764","windows","two","candidate","0"
"etherbird","16","2","32000","208.511","216.990","153469","125.400","176.300","323.100","2","28132","341.270","windows","two","candidate","0"
"etherbird","16","3","32000","210.440","214.101","152062","121.400","182.300","334.200","2","27772","343.060","windows","two","candidate","0"
"etherbird","16","4","32000","206.967","212.920","154614","127.500","170.500","327.400","2","28357","338.328","windows","two","candidate","0"
"etherbird","16","5","32000","208.561","217.517","153433","107.700","174.600","331.500","2","27851","341.510","windows","two","candidate","0"
"etherbird","1","1","2000","16.562","31.135","120760","8.700","12.800","21.500","2","2597","24.596","windows","two","candidate","1"
"etherbird","1","2","2000","17.890","31.384","111792","8.800","15.100","31.200","2","2685","25.696","windows","two","candidate","1"
"etherbird","1","3","2000","17.322","29.752","115462","8.900","12.900","24.300","2","2854","24.741","windows","two","candidate","1"
"etherbird","1","4","2000","16.512","30.135","121126","8.800","11.900","25.300","2","2596","23.847","windows","two","candidate","1"
"etherbird","1","5","2000","17.514","30.696","114191","8.800","15.100","22.200","2","2783","25.139","windows","two","candidate","1"
"etherbird","3","1","6000","40.528","40.528","148047","7.100","110.400","133.900","2","5374","65.677","windows","two","candidate","1"
"etherbird","3","2","6000","39.508","39.509","151868","7.100","111.100","126.000","2","5577","63.822","windows","two","candidate","1"
"etherbird","3","3","6000","38.006","38.006","157871","7.100","111.800","123.500","2","5652","62.292","windows","two","candidate","1"
"etherbird","3","4","6000","44.856","53.939","133762","7.300","116.100","206.000","2","5193","71.325","windows","two","candidate","1"
"etherbird","3","5","6000","47.774","47.776","125590","7.300","117.800","212.400","2","5254","75.490","windows","two","candidate","1"
"etherbird","16","1","32000","209.985","209.985","152392","88.800","179.900","330.100","2","26503","344.222","windows","two","candidate","1"
"etherbird","16","2","32000","206.889","206.890","154672","89.000","181.900","308.100","2","23941","338.540","windows","two","candidate","1"
"etherbird","16","3","32000","208.279","208.279","153640","88.500","180.900","348.000","2","26229","341.581","windows","two","candidate","1"
"etherbird","16","4","32000","207.606","207.607","154138","96.800","177.500","321.000","2","25431","339.072","windows","two","candidate","1"
"etherbird","16","5","32000","205.924","205.925","155397","81.400","168.800","334.200","2","27265","338.146","windows","two","candidate","1"
"supervisor","1","1","2000","15.812","30.300","126488","8.700","13.100","17.600","2","3481","20.019","windows","two","candidate","0"
"supervisor","1","2","2000","15.113","32.079","132336","8.400","11.400","17.000","2","3388","19.261","windows","two","candidate","0"
"supervisor","1","3","2000","14.793","31.214","135195","8.400","12.700","16.800","2","3172","18.778","windows","two","candidate","0"
"supervisor","1","4","2000","15.737","31.064","127089","8.600","13.300","22.200","2","3478","19.641","windows","two","candidate","0"
"supervisor","1","5","2000","15.400","32.503","129868","8.500","14.400","17.800","2","3518","19.547","windows","two","candidate","0"
"supervisor","3","1","6000","45.829","61.923","130921","22.400","26.700","43.300","2","10469","58.409","windows","two","candidate","0"
"supervisor","3","2","6000","45.432","61.616","132065","21.700","26.200","39.500","2","10804","57.241","windows","two","candidate","0"
"supervisor","3","3","6000","43.556","47.288","137754","21.500","26.800","42.000","2","10127","56.272","windows","two","candidate","0"
"supervisor","3","4","6000","45.532","61.719","131776","21.900","26.600","47.400","2","10403","57.880","windows","two","candidate","0"
"supervisor","3","5","6000","45.709","61.239","131266","21.900","26.500","50.200","2","10298","57.834","windows","two","candidate","0"
"supervisor","16","1","32000","239.603","248.126","133554","115.900","127.900","287.700","2","55391","305.253","windows","two","candidate","0"
"supervisor","16","2","32000","234.939","246.417","136206","113.600","127.300","279.900","2","54417","299.884","windows","two","candidate","0"
"supervisor","16","3","32000","236.763","248.258","135156","116.200","126.200","223.100","2","55250","302.890","windows","two","candidate","0"
"supervisor","16","4","32000","236.081","244.369","135547","115.000","127.300","221.400","2","54554","301.207","windows","two","candidate","0"
"supervisor","16","5","32000","237.416","247.201","134785","115.600","126.200","265.700","2","54100","304.523","windows","two","candidate","0"
"supervisor","1","1","2000","14.539","30.606","137561","8.700","11.200","16.800","2","3482","18.764","windows","two","candidate","1"
"supervisor","1","2","2000","15.103","31.534","132421","7.800","10.700","18.300","2","3348","19.158","windows","two","candidate","1"
"supervisor","1","3","2000","14.738","31.342","135704","8.700","11.600","17.700","2","3403","18.920","windows","two","candidate","1"
"supervisor","1","4","2000","15.198","32.066","131600","8.700","13.900","18.800","2","3405","19.362","windows","two","candidate","1"
"supervisor","1","5","2000","15.301","30.180","130707","8.000","12.600","18.600","2","3463","19.519","windows","two","candidate","1"
"supervisor","3","1","6000","45.375","62.871","132231","21.500","26.200","48.700","2","10109","57.779","windows","two","candidate","1"
"supervisor","3","2","6000","45.342","62.272","132328","21.900","26.100","47.800","2","10454","57.818","windows","two","candidate","1"
"supervisor","3","3","6000","44.625","61.489","134453","21.600","26.600","49.700","2","10130","56.826","windows","two","candidate","1"
"supervisor","3","4","6000","50.771","60.875","118177","21.600","47.800","95.700","2","9105","65.220","windows","two","candidate","1"
"supervisor","3","5","6000","45.217","60.957","132693","21.500","25.600","36.700","2","10052","57.401","windows","two","candidate","1"
"supervisor","16","1","32000","241.696","247.478","132398","115.800","128.800","342.700","2","55244","306.275","windows","two","candidate","1"
"supervisor","16","2","32000","237.067","250.332","134983","116.100","127.000","263.300","2","55497","301.654","windows","two","candidate","1"
"supervisor","16","3","32000","230.737","233.525","138686","112.900","122.800","257.800","2","53927","294.152","windows","two","candidate","1"
"supervisor","16","4","32000","239.542","246.019","133588","113.900","129.700","314.400","2","55389","304.126","windows","two","candidate","1"
"supervisor","16","5","32000","235.486","246.611","135889","113.200","126.500","266.400","2","54143","301.625","windows","two","candidate","1"
