"implementation","workers","round","calls","admission_ms","drained_ms","calls_per_second","p50_us","p95_us","p99_us","runtime_workers","worker_parks","worker_busy_ms","platform","runtime","phase","pass"
"manual","1","1","2000","3.578","5.687","558909","0.220","23.814","24.303","1","3","3.759","linux","current","baseline","0"
"manual","1","2","2000","3.861","5.972","518035","0.220","23.785","35.313","1","3","4.130","linux","current","baseline","0"
"manual","1","3","2000","3.408","5.464","586804","0.220","23.754","24.543","1","3","3.558","linux","current","baseline","0"
"manual","1","4","2000","3.408","5.517","586871","0.220","23.765","24.084","1","3","3.551","linux","current","baseline","0"
"manual","1","5","2000","3.743","5.869","534322","0.220","23.865","24.903","1","3","3.905","linux","current","baseline","0"
"manual","3","1","6000","12.008","14.125","499682","0.239","36.330","49.545","1","3","12.043","linux","current","baseline","0"
"manual","3","2","6000","11.698","13.819","512910","0.239","36.321","42.629","1","3","12.428","linux","current","baseline","0"
"manual","3","3","6000","10.964","13.078","547261","0.229","30.751","40.573","1","3","11.041","linux","current","baseline","0"
"manual","3","4","6000","10.328","12.433","580958","0.220","29.623","31.240","1","3","10.406","linux","current","baseline","0"
"manual","3","5","6000","10.570","12.696","567631","0.220","29.384","32.897","1","3","10.650","linux","current","baseline","0"
"manual","16","1","32000","53.714","55.821","595746","0.239","50.254","74.837","1","3","53.499","linux","current","baseline","0"
"manual","16","2","32000","52.389","54.607","610819","0.230","50.084","68.649","1","4","52.257","linux","current","baseline","0"
"manual","16","3","32000","52.673","54.769","607526","0.230","52.759","74.607","1","3","52.643","linux","current","baseline","0"
"manual","16","4","32000","53.005","55.108","603718","0.230","52.020","77.023","1","3","52.917","linux","current","baseline","0"
"manual","16","5","32000","53.925","56.023","593415","0.230","54.037","82.309","1","3","53.786","linux","current","baseline","0"
"manual","1","1","2000","4.035","6.143","495615","0.211","23.017","23.787","1","3","4.312","linux","current","baseline","1"
"manual","1","2","2000","3.559","5.673","561941","0.220","23.046","23.737","1","3","3.752","linux","current","baseline","1"
"manual","1","3","2000","3.328","5.510","600873","0.211","23.046","23.306","1","4","3.466","linux","current","baseline","1"
"manual","1","4","2000","3.707","5.845","539539","0.220","23.066","34.080","1","3","3.891","linux","current","baseline","1"
"manual","1","5","2000","3.956","6.060","505620","0.220","23.066","46.953","1","3","4.129","linux","current","baseline","1"
"manual","3","1","6000","10.052","12.166","596913","0.220","28.378","32.419","1","3","10.122","linux","current","baseline","1"
"manual","3","2","6000","10.689","12.795","561321","0.220","28.438","35.330","1","3","10.906","linux","current","baseline","1"
"manual","3","3","6000","10.349","12.456","579763","0.220","28.448","30.839","1","3","10.418","linux","current","baseline","1"
"manual","3","4","6000","9.815","11.953","611280","0.220","28.458","29.998","1","3","9.879","linux","current","baseline","1"
"manual","3","5","6000","10.122","12.257","592755","0.220","28.478","30.069","1","3","10.200","linux","current","baseline","1"
"manual","16","1","32000","50.720","52.913","630916","0.230","48.134","66.249","1","4","50.513","linux","current","baseline","1"
"manual","16","2","32000","54.662","55.771","585418","0.230","50.635","81.813","1","3","54.518","linux","current","baseline","1"
"manual","16","3","32000","51.827","53.945","617439","0.230","48.323","66.669","1","3","51.717","linux","current","baseline","1"
"manual","16","4","32000","52.283","54.391","612052","0.230","48.308","74.943","1","3","52.137","linux","current","baseline","1"
"manual","16","5","32000","53.263","55.363","600794","0.230","48.217","73.512","1","3","53.098","linux","current","baseline","1"
"etherbird","1","1","2000","11.992","14.084","166772","5.612","6.581","11.784","1","2","11.578","linux","current","baseline","0"
"etherbird","1","2","2000","11.709","13.806","170816","5.622","5.703","8.478","1","2","11.363","linux","current","baseline","0"
"etherbird","1","3","2000","12.317","14.403","162376","5.612","8.129","15.798","1","2","11.923","linux","current","baseline","0"
"etherbird","1","4","2000","11.912","13.987","167903","5.632","6.651","8.199","1","2","11.538","linux","current","baseline","0"
"etherbird","1","5","2000","11.913","14.000","167883","5.612","6.651","10.726","1","2","11.475","linux","current","baseline","0"
"etherbird","3","1","6000","27.377","29.461","219160","12.892","15.659","34.803","1","2","26.942","linux","current","baseline","0"
"etherbird","3","2","6000","27.076","29.160","221594","12.883","15.009","35.083","1","2","26.775","linux","current","baseline","0"
"etherbird","3","3","6000","27.963","30.055","214571","12.883","16.728","43.901","1","2","27.533","linux","current","baseline","0"
"etherbird","3","4","6000","27.946","30.033","214701","12.902","16.088","41.175","1","2","27.472","linux","current","baseline","0"
"etherbird","3","5","6000","27.749","29.830","216225","12.883","15.240","43.741","1","2","27.308","linux","current","baseline","0"
"etherbird","16","1","32000","112.934","115.052","283351","48.994","96.281","128.996","1","2","112.121","linux","current","baseline","0"
"etherbird","16","2","32000","108.175","110.276","295816","48.864","85.156","113.257","1","2","107.753","linux","current","baseline","0"
"etherbird","16","3","32000","106.332","108.432","300945","49.038","77.914","113.620","1","2","105.904","linux","current","baseline","0"
"etherbird","16","4","32000","105.926","108.056","302097","48.928","73.977","96.368","1","2","105.497","linux","current","baseline","0"
"etherbird","16","5","32000","103.164","105.269","310187","48.758","71.180","94.310","1","2","102.770","linux","current","baseline","0"
"etherbird","1","1","2000","12.321","14.413","162326","5.613","5.753","15.709","1","2","11.928","linux","current","baseline","1"
"etherbird","1","2","2000","12.527","14.622","159654","5.613","5.753","12.308","1","2","12.136","linux","current","baseline","1"
"etherbird","1","3","2000","12.446","14.538","160689","5.623","5.733","14.518","1","2","12.019","linux","current","baseline","1"
"etherbird","1","4","2000","12.474","14.555","160332","5.623","5.733","20.542","1","2","12.037","linux","current","baseline","1"
"etherbird","1","5","2000","11.651","13.751","171665","5.634","5.713","7.054","1","2","11.250","linux","current","baseline","1"
"etherbird","3","1","6000","27.213","29.311","220485","12.878","15.309","35.460","1","2","26.776","linux","current","baseline","1"
"etherbird","3","2","6000","29.056","31.141","206498","12.858","16.269","43.125","1","2","28.727","linux","current","baseline","1"
"etherbird","3","3","6000","26.672","28.762","224952","12.868","13.138","31.958","1","2","26.249","linux","current","baseline","1"
"etherbird","3","4","6000","28.651","30.744","209419","12.867","14.238","42.084","1","2","27.766","linux","current","baseline","1"
"etherbird","3","5","6000","27.433","29.543","218713","12.857","13.677","43.234","1","2","27.005","linux","current","baseline","1"
"etherbird","16","1","32000","107.599","109.704","297400","48.748","75.443","127.513","1","2","107.074","linux","current","baseline","1"
"etherbird","16","2","32000","102.687","104.791","311626","48.651","69.280","88.833","1","2","102.310","linux","current","baseline","1"
"etherbird","16","3","32000","105.506","107.605","303301","48.870","72.700","107.051","1","2","105.070","linux","current","baseline","1"
"etherbird","16","4","32000","106.997","109.114","299073","48.700","78.135","123.101","1","2","106.518","linux","current","baseline","1"
"etherbird","16","5","32000","106.207","108.322","301298","48.620","74.602","106.224","1","2","105.868","linux","current","baseline","1"
"supervisor","1","1","2000","4.076","6.186","490641","0.240","22.739","45.369","1","3","4.243","linux","current","baseline","0"
"supervisor","1","2","2000","3.341","5.445","598581","0.239","22.720","23.629","1","3","3.483","linux","current","baseline","0"
"supervisor","1","3","2000","3.369","5.471","593727","0.239","22.659","22.989","1","3","3.470","linux","current","baseline","0"
"supervisor","1","4","2000","3.237","5.365","617858","0.239","22.749","23.019","1","3","3.388","linux","current","baseline","0"
"supervisor","1","5","2000","3.370","5.471","593384","0.239","22.649","25.325","1","3","3.513","linux","current","baseline","0"
"supervisor","3","1","6000","9.977","12.098","601375","0.230","28.322","30.349","1","3","10.056","linux","current","baseline","0"
"supervisor","3","2","6000","9.915","12.038","605136","0.230","28.032","32.616","1","3","10.335","linux","current","baseline","0"
"supervisor","3","3","6000","9.892","12.016","606539","0.230","28.072","30.279","1","3","9.997","linux","current","baseline","0"
"supervisor","3","4","6000","9.932","12.050","604086","0.230","28.082","29.700","1","3","9.991","linux","current","baseline","0"
"supervisor","3","5","6000","9.776","11.889","613767","0.230","28.282","29.889","1","3","9.875","linux","current","baseline","0"
"supervisor","16","1","32000","50.706","52.806","631087","0.240","47.935","69.167","1","3","50.453","linux","current","baseline","0"
"supervisor","16","2","32000","50.697","52.814","631205","0.240","47.686","65.272","1","3","50.623","linux","current","baseline","0"
"supervisor","16","3","32000","50.899","53.004","628694","0.240","48.435","70.555","1","3","50.799","linux","current","baseline","0"
"supervisor","16","4","32000","52.657","54.761","607709","0.240","51.171","74.090","1","3","52.538","linux","current","baseline","0"
"supervisor","16","5","32000","51.736","53.867","618519","0.240","47.955","79.932","1","3","51.713","linux","current","baseline","0"
"supervisor","1","1","2000","3.559","5.683","562006","0.230","22.743","23.173","1","3","3.733","linux","current","baseline","1"
"supervisor","1","2","2000","3.536","4.644","565652","0.230","22.783","23.184","1","3","3.686","linux","current","baseline","1"
"supervisor","1","3","2000","3.329","5.436","600811","0.230","22.833","23.183","1","3","3.472","linux","current","baseline","1"
"supervisor","1","4","2000","3.627","5.770","551345","0.231","22.813","33.079","1","3","3.801","linux","current","baseline","1"
"supervisor","1","5","2000","3.343","5.450","598281","0.230","22.803","23.104","1","3","3.542","linux","current","baseline","1"
"supervisor","3","1","6000","10.068","12.176","595925","0.230","28.537","31.578","1","3","10.130","linux","current","baseline","1"
"supervisor","3","2","6000","9.834","11.940","610142","0.230","28.256","32.819","1","3","10.038","linux","current","baseline","1"
"supervisor","3","3","6000","10.130","12.244","592272","0.230","28.597","34.009","1","3","10.191","linux","current","baseline","1"
"supervisor","3","4","6000","9.825","11.936","610711","0.230","28.256","29.657","1","3","9.908","linux","current","baseline","1"
"supervisor","3","5","6000","10.129","12.236","592345","0.230","28.476","30.277","1","3","10.211","linux","current","baseline","1"
"supervisor","16","1","32000","53.610","55.730","596899","0.240","51.850","79.306","1","3","53.327","linux","current","baseline","1"
"supervisor","16","2","32000","52.761","54.865","606508","0.241","52.590","81.117","1","3","52.621","linux","current","baseline","1"
"supervisor","16","3","32000","52.617","54.724","608168","0.241","50.879","76.704","1","3","52.618","linux","current","baseline","1"
"supervisor","16","4","32000","52.340","54.453","611392","0.240","48.978","75.483","1","3","52.225","linux","current","baseline","1"
"supervisor","16","5","32000","53.184","55.289","601688","0.241","52.170","83.877","1","3","53.044","linux","current","baseline","1"
"manual","1","1","2000","3.455","5.621","578867","0.210","23.030","23.670","1","3","3.673","linux","current","candidate","0"
"manual","1","2","2000","3.307","5.426","604774","0.210","23.020","24.000","1","3","3.467","linux","current","candidate","0"
"manual","1","3","2000","3.779","5.884","529267","0.210","23.000","23.370","1","3","3.923","linux","current","candidate","0"
"manual","1","4","2000","3.260","5.368","613412","0.210","23.130","23.341","1","3","3.414","linux","current","candidate","0"
"manual","1","5","2000","3.280","5.407","609672","0.210","23.020","23.310","1","3","3.419","linux","current","candidate","0"
"manual","3","1","6000","9.760","11.892","614732","0.219","28.378","29.917","1","3","9.875","linux","current","candidate","0"
"manual","3","2","6000","9.862","11.978","608414","0.219","28.388","31.776","1","3","10.085","linux","current","candidate","0"
"manual","3","3","6000","9.832","11.946","610225","0.219","28.438","30.028","1","3","9.923","linux","current","candidate","0"
"manual","3","4","6000","9.945","12.051","603338","0.219","28.508","30.117","1","3","10.026","linux","current","candidate","0"
"manual","3","5","6000","9.991","12.155","600547","0.219","28.398","30.097","1","3","10.092","linux","current","candidate","0"
"manual","16","1","32000","51.920","54.022","616328","0.230","48.329","75.258","1","3","51.660","linux","current","candidate","0"
"manual","16","2","32000","52.509","54.642","609415","0.230","48.629","77.067","1","3","52.357","linux","current","candidate","0"
"manual","16","3","32000","51.903","54.006","616533","0.230","48.629","68.841","1","3","51.776","linux","current","candidate","0"
"manual","16","4","32000","53.279","55.387","600612","0.230","48.520","74.678","1","3","53.061","linux","current","candidate","0"
"manual","16","5","32000","51.875","54.002","616869","0.230","48.319","72.959","1","3","51.881","linux","current","candidate","0"
"manual","1","1","2000","3.826","5.934","522721","0.210","23.177","31.969","1","3","4.017","linux","current","candidate","1"
"manual","1","2","2000","3.387","5.510","590432","0.210","23.157","23.427","1","3","3.536","linux","current","candidate","1"
"manual","1","3","2000","3.359","5.466","595404","0.210","23.177","28.728","1","3","3.507","linux","current","candidate","1"
"manual","1","4","2000","3.665","5.777","545628","0.210","23.227","23.646","1","3","3.815","linux","current","candidate","1"
"manual","1","5","2000","3.327","5.434","601143","0.210","23.366","23.687","1","3","3.480","linux","current","candidate","1"
"manual","3","1","6000","10.245","12.360","585640","0.211","28.768","34.010","1","3","10.307","linux","current","candidate","1"
"manual","3","2","6000","10.188","12.297","588915","0.220","28.499","36.681","1","3","10.493","linux","current","candidate","1"
"manual","3","3","6000","9.990","12.103","600602","0.211","28.558","35.340","1","3","10.082","linux","current","candidate","1"
"manual","3","4","6000","9.978","12.086","601337","0.211","28.518","30.829","1","3","10.026","linux","current","candidate","1"
"manual","3","5","6000","10.091","12.205","594598","0.220","28.648","35.740","1","3","10.165","linux","current","candidate","1"
"manual","16","1","32000","52.396","54.502","610734","0.230","48.654","73.931","1","3","52.116","linux","current","candidate","1"
"manual","16","2","32000","52.342","54.442","611365","0.230","48.514","71.961","1","3","52.207","linux","current","candidate","1"
"manual","16","3","32000","52.868","54.994","605287","0.230","48.714","74.101","1","3","52.783","linux","current","candidate","1"
"manual","16","4","32000","51.843","53.942","617244","0.230","48.653","70.350","1","3","51.851","linux","current","candidate","1"
"manual","16","5","32000","53.190","55.302","601617","0.230","48.474","75.831","1","3","53.118","linux","current","candidate","1"
"etherbird","1","1","2000","11.883","14.061","168312","5.475","6.734","16.296","1","3","11.562","linux","current","candidate","0"
"etherbird","1","2","2000","11.474","13.571","174310","5.495","5.585","10.322","1","2","11.085","linux","current","candidate","0"
"etherbird","1","3","2000","12.047","14.150","166011","5.495","7.933","15.567","1","2","11.663","linux","current","candidate","0"
"etherbird","1","4","2000","13.261","15.298","150816","5.485","10.901","19.663","1","2","12.890","linux","current","candidate","0"
"etherbird","1","5","2000","12.483","14.587","160223","5.495","5.606","18.114","1","2","12.088","linux","current","candidate","0"
"etherbird","3","1","6000","30.063","32.188","199583","12.879","17.195","53.864","1","2","29.640","linux","current","candidate","0"
"etherbird","3","2","6000","27.004","29.091","222192","12.889","13.399","35.220","1","2","26.823","linux","current","candidate","0"
"etherbird","3","3","6000","27.558","29.647","217722","12.869","13.689","43.483","1","2","27.129","linux","current","candidate","0"
"etherbird","3","4","6000","28.227","30.319","212562","12.879","14.567","46.001","1","2","27.775","linux","current","candidate","0"
"etherbird","3","5","6000","28.344","30.434","211685","12.879","15.687","45.471","1","2","27.889","linux","current","candidate","0"
"etherbird","16","1","32000","110.599","112.697","289333","49.608","82.060","132.267","1","2","109.996","linux","current","candidate","0"
"etherbird","16","2","32000","107.519","109.631","297621","49.188","74.656","132.507","1","2","107.063","linux","current","candidate","0"
"etherbird","16","3","32000","111.817","113.924","286181","49.418","79.472","196.672","1","2","111.409","linux","current","candidate","0"
"etherbird","16","4","32000","108.345","110.438","295352","49.308","73.587","129.399","1","2","108.124","linux","current","candidate","0"
"etherbird","16","5","32000","107.086","109.188","298826","49.379","74.599","119.602","1","2","106.656","linux","current","candidate","0"
"etherbird","1","1","2000","11.967","14.044","167127","5.469","6.900","12.990","1","2","11.588","linux","current","candidate","1"
"etherbird","1","2","2000","11.543","13.645","173260","5.460","5.570","15.609","1","2","11.136","linux","current","candidate","1"
"etherbird","1","3","2000","11.980","14.079","166943","5.470","6.890","18.179","1","2","11.642","linux","current","candidate","1"
"etherbird","1","4","2000","11.982","14.086","166917","5.479","7.070","19.649","1","2","11.594","linux","current","candidate","1"
"etherbird","1","5","2000","11.568","13.669","172886","5.469","5.600","15.559","1","2","11.191","linux","current","candidate","1"
"etherbird","3","1","6000","28.130","30.246","213295","12.919","18.499","42.228","1","2","27.729","linux","current","candidate","1"
"etherbird","3","2","6000","27.946","30.044","214702","12.889","21.929","38.079","1","2","27.626","linux","current","candidate","1"
"etherbird","3","3","6000","27.869","29.962","215294","12.910","16.339","43.638","1","2","27.502","linux","current","candidate","1"
"etherbird","3","4","6000","27.808","29.893","215767","12.899","15.620","43.938","1","2","27.361","linux","current","candidate","1"
"etherbird","3","5","6000","27.207","29.301","220535","12.879","15.150","36.178","1","2","26.768","linux","current","candidate","1"
"etherbird","16","1","32000","105.451","107.556","303460","49.498","73.046","92.496","1","2","104.852","linux","current","candidate","1"
"etherbird","16","2","32000","106.047","108.147","301752","49.197","73.986","104.535","1","2","105.663","linux","current","candidate","1"
"etherbird","16","3","32000","106.244","108.339","301193","49.428","74.686","101.545","1","2","105.788","linux","current","candidate","1"
"etherbird","16","4","32000","103.734","105.901","308483","49.237","70.647","92.836","1","3","103.377","linux","current","candidate","1"
"etherbird","16","5","32000","105.970","108.143","301971","49.238","78.657","99.305","1","2","105.462","linux","current","candidate","1"
"supervisor","1","1","2000","3.463","5.568","577566","0.230","22.710","22.991","1","3","3.623","linux","current","candidate","0"
"supervisor","1","2","2000","3.357","5.473","595804","0.230","22.830","23.160","1","3","3.503","linux","current","candidate","0"
"supervisor","1","3","2000","3.237","5.420","617892","0.230","22.731","22.950","1","4","3.381","linux","current","candidate","0"
"supervisor","1","4","2000","3.409","5.525","586629","0.230","22.700","23.090","1","3","3.535","linux","current","candidate","0"
"supervisor","1","5","2000","3.226","5.331","619998","0.230","22.850","23.080","1","3","3.400","linux","current","candidate","0"
"supervisor","3","1","6000","10.064","12.192","596182","0.230","28.328","31.827","1","3","10.132","linux","current","candidate","0"
"supervisor","3","2","6000","10.248","12.354","585484","0.230","29.298","37.244","1","3","10.485","linux","current","candidate","0"
"supervisor","3","3","6000","9.864","12.003","608278","0.230","28.308","30.137","1","3","9.950","linux","current","candidate","0"
"supervisor","3","4","6000","9.857","11.990","608724","0.230","28.338","30.077","1","3","9.978","linux","current","candidate","0"
"supervisor","3","5","6000","10.268","11.379","584317","0.230","28.608","42.652","1","3","10.384","linux","current","candidate","0"
"supervisor","16","1","32000","51.956","54.057","615907","0.240","48.230","77.897","1","3","51.705","linux","current","candidate","0"
"supervisor","16","2","32000","53.491","55.593","598227","0.240","48.190","83.495","1","3","53.376","linux","current","candidate","0"
"supervisor","16","3","32000","55.583","57.701","575718","0.240","55.976","88.093","1","3","55.370","linux","current","candidate","0"
"supervisor","16","4","32000","54.040","56.153","592150","0.250","51.139","72.830","1","3","53.888","linux","current","candidate","0"
"supervisor","16","5","32000","52.392","54.502","610775","0.240","49.080","71.671","1","3","52.266","linux","current","candidate","0"
"supervisor","1","1","2000","3.887","6.036","514579","0.230","22.769","23.379","1","3","4.075","linux","current","candidate","1"
"supervisor","1","2","2000","3.564","5.714","561121","0.230","22.798","23.179","1","3","3.720","linux","current","candidate","1"
"supervisor","1","3","2000","3.684","5.822","542850","0.230","22.699","22.999","1","3","3.846","linux","current","candidate","1"
"supervisor","1","4","2000","3.917","6.047","510584","0.230","22.779","32.989","1","3","4.122","linux","current","candidate","1"
"supervisor","1","5","2000","3.531","5.648","566351","0.230","22.779","25.809","1","3","3.740","linux","current","candidate","1"
"supervisor","3","1","6000","10.615","12.728","565212","0.230","29.438","44.058","1","3","10.734","linux","current","candidate","1"
"supervisor","3","2","6000","11.118","13.224","539677","0.230","28.499","35.569","1","3","11.309","linux","current","candidate","1"
"supervisor","3","3","6000","10.038","12.145","597754","0.230","28.339","30.139","1","3","10.091","linux","current","candidate","1"
"supervisor","3","4","6000","10.899","13.024","550512","0.230","28.189","34.698","1","3","10.935","linux","current","candidate","1"
"supervisor","3","5","6000","10.543","12.659","569106","0.230","28.339","40.458","1","3","10.656","linux","current","candidate","1"
"supervisor","16","1","32000","53.644","55.748","596530","0.240","48.218","72.761","1","3","53.366","linux","current","candidate","1"
"supervisor","16","2","32000","53.559","55.667","597467","0.240","48.033","82.013","1","3","53.431","linux","current","candidate","1"
"supervisor","16","3","32000","52.125","54.226","613909","0.240","47.893","70.290","1","3","52.009","linux","current","candidate","1"
"supervisor","16","4","32000","55.033","57.132","581469","0.240","48.053","87.705","1","3","54.883","linux","current","candidate","1"
"supervisor","16","5","32000","52.344","53.452","611345","0.240","48.494","83.874","1","3","52.216","linux","current","candidate","1"
"manual","1","1","2000","3.605","5.186","554827","0.311","3.438","43.874","16","80","5.623","linux","default","baseline","0"
"manual","1","2","2000","3.896","6.167","513373","0.321","4.160","46.420","16","96","5.226","linux","default","baseline","0"
"manual","1","3","2000","7.165","9.374","279121","0.311","37.067","58.378","16","163","9.425","linux","default","baseline","0"
"manual","1","4","2000","10.884","52.296","183757","0.331","44.756","63.129","16","294","14.563","linux","default","baseline","0"
"manual","1","5","2000","3.986","6.371","501797","0.351","3.138","45.120","16","98","6.195","linux","default","baseline","0"
"manual","3","1","6000","11.553","14.317","519344","0.772","23.967","83.508","16","251","17.487","linux","default","baseline","0"
"manual","3","2","6000","22.098","24.493","271513","1.043","69.825","138.644","16","465","30.781","linux","default","baseline","0"
"manual","3","3","6000","14.133","57.645","424545","0.992","32.056","79.087","16","369","21.455","linux","default","baseline","0"
"manual","3","4","6000","12.761","56.666","470196","1.263","24.498","82.605","16","305","18.610","linux","default","baseline","0"
"manual","3","5","6000","10.878","13.168","551552","1.052","21.992","88.743","16","244","16.926","linux","default","baseline","0"
"manual","16","1","32000","30.915","37.425","1035087","10.756","51.515","78.977","16","813","63.577","linux","default","baseline","0"
"manual","16","2","32000","30.855","36.481","1037117","10.796","50.770","78.683","16","749","64.018","linux","default","baseline","0"
"manual","16","3","32000","41.196","43.496","776773","10.565","63.630","106.141","16","808","76.201","linux","default","baseline","0"
"manual","16","4","32000","31.720","35.442","1008823","10.434","51.442","79.057","16","783","63.840","linux","default","baseline","0"
"manual","16","5","32000","30.628","37.050","1044810","10.425","51.171","78.726","16","831","62.095","linux","default","baseline","0"
"manual","1","1","2000","6.391","8.535","312954","0.319","15.550","59.691","16","141","8.817","linux","default","baseline","1"
"manual","1","2","2000","10.579","54.294","189059","0.329","43.582","46.009","16","300","14.473","linux","default","baseline","1"
"manual","1","3","2000","3.411","5.140","586307","0.460","2.588","47.617","16","78","4.556","linux","default","baseline","1"
"manual","1","4","2000","4.157","6.299","481119","0.309","4.167","43.162","16","110","6.951","linux","default","baseline","1"
"manual","1","5","2000","7.512","9.707","266249","0.330","39.594","51.557","16","162","9.992","linux","default","baseline","1"
"manual","3","1","6000","19.621","62.875","305792","1.189","42.453","66.247","16","485","26.977","linux","default","baseline","1"
"manual","3","2","6000","8.809","11.028","681106","0.829","15.281","53.625","16","215","14.807","linux","default","baseline","1"
"manual","3","3","6000","9.790","11.939","612901","0.929","22.496","63.119","16","232","16.192","linux","default","baseline","1"
"manual","3","4","6000","11.664","13.176","514412","1.170","27.572","95.648","16","272","17.765","linux","default","baseline","1"
"manual","3","5","6000","12.946","15.531","463457","0.849","33.868","86.924","16","304","18.777","linux","default","baseline","1"
"manual","16","1","32000","30.415","36.232","1052109","10.433","46.750","67.736","16","782","62.004","linux","default","baseline","1"
"manual","16","2","32000","28.410","34.670","1126373","10.404","48.769","63.110","16","763","59.148","linux","default","baseline","1"
"manual","16","3","32000","28.540","34.533","1121245","10.443","46.180","64.718","16","785","60.641","linux","default","baseline","1"
"manual","16","4","32000","27.330","35.516","1170883","10.373","44.051","78.280","16","772","58.399","linux","default","baseline","1"
"manual","16","5","32000","28.419","35.859","1126010","10.344","48.868","73.522","16","788","60.182","linux","default","baseline","1"
"etherbird","1","1","2000","105.345","146.266","18985","50.963","88.121","142.853","16","4129","124.581","linux","default","baseline","0"
"etherbird","1","2","2000","136.532","138.778","14649","63.545","103.629","149.579","16","5622","185.372","linux","default","baseline","0"
"etherbird","1","3","2000","139.021","141.160","14386","64.017","105.192","151.684","16","5538","187.775","linux","default","baseline","0"
"etherbird","1","4","2000","137.709","139.933","14523","64.911","102.970","146.923","16","5611","185.992","linux","default","baseline","0"
"etherbird","1","5","2000","141.152","143.318","14169","65.035","104.885","174.172","16","5540","187.822","linux","default","baseline","0"
"etherbird","3","1","6000","159.821","161.978","37542","63.755","130.518","197.693","16","7808","270.595","linux","default","baseline","0"
"etherbird","3","2","6000","155.719","157.859","38531","64.133","127.640","172.329","16","7743","267.765","linux","default","baseline","0"
"etherbird","3","3","6000","153.102","155.305","39190","62.111","123.901","173.381","16","7788","258.062","linux","default","baseline","0"
"etherbird","3","4","6000","150.194","152.370","39948","61.840","122.297","157.482","16","7788","260.166","linux","default","baseline","0"
"etherbird","3","5","6000","147.083","149.276","40793","62.031","121.876","159.096","16","7698","250.070","linux","default","baseline","0"
"etherbird","16","1","32000","247.705","247.706","129186","102.321","224.603","313.520","16","13405","505.341","linux","default","baseline","0"
"etherbird","16","2","32000","247.357","247.358","129367","102.410","221.609","310.987","16","13474","506.440","linux","default","baseline","0"
"etherbird","16","3","32000","249.215","249.217","128403","103.172","226.951","317.303","16","13499","506.408","linux","default","baseline","0"
"etherbird","16","4","32000","245.813","247.967","130180","102.249","219.994","322.585","16","13494","502.120","linux","default","baseline","0"
"etherbird","16","5","32000","248.455","250.576","128796","102.604","225.735","326.628","16","13553","504.489","linux","default","baseline","0"
"etherbird","1","1","2000","128.161","130.270","15605","61.386","95.469","123.772","16","5538","180.766","linux","default","baseline","1"
"etherbird","1","2","2000","133.030","135.170","15034","62.160","98.131","139.680","16","5565","182.104","linux","default","baseline","1"
"etherbird","1","3","2000","131.751","133.896","15180","62.560","96.399","137.800","16","5636","176.420","linux","default","baseline","1"
"etherbird","1","4","2000","133.938","136.099","14932","62.409","98.349","143.528","16","5655","178.871","linux","default","baseline","1"
"etherbird","1","5","2000","134.342","136.482","14887","62.080","98.942","139.626","16","5643","180.668","linux","default","baseline","1"
"etherbird","3","1","6000","156.441","158.624","38353","63.320","127.890","185.328","16","7858","264.023","linux","default","baseline","1"
"etherbird","3","2","6000","154.333","156.460","38877","64.197","126.543","174.327","16","7864","260.361","linux","default","baseline","1"
"etherbird","3","3","6000","159.532","161.669","37610","64.197","126.462","178.608","16","7920","268.388","linux","default","baseline","1"
"etherbird","3","4","6000","157.033","159.262","38208","64.613","127.782","181.499","16","7745","262.811","linux","default","baseline","1"
"etherbird","3","5","6000","154.624","156.763","38804","63.671","127.090","182.291","16","7856","260.021","linux","default","baseline","1"
"etherbird","16","1","32000","264.656","264.657","120911","108.045","247.028","389.527","16","13920","527.662","linux","default","baseline","1"
"etherbird","16","2","32000","249.819","251.975","128093","103.743","227.399","340.281","16","13802","504.187","linux","default","baseline","1"
"etherbird","16","3","32000","248.490","250.687","128778","103.140","224.634","329.288","16","13530","500.117","linux","default","baseline","1"
"etherbird","16","4","32000","256.607","256.608","124705","103.760","232.372","343.358","16","13848","513.159","linux","default","baseline","1"
"etherbird","16","5","32000","252.675","254.808","126645","103.789","226.286","317.836","16","13826","505.121","linux","default","baseline","1"
"supervisor","1","1","2000","8.554","52.410","233810","0.361","42.762","49.869","16","258","11.795","linux","default","baseline","0"
"supervisor","1","2","2000","4.288","6.965","466372","0.331","4.150","50.261","16","95","6.439","linux","default","baseline","0"
"supervisor","1","3","2000","5.585","7.647","358127","0.311","19.356","44.808","16","145","8.355","linux","default","baseline","0"
"supervisor","1","4","2000","5.829","8.174","343138","0.311","15.477","49.031","16","132","8.013","linux","default","baseline","0"
"supervisor","1","5","2000","6.489","8.385","308204","0.321","25.852","60.342","16","131","8.841","linux","default","baseline","0"
"supervisor","3","1","6000","10.540","13.378","569241","0.972","22.945","83.197","16","233","15.970","linux","default","baseline","0"
"supervisor","3","2","6000","17.229","19.481","348242","0.792","47.143","131.906","16","410","24.355","linux","default","baseline","0"
"supervisor","3","3","6000","13.570","16.283","442143","1.103","34.844","130.804","16","321","20.270","linux","default","baseline","0"
"supervisor","3","4","6000","22.141","67.255","270986","0.471","60.646","140.327","16","562","30.960","linux","default","baseline","0"
"supervisor","3","5","6000","11.793","56.084","508773","1.133","26.213","97.945","16","308","18.260","linux","default","baseline","0"
"supervisor","16","1","32000","29.879","34.323","1070997","10.515","51.063","79.196","16","749","60.627","linux","default","baseline","0"
"supervisor","16","2","32000","28.613","33.142","1118392","10.245","49.018","81.214","16","771","59.636","linux","default","baseline","0"
"supervisor","16","3","32000","28.978","35.292","1104299","10.175","48.496","73.266","16","825","60.072","linux","default","baseline","0"
"supervisor","16","4","32000","26.765","34.905","1195606","10.044","48.527","73.005","16","777","58.367","linux","default","baseline","0"
"supervisor","16","5","32000","30.665","36.543","1043522","9.954","52.536","86.136","16","797","62.184","linux","default","baseline","0"
"supervisor","1","1","2000","2.660","4.856","751906","0.340","2.668","27.552","16","69","4.683","linux","default","baseline","1"
"supervisor","1","2","2000","3.798","5.154","526607","0.320","4.077","43.322","16","101","6.346","linux","default","baseline","1"
"supervisor","1","3","2000","5.688","8.397","351605","0.320","22.145","44.331","16","141","8.160","linux","default","baseline","1"
"supervisor","1","4","2000","4.329","6.303","462008","0.410","4.669","46.910","16","130","6.350","linux","default","baseline","1"
"supervisor","1","5","2000","2.904","5.396","688743","0.340","2.729","38.271","16","77","4.680","linux","default","baseline","1"
"supervisor","3","1","6000","17.125","19.269","350373","0.800","48.510","129.321","16","366","24.005","linux","default","baseline","1"
"supervisor","3","2","6000","8.601","10.846","697627","1.150","11.018","54.858","16","184","13.796","linux","default","baseline","1"
"supervisor","3","3","6000","8.916","11.158","672977","0.790","15.277","62.926","16","212","14.259","linux","default","baseline","1"
"supervisor","3","4","6000","12.726","14.261","471475","0.650","28.834","130.442","16","285","18.685","linux","default","baseline","1"
"supervisor","3","5","6000","12.643","14.980","474589","1.179","29.304","130.351","16","292","18.914","linux","default","baseline","1"
"supervisor","16","1","32000","26.963","34.256","1186832","10.148","48.290","65.065","16","759","57.610","linux","default","baseline","1"
"supervisor","16","2","32000","26.630","35.376","1201662","10.088","46.959","62.627","16","762","57.795","linux","default","baseline","1"
"supervisor","16","3","32000","27.637","34.687","1157857","10.088","45.010","70.965","16","803","58.735","linux","default","baseline","1"
"supervisor","16","4","32000","27.478","33.009","1164569","10.168","49.489","70.595","16","760","58.347","linux","default","baseline","1"
"supervisor","16","5","32000","29.480","36.287","1085466","10.197","50.559","75.893","16","816","61.504","linux","default","baseline","1"
"manual","1","1","2000","4.790","7.539","417579","0.319","5.172","45.890","16","129","7.228","linux","default","candidate","0"
"manual","1","2","2000","3.961","6.225","504980","0.319","4.006","43.707","16","97","5.825","linux","default","candidate","0"
"manual","1","3","2000","5.250","6.735","380974","0.339","4.963","44.235","16","116","7.385","linux","default","candidate","0"
"manual","1","4","2000","14.447","16.332","138432","0.329","43.716","50.274","16","336","18.439","linux","default","candidate","0"
"manual","1","5","2000","19.331","21.479","103460","0.438","45.052","73.572","16","448","24.465","linux","default","candidate","0"
"manual","3","1","6000","13.578","15.757","441884","0.767","28.102","63.949","16","316","19.894","linux","default","candidate","0"
"manual","3","2","6000","11.873","54.577","505341","0.976","24.843","128.450","16","298","17.090","linux","default","candidate","0"
"manual","3","3","6000","11.271","54.029","532326","0.787","25.013","81.863","16","296","17.041","linux","default","candidate","0"
"manual","3","4","6000","17.734","63.665","338334","0.618","44.205","91.081","16","438","25.281","linux","default","candidate","0"
"manual","3","5","6000","15.018","57.546","399515","0.797","39.611","120.777","16","378","21.681","linux","default","candidate","0"
"manual","16","1","32000","29.350","35.738","1090308","10.742","50.413","69.307","16","776","61.215","linux","default","candidate","0"
"manual","16","2","32000","30.269","35.937","1057199","10.593","49.912","83.351","16","772","61.302","linux","default","candidate","0"
"manual","16","3","32000","31.836","37.466","1005160","10.373","51.251","94.330","16","850","62.852","linux","default","candidate","0"
"manual","16","4","32000","27.930","34.369","1145719","10.404","49.008","72.317","16","771","58.919","linux","default","candidate","0"
"manual","16","5","32000","27.992","34.399","1143191","10.334","47.414","78.236","16","775","58.659","linux","default","candidate","0"
"manual","1","1","2000","10.428","12.221","191785","0.320","43.173","70.275","16","218","13.486","linux","default","candidate","1"
"manual","1","2","2000","5.974","8.146","334805","0.330","19.499","46.880","16","145","8.181","linux","default","candidate","1"
"manual","1","3","2000","8.022","9.849","249302","0.340","43.204","49.257","16","193","11.215","linux","default","candidate","1"
"manual","1","4","2000","5.332","7.108","375095","0.319","5.155","43.663","16","126","7.689","linux","default","candidate","1"
"manual","1","5","2000","5.260","7.454","380243","0.309","5.384","48.648","16","121","7.432","linux","default","candidate","1"
"manual","3","1","6000","15.469","58.355","387883","0.939","39.118","101.650","16","389","22.231","linux","default","candidate","1"
"manual","3","2","6000","10.007","12.151","599562","1.178","18.370","60.495","16","230","15.955","linux","default","candidate","1"
"manual","3","3","6000","10.890","12.637","550988","0.629","31.267","82.491","16","276","17.736","linux","default","candidate","1"
"manual","3","4","6000","13.997","16.391","428663","0.480","35.072","129.800","16","326","21.410","linux","default","candidate","1"
"manual","3","5","6000","15.504","61.629","386996","1.079","35.921","130.250","16","381","23.136","linux","default","candidate","1"
"manual","16","1","32000","27.240","35.360","1174746","10.399","47.130","65.130","16","740","58.376","linux","default","candidate","1"
"manual","16","2","32000","27.084","32.216","1181498","10.433","43.802","64.778","16","765","57.060","linux","default","candidate","1"
"manual","16","3","32000","29.583","35.217","1081695","10.334","47.530","83.746","16","769","60.911","linux","default","candidate","1"
"manual","16","4","32000","34.056","39.882","939641","10.394","50.158","94.119","16","876","66.183","linux","default","candidate","1"
"manual","16","5","32000","28.840","34.911","1109562","10.464","49.678","66.717","16","771","61.508","linux","default","candidate","1"
"etherbird","1","1","2000","110.378","112.555","18120","57.910","79.819","108.520","16","4668","154.587","linux","default","candidate","0"
"etherbird","1","2","2000","113.840","116.019","17569","59.211","83.226","116.574","16","4927","155.492","linux","default","candidate","0"
"etherbird","1","3","2000","114.699","116.847","17437","59.330","81.378","142.736","16","4950","156.860","linux","default","candidate","0"
"etherbird","1","4","2000","108.424","110.531","18446","57.125","76.271","102.874","16","4703","151.673","linux","default","candidate","0"
"etherbird","1","5","2000","113.324","115.464","17648","59.092","81.567","123.659","16","4880","154.159","linux","default","candidate","0"
"etherbird","3","1","6000","128.719","130.830","46613","56.330","103.329","160.532","16","6909","221.364","linux","default","candidate","0"
"etherbird","3","2","6000","130.776","132.976","45880","57.087","105.222","161.722","16","6874","225.440","linux","default","candidate","0"
"etherbird","3","3","6000","136.180","138.291","44059","57.823","108.166","160.489","16","7142","233.867","linux","default","candidate","0"
"etherbird","3","4","6000","130.968","133.085","45813","56.590","104.993","155.148","16","6892","227.940","linux","default","candidate","0"
"etherbird","3","5","6000","134.405","136.544","44641","56.610","105.918","171.269","16","6960","228.724","linux","default","candidate","0"
"etherbird","16","1","32000","256.093","256.094","124954","106.207","229.731","356.629","16","13867","525.061","linux","default","candidate","0"
"etherbird","16","2","32000","250.557","250.557","127716","104.606","223.799","322.718","16","14032","512.804","linux","default","candidate","0"
"etherbird","16","3","32000","252.035","252.036","126966","106.358","227.244","312.843","16","14003","517.300","linux","default","candidate","0"
"etherbird","16","4","32000","258.157","258.157","123956","107.344","235.332","372.394","16","14055","521.900","linux","default","candidate","0"
"etherbird","16","5","32000","254.230","254.231","125870","105.541","230.240","336.858","16","14008","521.240","linux","default","candidate","0"
"etherbird","1","1","2000","108.680","110.805","18403","56.282","73.673","89.609","16","5096","153.002","linux","default","candidate","1"
"etherbird","1","2","2000","110.386","112.513","18118","57.212","77.356","98.557","16","5082","155.313","linux","default","candidate","1"
"etherbird","1","3","2000","112.697","114.829","17747","59.954","76.289","100.742","16","4992","154.669","linux","default","candidate","1"
"etherbird","1","4","2000","119.646","121.770","16716","61.919","83.389","109.167","16","5268","160.821","linux","default","candidate","1"
"etherbird","1","5","2000","120.964","123.116","16534","63.078","84.585","114.084","16","5156","164.446","linux","default","candidate","1"
"etherbird","3","1","6000","136.497","138.632","43957","58.936","108.729","155.350","16","7067","234.182","linux","default","candidate","1"
"etherbird","3","2","6000","136.030","138.181","44108","58.817","108.979","193.953","16","7042","235.402","linux","default","candidate","1"
"etherbird","3","3","6000","137.517","139.712","43631","59.335","107.868","165.852","16","7104","232.936","linux","default","candidate","1"
"etherbird","3","4","6000","133.943","136.292","44795","57.959","107.349","163.802","16","6958","231.191","linux","default","candidate","1"
"etherbird","3","5","6000","135.261","137.415","44359","58.522","106.221","180.933","16","6951","231.830","linux","default","candidate","1"
"etherbird","16","1","32000","265.642","265.643","120463","110.792","239.484","351.782","16","13867","539.743","linux","default","candidate","1"
"etherbird","16","2","32000","261.249","261.250","122489","108.476","240.199","341.863","16","14268","535.796","linux","default","candidate","1"
"etherbird","16","3","32000","253.958","256.073","126005","105.067","233.666","351.113","16","13971","515.983","linux","default","candidate","1"
"etherbird","16","4","32000","253.984","253.985","125992","107.352","226.502","311.013","16","14005","520.042","linux","default","candidate","1"
"etherbird","16","5","32000","264.263","266.374","121091","111.226","239.395","327.717","16","14373","548.942","linux","default","candidate","1"
"supervisor","1","1","2000","6.313","8.067","316814","0.468","27.112","49.784","16","143","8.798","linux","default","candidate","0"
"supervisor","1","2","2000","11.723","54.930","170610","0.339","44.925","55.151","16","328","15.691","linux","default","candidate","0"
"supervisor","1","3","2000","3.662","6.419","546216","0.329","3.913","43.213","16","93","5.305","linux","default","candidate","0"
"supervisor","1","4","2000","6.091","8.597","328345","0.339","16.917","45.532","16","130","7.899","linux","default","candidate","0"
"supervisor","1","5","2000","3.192","5.939","626605","0.469","2.650","33.154","16","62","4.811","linux","default","candidate","0"
"supervisor","3","1","6000","11.556","13.291","519215","0.698","26.806","126.112","16","281","18.191","linux","default","candidate","0"
"supervisor","3","2","6000","11.436","14.100","524650","0.748","27.633","99.432","16","264","17.681","linux","default","candidate","0"
"supervisor","3","3","6000","12.366","14.583","485196","0.508","30.892","96.453","16","298","18.413","linux","default","candidate","0"
"supervisor","3","4","6000","8.587","51.862","698698","0.618","5.999","56.572","16","231","14.213","linux","default","candidate","0"
"supervisor","3","5","6000","10.876","12.311","551659","0.936","24.774","92.935","16","250","17.058","linux","default","candidate","0"
"supervisor","16","1","32000","28.524","34.596","1121876","10.404","51.230","69.796","16","739","60.020","linux","default","candidate","0"
"supervisor","16","2","32000","32.155","39.594","995165","10.443","55.137","107.185","16","809","65.406","linux","default","candidate","0"
"supervisor","16","3","32000","28.663","35.327","1116424","10.104","50.899","77.707","16","774","59.760","linux","default","candidate","0"
"supervisor","16","4","32000","30.464","37.523","1050436","10.115","48.178","75.356","16","854","62.446","linux","default","candidate","0"
"supervisor","16","5","32000","27.674","36.643","1156319","10.194","50.552","67.029","16","793","60.358","linux","default","candidate","0"
"supervisor","1","1","2000","7.251","9.158","275842","0.340","43.382","50.541","16","162","9.745","linux","default","candidate","1"
"supervisor","1","2","2000","15.989","18.199","125087","0.380","45.189","55.853","16","374","21.200","linux","default","candidate","1"
"supervisor","1","3","2000","6.534","47.292","306076","0.429","29.574","48.634","16","184","9.404","linux","default","candidate","1"
"supervisor","1","4","2000","6.486","8.635","308363","0.340","20.098","58.049","16","141","8.777","linux","default","candidate","1"
"supervisor","1","5","2000","10.975","13.078","182231","0.340","45.130","52.508","16","264","14.508","linux","default","candidate","1"
"supervisor","3","1","6000","16.009","18.101","374785","0.599","43.322","135.398","16","376","24.314","linux","default","candidate","1"
"supervisor","3","2","6000","8.570","51.258","700110","0.879","6.420","58.489","16","237","14.265","linux","default","candidate","1"
"supervisor","3","3","6000","17.051","19.210","351880","0.838","42.663","133.481","16","404","25.063","linux","default","candidate","1"
"supervisor","3","4","6000","8.257","9.805","726662","1.278","5.961","55.323","16","189","14.487","linux","default","candidate","1"
"supervisor","3","5","6000","12.874","56.602","466064","1.218","29.703","135.049","16","337","19.672","linux","default","candidate","1"
"supervisor","16","1","32000","35.046","39.426","913076","10.503","60.546","93.793","16","783","70.475","linux","default","candidate","1"
"supervisor","16","2","32000","34.596","40.199","924957","10.254","61.903","88.941","16","788","69.878","linux","default","candidate","1"
"supervisor","16","3","32000","27.755","34.698","1152928","10.055","50.981","71.049","16","777","59.388","linux","default","candidate","1"
"supervisor","16","4","32000","26.949","35.018","1187421","10.104","46.467","63.611","16","761","58.092","linux","default","candidate","1"
"supervisor","16","5","32000","26.313","34.533","1216135","9.750","44.102","74.563","16","795","58.225","linux","default","candidate","1"
"manual","1","1","2000","10.598","12.802","188723","0.441","43.046","53.034","2","205","13.794","linux","two","baseline","0"
"manual","1","2","2000","5.616","48.409","356106","0.451","16.864","42.846","2","151","8.090","linux","two","baseline","0"
"manual","1","3","2000","3.923","6.393","509773","0.310","4.044","46.868","2","60","5.332","linux","two","baseline","0"
"manual","1","4","2000","3.257","5.892","614048","0.350","2.832","41.565","2","54","4.801","linux","two","baseline","0"
"manual","1","5","2000","8.008","10.772","249741","0.330","31.166","55.996","2","139","10.226","linux","two","baseline","0"
"manual","3","1","6000","13.977","58.533","429291","1.241","31.707","129.837","2","238","18.924","linux","two","baseline","0"
"manual","3","2","6000","11.288","13.975","531541","1.291","14.772","101.984","2","154","15.832","linux","two","baseline","0"
"manual","3","3","6000","10.752","13.422","558013","1.231","22.749","87.131","2","150","15.258","linux","two","baseline","0"
"manual","3","4","6000","12.382","14.652","484580","1.331","28.143","77.034","2","179","17.486","linux","two","baseline","0"
"manual","3","5","6000","11.007","13.135","545128","1.271","25.210","70.368","2","145","15.652","linux","two","baseline","0"
"manual","16","1","32000","30.975","33.706","1033098","10.359","51.322","73.831","2","188","50.499","linux","two","baseline","0"
"manual","16","2","32000","34.235","77.718","934705","10.489","52.323","96.929","2","286","55.185","linux","two","baseline","0"
"manual","16","3","32000","34.421","36.744","929655","10.448","48.650","112.073","2","259","56.008","linux","two","baseline","0"
"manual","16","4","32000","33.860","79.272","945064","10.348","48.189","98.311","2","288","53.801","linux","two","baseline","0"
"manual","16","5","32000","33.316","35.143","960499","10.288","49.931","108.510","2","252","54.629","linux","two","baseline","0"
"manual","1","1","2000","5.336","7.912","374826","0.300","6.915","48.035","2","95","7.430","linux","two","baseline","1"
"manual","1","2","2000","5.755","7.437","347551","0.300","19.091","46.278","2","132","7.758","linux","two","baseline","1"
"manual","1","3","2000","3.951","6.253","506184","0.310","2.827","44.788","2","47","4.561","linux","two","baseline","1"
"manual","1","4","2000","9.573","12.104","208926","0.330","43.214","53.369","2","216","12.149","linux","two","baseline","1"
"manual","1","5","2000","10.816","12.987","184906","0.331","43.387","51.986","2","218","13.917","linux","two","baseline","1"
"manual","3","1","6000","11.305","14.079","530759","1.303","25.256","100.277","2","143","16.103","linux","two","baseline","1"
"manual","3","2","6000","7.850","9.054","764376","1.173","6.003","55.538","2","66","11.234","linux","two","baseline","1"
"manual","3","3","6000","13.890","57.485","431975","1.243","32.643","85.581","2","217","18.614","linux","two","baseline","1"
"manual","3","4","6000","16.652","18.162","360321","1.232","42.404","94.010","2","276","20.960","linux","two","baseline","1"
"manual","3","5","6000","11.061","56.262","542428","1.202","10.594","81.532","2","164","15.232","linux","two","baseline","1"
"manual","16","1","32000","32.826","34.267","974824","10.393","45.481","111.920","2","206","54.045","linux","two","baseline","1"
"manual","16","2","32000","38.568","40.747","829703","10.563","56.877","144.653","2","281","61.727","linux","two","baseline","1"
"manual","16","3","32000","32.361","76.950","988857","10.262","53.790","101.677","2","238","52.439","linux","two","baseline","1"
"manual","16","4","32000","33.157","35.516","965107","10.563","52.919","102.188","2","223","54.328","linux","two","baseline","1"
"manual","16","5","32000","31.016","32.534","1031734","10.373","48.718","80.740","2","200","50.895","linux","two","baseline","1"
"etherbird","1","1","2000","144.006","144.007","13888","77.036","103.119","156.328","2","4789","148.383","linux","two","baseline","0"
"etherbird","1","2","2000","144.517","146.671","13839","76.283","104.453","166.727","2","4799","149.463","linux","two","baseline","0"
"etherbird","1","3","2000","134.119","136.249","14912","76.023","103.981","143.278","2","4551","138.717","linux","two","baseline","0"
"etherbird","1","4","2000","137.917","140.085","14501","75.857","104.022","134.181","2","4604","145.429","linux","two","baseline","0"
"etherbird","1","5","2000","143.733","145.866","13915","78.415","107.813","146.639","2","4819","149.648","linux","two","baseline","0"
"etherbird","3","1","6000","125.604","125.604","47769","43.781","96.710","158.896","2","4858","167.517","linux","two","baseline","0"
"etherbird","3","2","6000","132.454","134.633","45299","44.162","100.922","185.666","2","5003","175.307","linux","two","baseline","0"
"etherbird","3","3","6000","131.755","133.885","45539","44.182","100.672","194.850","2","4940","174.673","linux","two","baseline","0"
"etherbird","3","4","6000","124.193","124.193","48312","43.981","99.080","164.014","2","4923","165.770","linux","two","baseline","0"
"etherbird","3","5","6000","124.263","126.459","48285","43.330","101.119","176.638","2","4855","164.045","linux","two","baseline","0"
"etherbird","16","1","32000","233.234","233.235","137201","93.971","201.493","354.721","2","9030","359.449","linux","two","baseline","0"
"etherbird","16","2","32000","224.265","224.265","142689","91.168","184.593","280.072","2","9015","346.120","linux","two","baseline","0"
"etherbird","16","3","32000","228.919","231.042","139788","92.904","186.517","307.810","2","9163","352.650","linux","two","baseline","0"
"etherbird","16","4","32000","224.361","226.510","142627","92.372","184.513","261.584","2","8968","347.345","linux","two","baseline","0"
"etherbird","16","5","32000","231.954","234.079","137958","94.231","196.418","367.773","2","9352","354.736","linux","two","baseline","0"
"etherbird","1","1","2000","141.354","141.355","14149","76.955","108.582","136.044","2","4737","147.568","linux","two","baseline","1"
"etherbird","1","2","2000","144.290","146.422","13861","80.958","109.761","158.692","2","4851","146.093","linux","two","baseline","1"
"etherbird","1","3","2000","141.879","141.879","14097","79.110","111.214","173.496","2","4621","149.190","linux","two","baseline","1"
"etherbird","1","4","2000","142.720","144.838","14013","77.817","104.579","144.440","2","4881","147.751","linux","two","baseline","1"
"etherbird","1","5","2000","144.643","146.793","13827","78.068","109.280","142.515","2","4965","150.325","linux","two","baseline","1"
"etherbird","3","1","6000","126.518","126.518","47424","44.291","100.079","158.943","2","4922","168.736","linux","two","baseline","1"
"etherbird","3","2","6000","130.105","130.106","46116","44.101","101.492","154.369","2","4809","172.751","linux","two","baseline","1"
"etherbird","3","3","6000","128.882","131.052","46554","44.342","98.419","199.174","2","4802","169.011","linux","two","baseline","1"
"etherbird","3","4","6000","125.366","127.516","47860","42.930","96.425","177.924","2","4902","165.236","linux","two","baseline","1"
"etherbird","3","5","6000","131.562","133.701","45606","43.040","108.973","193.420","2","4985","176.021","linux","two","baseline","1"
"etherbird","16","1","32000","233.571","233.572","137003","93.929","199.978","316.085","2","9134","362.561","linux","two","baseline","1"
"etherbird","16","2","32000","222.780","222.781","143639","91.052","188.358","298.525","2","8493","347.454","linux","two","baseline","1"
"etherbird","16","3","32000","221.957","221.958","144172","90.941","180.119","271.933","2","8773","346.212","linux","two","baseline","1"
"etherbird","16","4","32000","225.172","227.325","142114","91.898","179.274","271.613","2","8842","349.737","linux","two","baseline","1"
"etherbird","16","5","32000","237.688","239.811","134630","96.949","195.583","295.238","2","9154","368.542","linux","two","baseline","1"
"supervisor","1","1","2000","3.339","5.973","599033","0.331","3.503","43.936","2","56","4.723","linux","two","baseline","0"
"supervisor","1","2","2000","10.249","55.294","195143","0.451","43.596","57.798","2","267","13.518","linux","two","baseline","0"
"supervisor","1","3","2000","3.098","5.504","645635","0.390","2.603","36.768","2","43","4.060","linux","two","baseline","0"
"supervisor","1","4","2000","8.036","10.764","248869","0.390","43.285","47.600","2","164","10.575","linux","two","baseline","0"
"supervisor","1","5","2000","3.789","46.734","527774","0.330","2.873","42.505","2","77","4.853","linux","two","baseline","0"
"supervisor","3","1","6000","8.869","52.037","676549","1.162","7.268","55.131","2","133","12.649","linux","two","baseline","0"
"supervisor","3","2","6000","13.317","15.273","450540","1.192","28.820","129.345","2","210","18.349","linux","two","baseline","0"
"supervisor","3","3","6000","19.350","64.213","310078","1.252","43.455","129.035","2","379","25.623","linux","two","baseline","0"
"supervisor","3","4","6000","9.016","11.786","665483","1.201","6.556","57.530","2","107","12.713","linux","two","baseline","0"
"supervisor","3","5","6000","13.930","16.828","430710","0.730","25.737","130.399","2","210","18.962","linux","two","baseline","0"
"supervisor","16","1","32000","31.409","33.262","1018803","9.817","48.000","115.454","2","181","51.900","linux","two","baseline","0"
"supervisor","16","2","32000","33.886","35.152","944332","9.447","47.162","180.806","2","254","54.990","linux","two","baseline","0"
"supervisor","16","3","32000","32.244","33.592","992425","10.199","49.299","92.038","2","182","52.410","linux","two","baseline","0"
"supervisor","16","4","32000","28.533","31.457","1121522","10.109","36.693","66.517","2","161","49.483","linux","two","baseline","0"
"supervisor","16","5","32000","28.903","30.802","1107157","10.028","37.355","93.542","2","136","49.068","linux","two","baseline","0"
"supervisor","1","1","2000","14.836","60.430","134804","0.331","45.221","65.627","2","376","18.751","linux","two","baseline","1"
"supervisor","1","2","2000","8.066","51.505","247969","0.391","43.287","50.974","2","207","10.362","linux","two","baseline","1"
"supervisor","1","3","2000","3.861","6.359","518009","0.320","4.079","44.008","2","77","5.285","linux","two","baseline","1"
"supervisor","1","4","2000","3.129","4.527","639220","0.411","2.656","42.114","2","49","4.325","linux","two","baseline","1"
"supervisor","1","5","2000","2.431","3.800","822708","0.321","2.616","26.349","2","28","3.715","linux","two","baseline","1"
"supervisor","3","1","6000","11.980","13.686","500814","1.183","28.253","99.843","2","169","16.524","linux","two","baseline","1"
"supervisor","3","2","6000","11.040","54.597","543455","1.203","6.534","86.703","2","187","15.030","linux","two","baseline","1"
"supervisor","3","3","6000","22.734","24.707","263926","1.043","104.854","152.661","2","414","29.676","linux","two","baseline","1"
"supervisor","3","4","6000","8.298","10.978","723034","1.143","5.372","57.779","2","85","11.784","linux","two","baseline","1"
"supervisor","3","5","6000","12.822","15.080","467941","0.612","25.537","58.460","2","194","18.079","linux","two","baseline","1"
"supervisor","16","1","32000","29.540","32.240","1083279","9.932","41.713","95.834","2","160","49.080","linux","two","baseline","1"
"supervisor","16","2","32000","35.942","38.484","890323","9.491","47.276","123.025","2","266","57.193","linux","two","baseline","1"
"supervisor","16","3","32000","26.929","29.431","1188296","10.183","41.834","66.578","2","89","46.993","linux","two","baseline","1"
"supervisor","16","4","32000","26.841","29.396","1192219","10.293","43.798","63.863","2","104","46.283","linux","two","baseline","1"
"supervisor","16","5","32000","27.311","29.964","1171686","10.273","42.665","72.502","2","104","47.527","linux","two","baseline","1"
"manual","1","1","2000","10.005","53.278","199910","0.321","43.318","46.800","2","251","12.923","linux","two","candidate","0"
"manual","1","2","2000","3.821","6.305","523400","0.341","3.804","43.378","2","53","4.784","linux","two","candidate","0"
"manual","1","3","2000","4.426","6.805","451854","0.311","4.136","43.238","2","76","6.034","linux","two","candidate","0"
"manual","1","4","2000","6.112","8.100","327215","0.312","26.517","45.466","2","138","8.796","linux","two","candidate","0"
"manual","1","5","2000","7.602","9.372","263096","0.341","43.117","46.218","2","155","9.853","linux","two","candidate","0"
"manual","3","1","6000","11.610","13.273","516812","1.152","26.090","89.701","2","177","15.507","linux","two","candidate","0"
"manual","3","2","6000","14.061","58.629","426712","1.202","33.524","130.319","2","285","19.457","linux","two","candidate","0"
"manual","3","3","6000","12.945","15.148","463503","1.032","26.921","126.662","2","188","17.797","linux","two","candidate","0"
"manual","3","4","6000","9.576","53.008","626551","1.112","9.308","64.463","2","144","13.513","linux","two","candidate","0"
"manual","3","5","6000","10.234","12.604","586272","1.193","6.432","74.121","2","125","14.333","linux","two","candidate","0"
"manual","16","1","32000","31.353","33.645","1020649","10.470","52.290","100.101","2","156","51.406","linux","two","candidate","0"
"manual","16","2","32000","32.057","34.295","998228","10.520","45.086","88.790","2","230","54.410","linux","two","candidate","0"
"manual","16","3","32000","30.060","31.653","1064534","10.350","39.496","75.224","2","170","52.106","linux","two","candidate","0"
"manual","16","4","32000","36.159","37.578","884982","10.330","46.729","146.400","2","303","57.414","linux","two","candidate","0"
"manual","16","5","32000","28.747","71.238","1113152","10.520","42.371","65.184","2","155","50.652","linux","two","candidate","0"
"manual","1","1","2000","2.867","44.530","697488","0.461","2.516","15.334","2","78","4.269","linux","two","candidate","1"
"manual","1","2","2000","5.516","8.198","362550","0.441","13.900","45.469","2","105","7.021","linux","two","candidate","1"
"manual","1","3","2000","4.896","7.100","408493","0.301","4.971","44.416","2","80","6.426","linux","two","candidate","1"
"manual","1","4","2000","2.647","3.914","755665","0.330","2.706","26.768","2","33","3.687","linux","two","candidate","1"
"manual","1","5","2000","3.067","5.472","652106","0.301","2.796","41.791","2","49","4.375","linux","two","candidate","1"
"manual","3","1","6000","31.613","33.743","189793","1.333","85.817","131.336","2","619","40.375","linux","two","candidate","1"
"manual","3","2","6000","14.581","58.786","411487","1.293","32.451","130.644","2","272","19.640","linux","two","candidate","1"
"manual","3","3","6000","14.963","56.645","400982","1.113","35.858","130.674","2","296","21.549","linux","two","candidate","1"
"manual","3","4","6000","13.132","54.250","456913","1.263","30.433","105.062","2","255","18.375","linux","two","candidate","1"
"manual","3","5","6000","12.453","56.946","481824","1.232","26.487","130.654","2","231","17.015","linux","two","candidate","1"
"manual","16","1","32000","29.206","30.684","1095665","10.663","42.653","67.516","2","136","50.129","linux","two","candidate","1"
"manual","16","2","32000","34.761","37.509","920566","10.533","44.025","136.079","2","250","57.130","linux","two","candidate","1"
"manual","16","3","32000","30.110","31.940","1062778","10.402","45.789","85.576","2","179","50.589","linux","two","candidate","1"
"manual","16","4","32000","29.221","73.991","1095091","10.442","48.826","76.056","2","172","48.646","linux","two","candidate","1"
"manual","16","5","32000","32.919","34.408","972082","10.513","48.826","107.695","2","210","53.911","linux","two","candidate","1"
"etherbird","1","1","2000","105.557","107.686","18947","49.313","86.700","110.784","2","3776","104.252","linux","two","candidate","0"
"etherbird","1","2","2000","113.140","115.301","17677","49.955","87.570","153.709","2","4009","107.318","linux","two","candidate","0"
"etherbird","1","3","2000","108.495","110.635","18434","50.075","90.466","107.917","2","3690","109.678","linux","two","candidate","0"
"etherbird","1","4","2000","112.679","114.857","17750","50.076","88.904","109.743","2","3842","111.457","linux","two","candidate","0"
"etherbird","1","5","2000","108.988","111.167","18351","49.524","88.704","110.395","2","3814","107.487","linux","two","candidate","0"
"etherbird","3","1","6000","115.717","117.866","51850","44.728","95.987","132.257","2","4306","152.240","linux","two","candidate","0"
"etherbird","3","2","6000","125.332","125.333","47873","50.758","106.221","139.271","2","4536","165.114","linux","two","candidate","0"
"etherbird","3","3","6000","116.161","118.346","51653","44.227","95.288","201.416","2","4510","150.597","linux","two","candidate","0"
"etherbird","3","4","6000","111.440","113.587","53841","44.132","94.525","148.591","2","4517","145.044","linux","two","candidate","0"
"etherbird","3","5","6000","110.715","112.952","54193","44.383","95.137","138.456","2","4546","143.295","linux","two","candidate","0"
"etherbird","16","1","32000","232.990","232.991","137345","93.070","191.458","345.711","2","8538","357.801","linux","two","candidate","0"
"etherbird","16","2","32000","226.021","226.022","141580","93.903","185.769","275.788","2","8995","352.277","linux","two","candidate","0"
"etherbird","16","3","32000","228.420","228.421","140093","92.137","195.462","341.855","2","8665","353.107","linux","two","candidate","0"
"etherbird","16","4","32000","223.995","226.153","142860","94.194","184.354","272.677","2","8999","352.650","linux","two","candidate","0"
"etherbird","16","5","32000","226.658","228.781","141182","94.205","193.818","287.420","2","9059","352.723","linux","two","candidate","0"
"etherbird","1","1","2000","109.784","111.912","18218","49.464","87.047","121.532","2","3859","106.076","linux","two","candidate","1"
"etherbird","1","2","2000","108.125","108.126","18497","49.715","86.215","124.719","2","3862","105.839","linux","two","candidate","1"
"etherbird","1","3","2000","112.812","114.944","17729","51.278","89.732","111.163","2","3887","111.307","linux","two","candidate","1"
"etherbird","1","4","2000","113.619","115.815","17603","50.937","90.393","124.920","2","3734","111.906","linux","two","candidate","1"
"etherbird","1","5","2000","113.182","115.357","17671","51.132","89.820","134.638","2","3794","110.818","linux","two","candidate","1"
"etherbird","3","1","6000","115.698","117.864","51859","45.060","95.481","137.675","2","4421","148.449","linux","two","candidate","1"
"etherbird","3","2","6000","116.219","116.219","51627","45.801","97.906","150.911","2","4413","147.726","linux","two","candidate","1"
"etherbird","3","3","6000","115.099","117.247","52129","45.291","95.161","146.483","2","4449","148.060","linux","two","candidate","1"
"etherbird","3","4","6000","116.179","118.316","51644","45.591","97.876","141.974","2","4406","148.910","linux","two","candidate","1"
"etherbird","3","5","6000","116.479","118.632","51511","45.641","95.671","138.026","2","4422","149.997","linux","two","candidate","1"
"etherbird","16","1","32000","228.456","228.457","140071","93.357","186.332","272.685","2","8568","356.342","linux","two","candidate","1"
"etherbird","16","2","32000","224.609","226.785","142470","91.380","186.222","292.075","2","8704","349.927","linux","two","candidate","1"
"etherbird","16","3","32000","226.450","226.451","141312","93.376","184.382","273.006","2","8707","351.127","linux","two","candidate","1"
"etherbird","16","4","32000","222.694","222.695","143695","92.805","182.675","251.961","2","8853","348.056","linux","two","candidate","1"
"etherbird","16","5","32000","228.271","228.273","140184","93.597","187.555","280.561","2","8965","353.606","linux","two","candidate","1"
"supervisor","1","1","2000","3.159","5.649","633179","0.312","3.543","41.748","2","47","4.409","linux","two","candidate","0"
"supervisor","1","2","2000","6.126","8.869","326475","0.332","16.980","50.720","2","119","8.250","linux","two","candidate","0"
"supervisor","1","3","2000","7.390","50.387","270636","0.462","42.310","50.289","2","191","10.100","linux","two","candidate","0"
"supervisor","1","4","2000","10.803","12.968","185140","0.331","43.856","54.694","2","214","13.439","linux","two","candidate","0"
"supervisor","1","5","2000","3.029","4.315","660263","0.321","2.891","38.587","2","44","3.808","linux","two","candidate","0"
"supervisor","3","1","6000","8.938","53.396","671303","0.442","8.751","73.939","2","152","12.687","linux","two","candidate","0"
"supervisor","3","2","6000","12.854","55.008","466774","1.244","27.196","77.525","2","206","17.349","linux","two","candidate","0"
"supervisor","3","3","6000","14.315","16.531","419127","1.184","38.135","128.998","2","224","20.148","linux","two","candidate","0"
"supervisor","3","4","6000","7.815","52.416","767751","0.753","5.138","55.879","2","125","11.176","linux","two","candidate","0"
"supervisor","3","5","6000","11.311","55.409","530466","0.502","6.372","127.854","2","217","16.238","linux","two","candidate","0"
"supervisor","16","1","32000","30.830","33.848","1037949","10.256","49.325","83.165","2","213","51.314","linux","two","candidate","0"
"supervisor","16","2","32000","26.631","28.887","1201629","10.146","37.392","75.929","2","94","47.490","linux","two","candidate","0"
"supervisor","16","3","32000","29.159","30.521","1097442","10.156","53.209","85.855","2","143","48.390","linux","two","candidate","0"
"supervisor","16","4","32000","28.812","73.293","1110651","10.266","42.119","93.993","2","210","48.967","linux","two","candidate","0"
"supervisor","16","5","32000","27.901","29.668","1146928","10.247","41.136","65.833","2","134","48.182","linux","two","candidate","0"
"supervisor","1","1","2000","3.588","5.819","557354","0.330","2.746","47.059","2","49","4.751","linux","two","candidate","1"
"supervisor","1","2","2000","10.519","12.649","190125","0.360","43.472","50.467","2","212","12.967","linux","two","candidate","1"
"supervisor","1","3","2000","7.823","10.202","255641","0.331","43.021","48.412","2","157","9.878","linux","two","candidate","1"
"supervisor","1","4","2000","3.357","5.165","595824","0.321","3.488","42.820","2","62","4.665","linux","two","candidate","1"
"supervisor","1","5","2000","3.744","6.384","534166","0.361","2.776","45.065","2","78","5.229","linux","two","candidate","1"
"supervisor","3","1","6000","11.471","12.814","523075","1.233","23.239","129.934","2","162","16.018","linux","two","candidate","1"
"supervisor","3","2","6000","9.398","10.661","638427","0.711","10.763","65.532","2","117","13.338","linux","two","candidate","1"
"supervisor","3","3","6000","13.915","16.776","431202","1.282","33.603","130.614","2","207","18.739","linux","two","candidate","1"
"supervisor","3","4","6000","11.046","51.733","543171","0.972","11.315","88.703","2","166","15.286","linux","two","candidate","1"
"supervisor","3","5","6000","9.372","11.077","640233","0.932","7.416","60.993","2","127","13.121","linux","two","candidate","1"
"supervisor","16","1","32000","28.749","31.148","1113081","10.153","39.286","73.791","2","143","47.218","linux","two","candidate","1"
"supervisor","16","2","32000","26.813","28.023","1193443","10.323","41.430","63.428","2","95","46.329","linux","two","candidate","1"
"supervisor","16","3","32000","33.652","36.104","950921","10.402","45.649","91.750","2","217","55.700","linux","two","candidate","1"
"supervisor","16","4","32000","32.776","34.937","976313","10.152","50.660","97.241","2","240","52.850","linux","two","candidate","1"
"supervisor","16","5","32000","34.650","78.758","923528","9.982","52.685","159.337","2","327","54.891","linux","two","candidate","1"
"manual","1","1","2000","17.181","31.775","116406","0.300","128.000","134.400","1","3","17.024","windows","current","baseline","0"
"manual","1","2","2000","16.984","29.906","117758","0.300","126.100","133.500","1","3","16.881","windows","current","baseline","0"
"manual","1","3","2000","15.918","30.564","125640","0.300","126.400","129.600","1","3","15.786","windows","current","baseline","0"
"manual","1","4","2000","15.731","30.228","127139","0.300","125.600","126.900","1","3","15.606","windows","current","baseline","0"
"manual","1","5","2000","15.653","30.384","127773","0.300","126.000","131.500","1","3","15.510","windows","current","baseline","0"
"manual","3","1","6000","49.075","63.579","122263","0.300","143.400","164.500","1","3","48.393","windows","current","baseline","0"
"manual","3","2","6000","48.878","63.040","122754","0.300","143.600","155.100","1","3","48.287","windows","current","baseline","0"
"manual","3","3","6000","47.311","62.886","126820","0.300","141.700","150.400","1","3","46.730","windows","current","baseline","0"
"manual","3","4","6000","48.137","61.225","124644","0.300","136.600","144.300","1","3","47.551","windows","current","baseline","0"
"manual","3","5","6000","48.858","64.061","122805","0.300","140.600","166.300","1","3","48.203","windows","current","baseline","0"
"manual","16","1","32000","247.807","262.005","129133","0.300","239.100","297.600","1","3","244.587","windows","current","baseline","0"
"manual","16","2","32000","246.762","252.671","129680","0.300","239.100","274.500","1","3","244.166","windows","current","baseline","0"
"manual","16","3","32000","251.538","264.385","127217","0.300","240.500","317.500","1","3","248.592","windows","current","baseline","0"
"manual","16","4","32000","241.785","248.763","132349","0.300","231.900","290.800","1","3","238.634","windows","current","baseline","0"
"manual","16","5","32000","243.473","248.326","131431","0.300","233.600","347.100","1","3","240.662","windows","current","baseline","0"
"manual","1","1","2000","14.857","31.148","134614","0.300","118.900","121.600","1","3","14.747","windows","current","baseline","1"
"manual","1","2","2000","14.578","31.356","137194","0.300","118.600","119.400","1","3","14.470","windows","current","baseline","1"
"manual","1","3","2000","15.035","29.781","133019","0.300","118.000","124.300","1","3","14.902","windows","current","baseline","1"
"manual","1","4","2000","15.804","31.160","126548","0.300","118.200","125.200","1","3","15.677","windows","current","baseline","1"
"manual","1","5","2000","15.736","31.108","127100","0.300","118.400","125.100","1","3","15.626","windows","current","baseline","1"
"manual","3","1","6000","45.758","60.895","131123","0.300","134.800","144.300","1","3","44.471","windows","current","baseline","1"
"manual","3","2","6000","44.953","61.782","133471","0.300","133.100","139.700","1","3","44.398","windows","current","baseline","1"
"manual","3","3","6000","45.214","61.861","132703","0.300","133.600","141.900","1","3","44.639","windows","current","baseline","1"
"manual","3","4","6000","48.817","60.812","122909","0.300","137.000","188.900","1","3","48.030","windows","current","baseline","1"
"manual","3","5","6000","45.956","60.554","130559","0.300","137.000","159.100","1","3","45.374","windows","current","baseline","1"
"manual","16","1","32000","242.570","247.221","131921","0.300","231.700","313.400","1","3","239.782","windows","current","baseline","1"
"manual","16","2","32000","249.387","262.439","128315","0.300","234.100","340.900","1","3","246.143","windows","current","baseline","1"
"manual","16","3","32000","244.331","247.808","130970","0.300","231.400","349.700","1","3","241.319","windows","current","baseline","1"
"manual","16","4","32000","241.594","246.230","132453","0.300","231.900","272.200","1","3","238.998","windows","current","baseline","1"
"manual","16","5","32000","239.301","246.804","133723","0.300","231.100","278.000","1","3","236.772","windows","current","baseline","1"
"etherbird","1","1","2000","23.616","31.008","84688","11.500","11.900","22.900","1","2","19.903","windows","current","baseline","0"
"etherbird","1","2","2000","23.549","31.794","84929","11.200","12.200","22.600","1","2","19.966","windows","current","baseline","0"
"etherbird","1","3","2000","23.454","29.898","85275","11.200","13.500","22.800","1","2","19.798","windows","current","baseline","0"
"etherbird","1","4","2000","23.324","30.632","85747","11.200","13.600","17.900","1","2","19.652","windows","current","baseline","0"
"etherbird","1","5","2000","23.540","30.441","84961","11.200","11.400","15.600","1","2","19.187","windows","current","baseline","0"
"etherbird","3","1","6000","58.824","62.146","101999","28.800","29.600","42.000","1","2","55.177","windows","current","baseline","0"
"etherbird","3","2","6000","60.888","63.400","98542","28.700","31.400","59.200","1","2","57.230","windows","current","baseline","0"
"etherbird","3","3","6000","61.017","77.287","98333","28.800","31.500","61.500","1","2","57.351","windows","current","baseline","0"
"etherbird","3","4","6000","60.095","77.716","99842","28.800","32.000","42.600","1","3","56.489","windows","current","baseline","0"
"etherbird","3","5","6000","59.447","62.279","100931","28.700","30.000","45.100","1","2","55.877","windows","current","baseline","0"
"etherbird","16","1","32000","296.646","309.603","107873","142.100","157.200","296.800","1","2","292.567","windows","current","baseline","0"
"etherbird","16","2","32000","293.973","310.228","108853","142.100","151.600","292.600","1","2","290.145","windows","current","baseline","0"
"etherbird","16","3","32000","297.994","307.314","107385","142.200","171.700","296.800","1","2","293.394","windows","current","baseline","0"
"etherbird","16","4","32000","294.654","308.244","108602","142.100","157.200","293.300","1","2","290.579","windows","current","baseline","0"
"etherbird","16","5","32000","293.337","308.673","109089","142.300","161.000","273.400","1","2","289.130","windows","current","baseline","0"
"etherbird","1","1","2000","25.014","31.041","79956","11.500","12.000","22.700","1","2","20.947","windows","current","baseline","1"
"etherbird","1","2","2000","24.586","30.968","81348","11.400","12.000","23.800","1","2","20.260","windows","current","baseline","1"
"etherbird","1","3","2000","24.287","30.369","82348","11.300","15.500","23.600","1","2","20.160","windows","current","baseline","1"
"etherbird","1","4","2000","23.074","30.570","86679","11.300","11.600","14.200","1","2","19.308","windows","current","baseline","1"
"etherbird","1","5","2000","23.845","31.703","83875","11.300","13.400","23.100","1","2","19.831","windows","current","baseline","1"
"etherbird","3","1","6000","60.428","62.843","99291","29.000","31.000","44.000","1","2","56.422","windows","current","baseline","1"
"etherbird","3","2","6000","60.330","62.750","99452","29.000","33.400","58.600","1","2","56.375","windows","current","baseline","1"
"etherbird","3","3","6000","58.495","62.918","102574","28.900","29.500","35.600","1","2","54.655","windows","current","baseline","1"
"etherbird","3","4","6000","60.149","63.092","99753","29.000","31.700","59.000","1","2","56.213","windows","current","baseline","1"
"etherbird","3","5","6000","59.585","61.514","100697","29.000","29.900","58.100","1","2","55.788","windows","current","baseline","1"
"etherbird","16","1","32000","297.189","306.696","107675","142.700","157.900","296.900","1","2","292.705","windows","current","baseline","1"
"etherbird","16","2","32000","294.620","311.783","108614","142.600","154.600","288.300","1","2","289.681","windows","current","baseline","1"
"etherbird","16","3","32000","296.440","305.000","107947","142.600","156.200","307.400","1","2","292.037","windows","current","baseline","1"
"etherbird","16","4","32000","294.433","309.366","108683","142.700","155.500","288.000","1","2","290.190","windows","current","baseline","1"
"etherbird","16","5","32000","293.724","308.892","108946","142.500","154.400","290.600","1","2","289.239","windows","current","baseline","1"
"supervisor","1","1","2000","15.968","30.680","125249","0.300","118.700","122.100","1","3","15.879","windows","current","baseline","0"
"supervisor","1","2","2000","14.718","30.925","135889","0.300","118.300","121.400","1","3","14.627","windows","current","baseline","0"
"supervisor","1","3","2000","14.798","31.046","135149","0.300","118.200","121.600","1","3","14.639","windows","current","baseline","0"
"supervisor","1","4","2000","14.986","31.000","133454","0.300","118.100","121.900","1","3","14.851","windows","current","baseline","0"
"supervisor","1","5","2000","15.266","31.440","131014","0.300","118.000","121.600","1","3","15.171","windows","current","baseline","0"
"supervisor","3","1","6000","44.596","47.186","134540","0.300","133.100","140.400","1","3","43.983","windows","current","baseline","0"
"supervisor","3","2","6000","45.431","61.175","132068","0.300","133.200","141.000","1","3","44.844","windows","current","baseline","0"
"supervisor","3","3","6000","45.884","60.880","130764","0.300","133.000","140.300","1","3","45.288","windows","current","baseline","0"
"supervisor","3","4","6000","44.464","47.179","134939","0.300","132.900","138.800","1","3","43.861","windows","current","baseline","0"
"supervisor","3","5","6000","45.143","61.827","132911","0.300","133.400","141.200","1","3","44.583","windows","current","baseline","0"
"supervisor","16","1","32000","240.218","249.438","133213","0.300","231.700","280.600","1","3","237.539","windows","current","baseline","0"
"supervisor","16","2","32000","242.183","249.268","132131","0.300","234.100","290.600","1","3","239.008","windows","current","baseline","0"
"supervisor","16","3","32000","238.531","249.957","134155","0.300","230.900","275.200","1","3","236.007","windows","current","baseline","0"
"supervisor","16","4","32000","242.015","247.996","132223","0.300","231.800","295.600","1","3","239.305","windows","current","baseline","0"
"supervisor","16","5","32000","242.906","251.017","131738","0.300","231.700","284.600","1","3","240.176","windows","current","baseline","0"
"supervisor","1","1","2000","14.902","31.343","134214","0.300","118.800","122.700","1","3","14.778","windows","current","baseline","1"
"supervisor","1","2","2000","15.245","30.228","131193","0.300","118.300","118.900","1","3","15.114","windows","current","baseline","1"
"supervisor","1","3","2000","14.868","31.053","134521","0.300","117.900","118.500","1","4","14.727","windows","current","baseline","1"
"supervisor","1","4","2000","14.966","31.304","133632","0.300","118.200","118.700","1","3","14.863","windows","current","baseline","1"
"supervisor","1","5","2000","14.611","30.691","136882","0.300","118.400","118.900","1","3","14.497","windows","current","baseline","1"
"supervisor","3","1","6000","45.551","61.274","131720","0.300","132.400","138.300","1","3","44.948","windows","current","baseline","1"
"supervisor","3","2","6000","43.870","46.470","136767","0.300","132.700","137.800","1","3","43.319","windows","current","baseline","1"
"supervisor","3","3","6000","45.446","47.614","132026","0.300","132.700","140.300","1","3","44.880","windows","current","baseline","1"
"supervisor","3","4","6000","46.116","60.203","130107","0.300","133.000","140.600","1","3","45.501","windows","current","baseline","1"
"supervisor","3","5","6000","44.276","46.589","135513","0.300","133.000","139.400","1","3","43.703","windows","current","baseline","1"
"supervisor","16","1","32000","244.189","261.232","131046","0.300","231.500","329.700","1","3","241.141","windows","current","baseline","1"
"supervisor","16","2","32000","243.346","247.411","131500","0.300","234.000","398.300","1","3","240.538","windows","current","baseline","1"
"supervisor","16","3","32000","242.038","246.368","132210","0.300","231.300","352.000","1","3","239.302","windows","current","baseline","1"
"supervisor","16","4","32000","241.423","246.697","132548","0.300","231.200","308.900","1","3","238.786","windows","current","baseline","1"
"supervisor","16","5","32000","238.810","248.778","133998","0.300","231.200","265.500","1","3","235.802","windows","current","baseline","1"
"manual","1","1","2000","15.114","31.619","132327","0.300","119.100","126.200","1","3","14.983","windows","current","candidate","0"
"manual","1","2","2000","15.719","31.150","127234","0.300","118.000","120.700","1","3","15.595","windows","current","candidate","0"
"manual","1","3","2000","14.500","30.786","137935","0.300","118.100","118.900","1","3","14.393","windows","current","candidate","0"
"manual","1","4","2000","15.826","30.159","126372","0.300","118.000","119.800","1","3","15.677","windows","current","candidate","0"
"manual","1","5","2000","15.191","30.070","131653","0.300","118.000","121.400","1","3","15.140","windows","current","candidate","0"
"manual","3","1","6000","44.547","46.730","134690","0.300","133.000","141.300","1","3","43.852","windows","current","candidate","0"
"manual","3","2","6000","45.188","61.907","132777","0.300","134.000","144.100","1","3","44.536","windows","current","candidate","0"
"manual","3","3","6000","45.442","62.351","132037","0.300","133.700","143.600","1","3","44.368","windows","current","candidate","0"
"manual","3","4","6000","44.516","61.586","134784","0.300","133.200","138.100","1","3","43.932","windows","current","candidate","0"
"manual","3","5","6000","45.284","61.717","132496","0.300","132.900","140.000","1","3","44.716","windows","current","candidate","0"
"manual","16","1","32000","238.395","246.357","134231","0.300","230.600","296.100","1","3","235.716","windows","current","candidate","0"
"manual","16","2","32000","240.258","250.080","133190","0.300","230.800","314.400","1","3","237.710","windows","current","candidate","0"
"manual","16","3","32000","242.984","249.098","131696","0.300","231.100","318.500","1","3","240.468","windows","current","candidate","0"
"manual","16","4","32000","240.496","248.069","133058","0.300","231.200","305.100","1","3","237.343","windows","current","candidate","0"
"manual","16","5","32000","240.620","248.342","132990","0.300","230.800","284.100","1","3","237.858","windows","current","candidate","0"
"manual","1","1","2000","15.525","31.245","128822","0.300","118.800","122.900","1","3","15.379","windows","current","candidate","1"
"manual","1","2","2000","16.963","31.428","117906","0.300","118.300","132.700","1","3","16.816","windows","current","candidate","1"
"manual","1","3","2000","16.747","29.704","119423","0.300","118.200","147.800","1","3","16.651","windows","current","candidate","1"
"manual","1","4","2000","15.733","30.839","127124","0.300","118.300","125.400","1","3","15.571","windows","current","candidate","1"
"manual","1","5","2000","16.282","30.136","122833","0.300","118.700","125.400","1","3","16.115","windows","current","candidate","1"
"manual","3","1","6000","44.613","46.793","134490","0.300","133.000","140.100","1","3","43.966","windows","current","candidate","1"
"manual","3","2","6000","48.182","62.156","124527","0.300","137.200","177.800","1","3","47.584","windows","current","candidate","1"
"manual","3","3","6000","44.443","47.478","135003","0.300","133.300","138.800","1","3","43.844","windows","current","candidate","1"
"manual","3","4","6000","44.292","60.995","135466","0.300","133.200","140.100","1","3","43.707","windows","current","candidate","1"
"manual","3","5","6000","46.483","61.796","129080","0.300","133.600","141.700","1","3","45.901","windows","current","candidate","1"
"manual","16","1","32000","239.831","247.963","133428","0.300","231.200","262.500","1","3","237.057","windows","current","candidate","1"
"manual","16","2","32000","239.762","246.547","133466","0.300","231.300","274.300","1","3","236.584","windows","current","candidate","1"
"manual","16","3","32000","240.163","246.382","133243","0.300","232.100","271.300","1","3","237.297","windows","current","candidate","1"
"manual","16","4","32000","241.705","249.424","132393","0.300","235.600","272.200","1","3","238.861","windows","current","candidate","1"
"manual","16","5","32000","242.795","246.996","131798","0.300","231.200","277.500","1","3","240.107","windows","current","candidate","1"
"etherbird","1","1","2000","23.058","31.205","86738","11.200","11.700","17.000","1","2","19.371","windows","current","candidate","0"
"etherbird","1","2","2000","23.364","32.614","85601","11.100","13.300","22.800","1","2","19.662","windows","current","candidate","0"
"etherbird","1","3","2000","23.106","30.486","86557","11.100","12.700","22.300","1","2","19.407","windows","current","candidate","0"
"etherbird","1","4","2000","23.660","31.325","84529","11.100","11.400","22.400","1","2","19.268","windows","current","candidate","0"
"etherbird","1","5","2000","23.782","30.547","84097","11.100","22.000","22.600","1","2","19.953","windows","current","candidate","0"
"etherbird","3","1","6000","60.646","76.410","98935","29.000","31.100","59.000","1","2","56.562","windows","current","candidate","0"
"etherbird","3","2","6000","59.342","63.727","101109","28.800","29.700","42.800","1","2","55.687","windows","current","candidate","0"
"etherbird","3","3","6000","60.479","77.311","99208","28.800","31.100","58.500","1","2","56.368","windows","current","candidate","0"
"etherbird","3","4","6000","60.455","77.658","99248","28.800","31.300","58.500","1","2","56.489","windows","current","candidate","0"
"etherbird","3","5","6000","61.010","75.770","98345","28.900","32.000","60.500","1","2","57.192","windows","current","candidate","0"
"etherbird","16","1","32000","298.814","310.190","107090","143.300","169.600","302.900","1","2","294.579","windows","current","candidate","0"
"etherbird","16","2","32000","302.449","309.117","105803","143.500","187.200","298.900","1","2","297.725","windows","current","candidate","0"
"etherbird","16","3","32000","302.880","306.553","105652","143.500","200.300","295.300","1","2","298.257","windows","current","candidate","0"
"etherbird","16","4","32000","302.877","307.315","105653","143.600","198.100","303.900","1","2","298.171","windows","current","candidate","0"
"etherbird","16","5","32000","311.087","321.652","102865","143.600","210.700","397.300","1","2","306.043","windows","current","candidate","0"
"etherbird","1","1","2000","24.056","31.307","83139","11.300","12.900","15.800","1","2","20.333","windows","current","candidate","1"
"etherbird","1","2","2000","23.362","30.272","85610","11.100","11.800","22.700","1","2","19.484","windows","current","candidate","1"
"etherbird","1","3","2000","24.345","30.910","82153","11.100","12.800","26.200","1","2","20.536","windows","current","candidate","1"
"etherbird","1","4","2000","22.722","31.432","88022","11.100","12.700","13.900","1","2","19.060","windows","current","candidate","1"
"etherbird","1","5","2000","22.782","30.349","87787","11.100","12.700","14.300","1","2","19.140","windows","current","candidate","1"
"etherbird","3","1","6000","61.294","77.659","97890","29.000","36.400","58.900","1","2","57.611","windows","current","candidate","1"
"etherbird","3","2","6000","61.640","77.786","97339","28.800","31.500","67.800","1","2","57.801","windows","current","candidate","1"
"etherbird","3","3","6000","59.897","61.355","100172","28.900","33.100","39.800","1","2","55.900","windows","current","candidate","1"
"etherbird","3","4","6000","59.425","62.308","100967","28.800","29.900","58.300","1","2","55.566","windows","current","candidate","1"
"etherbird","3","5","6000","61.000","76.856","98361","28.900","30.600","65.200","1","2","57.080","windows","current","candidate","1"
"etherbird","16","1","32000","299.189","308.777","106956","143.500","159.600","299.000","1","2","294.181","windows","current","candidate","1"
"etherbird","16","2","32000","300.859","309.654","106362","143.400","168.600","306.300","1","2","296.760","windows","current","candidate","1"
"etherbird","16","3","32000","294.280","308.611","108740","143.200","153.900","271.000","1","2","290.179","windows","current","candidate","1"
"etherbird","16","4","32000","299.688","312.837","106778","143.300","166.200","297.700","1","2","294.831","windows","current","candidate","1"
"etherbird","16","5","32000","299.499","307.819","106845","143.300","175.800","291.600","1","2","295.261","windows","current","candidate","1"
"supervisor","1","1","2000","17.074","30.323","117140","0.300","119.300","125.500","1","3","16.465","windows","current","candidate","0"
"supervisor","1","2","2000","14.804","32.182","135098","0.300","119.100","121.400","1","4","14.701","windows","current","candidate","0"
"supervisor","1","3","2000","14.618","31.035","136821","0.300","119.200","120.200","1","3","14.528","windows","current","candidate","0"
"supervisor","1","4","2000","16.642","31.117","120181","0.300","118.600","121.000","1","3","16.425","windows","current","candidate","0"
"supervisor","1","5","2000","15.225","31.248","131360","0.300","118.800","120.100","1","4","15.087","windows","current","candidate","0"
"supervisor","3","1","6000","45.950","61.863","130578","0.300","133.900","141.700","1","4","45.375","windows","current","candidate","0"
"supervisor","3","2","6000","45.159","62.043","132864","0.300","133.900","141.000","1","3","44.599","windows","current","candidate","0"
"supervisor","3","3","6000","46.316","60.503","129545","0.300","134.000","143.900","1","3","45.677","windows","current","candidate","0"
"supervisor","3","4","6000","45.913","61.698","130682","0.300","133.300","139.700","1","3","45.378","windows","current","candidate","0"
"supervisor","3","5","6000","46.563","61.877","128857","0.300","134.500","142.200","1","3","46.142","windows","current","candidate","0"
"supervisor","16","1","32000","241.134","247.060","132706","0.300","232.600","275.400","1","3","238.505","windows","current","candidate","0"
"supervisor","16","2","32000","241.865","249.756","132305","0.300","232.200","282.800","1","3","239.457","windows","current","candidate","0"
"supervisor","16","3","32000","242.432","247.465","131996","0.300","232.900","337.400","1","3","239.537","windows","current","candidate","0"
"supervisor","16","4","32000","246.980","261.118","129565","0.300","233.400","377.800","1","3","244.175","windows","current","candidate","0"
"supervisor","16","5","32000","243.905","248.608","131198","0.300","234.200","293.700","1","3","241.273","windows","current","candidate","0"
"supervisor","1","1","2000","15.344","30.520","130348","0.300","119.400","121.800","1","3","15.204","windows","current","candidate","1"
"supervisor","1","2","2000","15.961","31.256","125306","0.300","118.900","126.400","1","3","15.812","windows","current","candidate","1"
"supervisor","1","3","2000","14.891","30.237","134311","0.300","118.200","119.600","1","3","14.754","windows","current","candidate","1"
"supervisor","1","4","2000","14.883","30.761","134382","0.300","118.900","120.800","1","3","14.739","windows","current","candidate","1"
"supervisor","1","5","2000","15.168","29.999","131857","0.300","118.800","119.800","1","3","15.135","windows","current","candidate","1"
"supervisor","3","1","6000","45.479","47.641","131930","0.300","137.000","144.200","1","3","44.943","windows","current","candidate","1"
"supervisor","3","2","6000","45.295","47.262","132466","0.300","133.500","141.400","1","3","44.706","windows","current","candidate","1"
"supervisor","3","3","6000","44.044","61.231","136229","0.300","133.200","139.500","1","4","43.476","windows","current","candidate","1"
"supervisor","3","4","6000","45.463","61.829","131976","0.300","133.600","142.400","1","3","44.870","windows","current","candidate","1"
"supervisor","3","5","6000","45.906","62.619","130702","0.300","133.900","144.100","1","3","45.312","windows","current","candidate","1"
"supervisor","16","1","32000","240.909","243.120","132830","0.300","231.600","272.600","1","3","237.361","windows","current","candidate","1"
"supervisor","16","2","32000","245.308","247.401","130449","0.300","233.600","362.200","1","3","242.638","windows","current","candidate","1"
"supervisor","16","3","32000","241.711","246.962","132389","0.300","231.900","308.600","1","3","239.094","windows","current","candidate","1"
"supervisor","16","4","32000","241.409","245.846","132555","0.300","232.700","292.600","1","3","238.869","windows","current","candidate","1"
"supervisor","16","5","32000","244.610","248.689","130821","0.300","233.200","363.900","1","3","241.455","windows","current","candidate","1"
"manual","1","1","2000","14.413","30.391","138760","8.800","12.000","15.800","16","3396","18.476","windows","default","baseline","0"
"manual","1","2","2000","14.910","30.137","134139","8.500","13.100","20.800","16","3580","18.990","windows","default","baseline","0"
"manual","1","3","2000","14.785","31.399","135277","7.700","12.600","18.500","16","3383","18.969","windows","default","baseline","0"
"manual","1","4","2000","14.184","30.987","141003","7.800","11.800","15.100","16","3380","18.506","windows","default","baseline","0"
"manual","1","5","2000","14.433","30.568","138574","8.400","12.100","16.700","16","3478","18.596","windows","default","baseline","0"
"manual","3","1","6000","43.253","46.346","138718","21.500","27.400","32.600","16","10293","55.794","windows","default","baseline","0"
"manual","3","2","6000","43.390","46.245","138281","21.400","26.500","46.800","16","10289","55.836","windows","default","baseline","0"
"manual","3","3","6000","44.024","46.419","136290","21.500","27.900","45.700","16","10385","56.377","windows","default","baseline","0"
"manual","3","4","6000","43.290","46.462","138600","21.500","26.300","32.600","16","10276","55.081","windows","default","baseline","0"
"manual","3","5","6000","43.849","47.007","136832","21.600","28.600","33.900","16","10153","56.827","windows","default","baseline","0"
"manual","16","1","32000","229.139","231.639","139653","112.600","123.800","184.200","16","53665","294.879","windows","default","baseline","0"
"manual","16","2","32000","228.578","232.950","139996","113.000","123.800","195.200","16","53586","293.697","windows","default","baseline","0"
"manual","16","3","32000","228.854","233.423","139827","112.400","127.100","179.700","16","53792","293.889","windows","default","baseline","0"
"manual","16","4","32000","230.185","245.579","139019","113.300","133.100","176.000","16","53533","296.079","windows","default","baseline","0"
"manual","16","5","32000","231.624","246.515","138155","113.100","136.900","198.800","16","53464","297.629","windows","default","baseline","0"
"manual","1","1","2000","15.084","30.276","132588","8.200","12.000","17.300","16","3451","19.227","windows","default","baseline","1"
"manual","1","2","2000","14.353","31.107","139349","8.500","11.400","16.600","16","3470","18.641","windows","default","baseline","1"
"manual","1","3","2000","15.683","31.093","127526","8.300","14.000","24.500","16","3410","19.913","windows","default","baseline","1"
"manual","1","4","2000","14.681","30.708","136232","8.600","11.900","17.700","16","3048","18.861","windows","default","baseline","1"
"manual","1","5","2000","15.662","30.390","127696","8.500","13.300","22.900","16","3270","19.803","windows","default","baseline","1"
"manual","3","1","6000","46.122","61.079","130091","21.600","27.500","41.700","16","10262","58.654","windows","default","baseline","1"
"manual","3","2","6000","43.617","45.766","137561","21.500","27.300","32.300","16","10479","55.681","windows","default","baseline","1"
"manual","3","3","6000","45.102","60.866","133030","21.500","27.300","37.500","16","10011","57.403","windows","default","baseline","1"
"manual","3","4","6000","45.407","62.014","132138","21.500","26.900","41.900","16","10036","58.057","windows","default","baseline","1"
"manual","3","5","6000","43.291","45.473","138596","21.500","26.500","36.700","16","9831","55.479","windows","default","baseline","1"
"manual","16","1","32000","239.895","246.479","133392","115.100","127.000","353.400","16","54526","305.196","windows","default","baseline","1"
"manual","16","2","32000","240.968","246.147","132798","115.200","135.700","319.800","16","53692","307.202","windows","default","baseline","1"
"manual","16","3","32000","238.951","247.243","133919","114.700","130.000","293.400","16","54169","304.549","windows","default","baseline","1"
"manual","16","4","32000","245.084","261.525","130568","115.000","174.800","266.400","16","49468","316.527","windows","default","baseline","1"
"manual","16","5","32000","234.167","248.540","136655","114.200","124.700","235.300","16","52838","301.246","windows","default","baseline","1"
"etherbird","1","1","2000","13.551","15.596","147585","4.600","14.200","26.100","16","4373","25.503","windows","default","baseline","0"
"etherbird","1","2","2000","13.109","15.482","152562","4.800","13.500","19.000","16","4586","24.871","windows","default","baseline","0"
"etherbird","1","3","2000","14.369","30.697","139185","7.700","13.900","20.800","16","4707","26.200","windows","default","baseline","0"
"etherbird","1","4","2000","14.481","31.385","138112","6.000","15.200","27.500","16","4605","26.890","windows","default","baseline","0"
"etherbird","1","5","2000","14.026","31.506","142588","5.800","13.800","26.800","16","4720","26.184","windows","default","baseline","0"
"etherbird","3","1","6000","39.006","47.223","153821","7.000","112.000","124.700","16","11876","69.581","windows","default","baseline","0"
"etherbird","3","2","6000","38.882","45.959","154314","7.200","112.500","124.000","16","12277","68.664","windows","default","baseline","0"
"etherbird","3","3","6000","38.737","38.738","154889","7.100","112.300","124.000","16","12218","67.561","windows","default","baseline","0"
"etherbird","3","4","6000","38.956","53.326","154020","7.000","112.700","122.700","16","12482","67.392","windows","default","baseline","0"
"etherbird","3","5","6000","39.049","46.474","153654","7.000","112.500","125.500","16","12388","68.438","windows","default","baseline","0"
"etherbird","16","1","32000","205.030","205.031","156074","138.600","160.400","214.300","16","65397","359.368","windows","default","baseline","0"
"etherbird","16","2","32000","205.305","205.305","155866","138.500","160.300","231.400","16","65255","360.423","windows","default","baseline","0"
"etherbird","16","3","32000","204.799","207.313","156251","138.700","160.700","208.800","16","66118","358.968","windows","default","baseline","0"
"etherbird","16","4","32000","208.864","208.864","153210","138.800","164.500","239.700","16","64958","364.524","windows","default","baseline","0"
"etherbird","16","5","32000","207.049","207.050","154553","138.900","164.000","211.300","16","64977","363.476","windows","default","baseline","0"
"etherbird","1","1","2000","13.496","16.061","148188","3.800","14.000","25.500","16","4505","25.461","windows","default","baseline","1"
"etherbird","1","2","2000","14.160","31.213","141239","5.700","14.000","23.400","16","4887","25.805","windows","default","baseline","1"
"etherbird","1","3","2000","13.367","15.545","149618","4.800","13.400","21.100","16","4715","25.025","windows","default","baseline","1"
"etherbird","1","4","2000","15.796","30.526","126614","7.400","19.000","27.400","16","4736","29.047","windows","default","baseline","1"
"etherbird","1","5","2000","13.354","15.471","149766","4.700","13.800","23.100","16","4683","25.259","windows","default","baseline","1"
"etherbird","3","1","6000","39.172","45.944","153170","7.000","111.500","122.800","16","12289","68.818","windows","default","baseline","1"
"etherbird","3","2","6000","38.537","47.536","155695","7.000","111.500","121.100","16","12596","67.597","windows","default","baseline","1"
"etherbird","3","3","6000","38.005","46.136","157872","7.300","111.400","121.100","16","12144","67.827","windows","default","baseline","1"
"etherbird","3","4","6000","38.206","46.040","157043","7.200","111.300","121.600","16","12520","67.655","windows","default","baseline","1"
"etherbird","3","5","6000","39.265","45.711","152809","7.100","111.200","122.800","16","12440","68.383","windows","default","baseline","1"
"etherbird","16","1","32000","204.379","204.379","156572","137.400","159.600","207.000","16","65514","357.088","windows","default","baseline","1"
"etherbird","16","2","32000","205.483","205.484","155730","137.600","162.800","216.900","16","64482","360.709","windows","default","baseline","1"
"etherbird","16","3","32000","205.339","213.492","155840","137.800","162.700","214.400","16","65358","359.784","windows","default","baseline","1"
"etherbird","16","4","32000","204.366","216.930","156582","137.700","163.400","204.700","16","65076","359.826","windows","default","baseline","1"
"etherbird","16","5","32000","204.368","204.369","156580","137.700","161.700","211.800","16","65392","357.337","windows","default","baseline","1"
"supervisor","1","1","2000","14.454","31.183","138366","8.500","11.400","15.400","16","3319","18.854","windows","default","baseline","0"
"supervisor","1","2","2000","14.935","30.851","133910","8.500","11.800","17.000","16","3570","18.687","windows","default","baseline","0"
"supervisor","1","3","2000","15.310","30.963","130632","8.500","12.100","18.100","16","3401","19.655","windows","default","baseline","0"
"supervisor","1","4","2000","14.394","29.983","138947","8.500","12.100","17.700","16","3188","18.665","windows","default","baseline","0"
"supervisor","1","5","2000","14.642","31.256","136592","8.600","12.200","18.000","16","3601","18.824","windows","default","baseline","0"
"supervisor","3","1","6000","43.496","45.656","137943","21.400","27.400","49.000","16","9951","56.662","windows","default","baseline","0"
"supervisor","3","2","6000","46.082","60.629","130202","21.500","26.200","35.700","16","10646","58.688","windows","default","baseline","0"
"supervisor","3","3","6000","44.162","46.831","135862","21.500","28.200","33.700","16","10730","56.702","windows","default","baseline","0"
"supervisor","3","4","6000","44.027","62.216","136279","21.600","26.500","35.900","16","9985","56.796","windows","default","baseline","0"
"supervisor","3","5","6000","45.212","62.191","132709","22.400","28.100","34.300","16","10397","58.108","windows","default","baseline","0"
"supervisor","16","1","32000","233.681","245.821","136939","113.500","123.400","273.100","16","53315","300.673","windows","default","baseline","0"
"supervisor","16","2","32000","235.113","247.225","136105","114.100","129.900","259.800","16","54792","301.555","windows","default","baseline","0"
"supervisor","16","3","32000","236.006","247.486","135590","114.600","129.600","250.800","16","53302","303.513","windows","default","baseline","0"
"supervisor","16","4","32000","235.425","247.456","135925","114.200","126.100","275.800","16","53424","302.160","windows","default","baseline","0"
"supervisor","16","5","32000","237.762","245.486","134588","114.600","126.600","351.600","16","54854","304.714","windows","default","baseline","0"
"supervisor","1","1","2000","14.676","31.099","136280","8.400","14.700","19.100","16","2910","19.194","windows","default","baseline","1"
"supervisor","1","2","2000","20.397","31.371","98054","8.700","30.900","41.900","16","2478","26.613","windows","default","baseline","1"
"supervisor","1","3","2000","16.109","30.423","124151","8.200","17.800","34.500","16","2875","20.836","windows","default","baseline","1"
"supervisor","1","4","2000","17.046","30.967","117328","8.500","17.600","34.800","16","3067","21.832","windows","default","baseline","1"
"supervisor","1","5","2000","14.964","31.512","133651","8.500","10.100","14.000","16","3420","19.259","windows","default","baseline","1"
"supervisor","3","1","6000","45.084","61.100","133085","21.800","25.900","41.700","16","10286","57.686","windows","default","baseline","1"
"supervisor","3","2","6000","44.654","61.236","134365","21.900","25.700","33.700","16","10394","56.804","windows","default","baseline","1"
"supervisor","3","3","6000","43.712","46.636","137262","21.400","26.300","41.600","16","10304","56.009","windows","default","baseline","1"
"supervisor","3","4","6000","44.661","60.114","134346","21.500","26.100","37.600","16","10682","56.384","windows","default","baseline","1"
"supervisor","3","5","6000","44.878","47.117","133696","22.200","26.000","36.700","16","10354","57.048","windows","default","baseline","1"
"supervisor","16","1","32000","239.772","246.436","133460","114.900","132.200","328.900","16","54351","306.641","windows","default","baseline","1"
"supervisor","16","2","32000","236.159","247.055","135502","113.800","125.400","282.600","16","54659","301.333","windows","default","baseline","1"
"supervisor","16","3","32000","235.255","247.015","136023","114.300","125.800","256.100","16","53788","300.793","windows","default","baseline","1"
"supervisor","16","4","32000","236.157","247.654","135503","114.500","126.100","274.700","16","56418","301.245","windows","default","baseline","1"
"supervisor","16","5","32000","240.345","248.332","133142","113.700","152.700","339.300","16","52850","306.802","windows","default","baseline","1"
"manual","1","1","2000","15.370","31.055","130121","8.100","11.500","16.800","16","3419","19.533","windows","default","candidate","0"
"manual","1","2","2000","15.936","30.844","125504","8.400","12.200","18.500","16","3516","20.252","windows","default","candidate","0"
"manual","1","3","2000","15.266","30.550","131011","8.400","12.100","17.200","16","3399","19.998","windows","default","candidate","0"
"manual","1","4","2000","15.767","30.364","126846","8.100","14.600","19.800","16","3320","20.222","windows","default","candidate","0"
"manual","1","5","2000","15.064","31.036","132762","7.900","11.500","15.600","16","3497","19.521","windows","default","candidate","0"
"manual","3","1","6000","45.129","61.251","132952","21.500","26.100","43.000","16","10440","57.763","windows","default","candidate","0"
"manual","3","2","6000","46.277","62.034","129654","21.800","27.800","48.400","16","9794","58.777","windows","default","candidate","0"
"manual","3","3","6000","45.891","61.517","130745","21.600","26.300","46.100","16","10301","58.447","windows","default","candidate","0"
"manual","3","4","6000","45.274","61.424","132527","22.300","26.700","33.800","16","10616","58.367","windows","default","candidate","0"
"manual","3","5","6000","48.831","61.703","122872","22.400","35.300","46.200","16","9973","62.730","windows","default","candidate","0"
"manual","16","1","32000","239.289","248.109","133729","117.500","126.800","268.800","16","53706","305.980","windows","default","candidate","0"
"manual","16","2","32000","238.397","250.815","134230","114.500","126.700","317.800","16","55450","303.441","windows","default","candidate","0"
"manual","16","3","32000","241.665","247.835","132415","117.200","129.400","290.700","16","53658","309.725","windows","default","candidate","0"
"manual","16","4","32000","241.389","247.064","132566","116.800","129.900","285.900","16","53868","308.240","windows","default","candidate","0"
"manual","16","5","32000","240.687","251.200","132953","117.400","129.500","261.800","16","54947","306.573","windows","default","candidate","0"
"manual","1","1","2000","15.296","31.169","130752","8.700","11.900","16.600","16","3454","19.468","windows","default","candidate","1"
"manual","1","2","2000","14.998","30.523","133348","8.200","10.900","15.100","16","3470","19.288","windows","default","candidate","1"
"manual","1","3","2000","15.004","31.832","133295","8.800","11.500","17.300","16","3355","19.298","windows","default","candidate","1"
"manual","1","4","2000","15.044","30.784","132941","8.400","11.400","16.400","16","3611","18.919","windows","default","candidate","1"
"manual","1","5","2000","14.878","31.169","134424","8.400","11.300","16.600","16","3599","19.036","windows","default","candidate","1"
"manual","3","1","6000","45.200","47.590","132742","21.500","25.800","34.100","16","9984","57.439","windows","default","candidate","1"
"manual","3","2","6000","43.824","46.683","136911","21.500","25.400","31.500","16","10151","56.233","windows","default","candidate","1"
"manual","3","3","6000","45.446","61.662","132025","21.500","25.500","34.800","16","10167","57.734","windows","default","candidate","1"
"manual","3","4","6000","43.218","45.400","138831","21.500","25.600","32.800","16","10071","55.412","windows","default","candidate","1"
"manual","3","5","6000","46.277","61.118","129653","21.800","25.800","35.900","16","10416","58.597","windows","default","candidate","1"
"manual","16","1","32000","234.946","249.799","136202","114.000","123.800","266.500","16","53732","299.613","windows","default","candidate","1"
"manual","16","2","32000","230.948","232.380","138559","114.000","124.600","181.900","16","52443","296.689","windows","default","candidate","1"
"manual","16","3","32000","237.910","249.646","134505","114.500","125.900","289.800","16","54182","303.321","windows","default","candidate","1"
"manual","16","4","32000","235.240","247.544","136031","113.900","123.800","279.800","16","53673","301.588","windows","default","candidate","1"
"manual","16","5","32000","239.261","248.073","133745","116.900","127.800","258.800","16","54407","305.901","windows","default","candidate","1"
"etherbird","1","1","2000","14.153","30.644","141312","2.500","15.000","109.800","16","4710","23.995","windows","default","candidate","0"
"etherbird","1","2","2000","13.390","30.586","149365","2.400","13.800","108.600","16","4923","22.926","windows","default","candidate","0"
"etherbird","1","3","2000","13.723","15.540","145738","2.400","16.000","108.500","16","4856","23.825","windows","default","candidate","0"
"etherbird","1","4","2000","13.807","31.046","144853","2.400","13.400","108.800","16","5051","23.034","windows","default","candidate","0"
"etherbird","1","5","2000","13.250","15.666","150943","2.400","14.300","107.400","16","4894","23.272","windows","default","candidate","0"
"etherbird","3","1","6000","38.993","46.128","153874","7.100","112.600","122.000","16","12476","68.767","windows","default","candidate","0"
"etherbird","3","2","6000","38.296","46.135","156676","7.300","112.000","121.400","16","12498","67.513","windows","default","candidate","0"
"etherbird","3","3","6000","38.350","45.771","156453","7.200","111.700","120.600","16","12363","67.797","windows","default","candidate","0"
"etherbird","3","4","6000","37.964","46.354","158044","7.300","111.900","120.300","16","12958","66.646","windows","default","candidate","0"
"etherbird","3","5","6000","38.248","38.248","156871","7.300","112.300","124.300","16","12643","68.553","windows","default","candidate","0"
"etherbird","16","1","32000","205.064","205.065","156049","138.700","160.100","230.300","16","67176","358.997","windows","default","candidate","0"
"etherbird","16","2","32000","212.956","212.956","150266","138.500","191.600","234.700","16","64246","373.457","windows","default","candidate","0"
"etherbird","16","3","32000","236.828","252.606","135119","140.300","222.400","326.600","16","58630","416.350","windows","default","candidate","0"
"etherbird","16","4","32000","208.343","217.602","153593","139.200","163.400","279.400","16","65801","363.353","windows","default","candidate","0"
"etherbird","16","5","32000","225.340","225.341","142008","139.700","218.000","334.000","16","61596","394.671","windows","default","candidate","0"
"etherbird","1","1","2000","15.256","30.997","131098","2.900","18.900","107.600","16","4509","27.886","windows","default","candidate","1"
"etherbird","1","2","2000","13.560","29.491","147493","2.600","14.200","106.700","16","4633","24.218","windows","default","candidate","1"
"etherbird","1","3","2000","13.600","16.505","147063","2.600","14.100","107.300","16","4632","24.225","windows","default","candidate","1"
"etherbird","1","4","2000","13.856","30.768","144345","2.600","14.500","108.500","16","4723","23.863","windows","default","candidate","1"
"etherbird","1","5","2000","14.276","31.573","140097","2.600","17.000","107.400","16","4782","25.356","windows","default","candidate","1"
"etherbird","3","1","6000","38.745","46.877","154857","7.300","111.600","123.000","16","12302","69.058","windows","default","candidate","1"
"etherbird","3","2","6000","38.299","46.450","156663","7.300","111.000","121.300","16","12472","67.846","windows","default","candidate","1"
"etherbird","3","3","6000","38.131","47.005","157353","7.300","111.700","121.900","16","12023","68.332","windows","default","candidate","1"
"etherbird","3","4","6000","39.420","46.586","152209","7.300","113.000","123.500","16","12050","69.609","windows","default","candidate","1"
"etherbird","3","5","6000","40.006","46.776","149976","7.300","112.900","126.200","16","12458","69.132","windows","default","candidate","1"
"etherbird","16","1","32000","208.210","208.211","153691","139.100","164.700","267.600","16","65326","365.178","windows","default","candidate","1"
"etherbird","16","2","32000","207.676","211.946","154086","138.800","163.500","255.900","16","64786","365.599","windows","default","candidate","1"
"etherbird","16","3","32000","207.550","214.648","154180","139.300","164.100","233.100","16","64713","366.962","windows","default","candidate","1"
"etherbird","16","4","32000","209.529","209.529","152724","138.900","165.200","308.000","16","64784","365.932","windows","default","candidate","1"
"etherbird","16","5","32000","206.110","209.437","155257","138.900","162.400","246.300","16","64769","362.361","windows","default","candidate","1"
"supervisor","1","1","2000","15.719","30.690","127236","8.500","14.100","19.300","16","3322","19.869","windows","default","candidate","0"
"supervisor","1","2","2000","15.033","30.919","133042","8.600","10.800","18.300","16","3560","19.026","windows","default","candidate","0"
"supervisor","1","3","2000","14.570","31.163","137273","8.600","11.600","17.100","16","3308","19.139","windows","default","candidate","0"
"supervisor","1","4","2000","14.303","30.942","139830","8.700","10.800","15.100","16","3319","18.545","windows","default","candidate","0"
"supervisor","1","5","2000","14.550","31.268","137454","8.600","11.600","15.900","16","3375","19.059","windows","default","candidate","0"
"supervisor","3","1","6000","45.187","61.508","132782","21.900","27.500","47.400","16","9834","58.030","windows","default","candidate","0"
"supervisor","3","2","6000","46.121","62.572","130092","22.100","26.200","48.200","16","10373","57.712","windows","default","candidate","0"
"supervisor","3","3","6000","44.000","59.977","136364","21.500","25.900","33.600","16","10295","56.752","windows","default","candidate","0"
"supervisor","3","4","6000","45.693","62.038","131312","21.800","26.300","42.500","16","10522","58.409","windows","default","candidate","0"
"supervisor","3","5","6000","45.524","60.995","131798","21.700","27.100","47.300","16","10154","58.413","windows","default","candidate","0"
"supervisor","16","1","32000","238.060","247.647","134420","116.300","129.100","246.400","16","53087","307.166","windows","default","candidate","0"
"supervisor","16","2","32000","237.925","249.856","134496","115.400","126.900","264.900","16","54250","305.134","windows","default","candidate","0"
"supervisor","16","3","32000","240.629","246.854","132985","114.000","128.500","400.500","16","54986","306.262","windows","default","candidate","0"
"supervisor","16","4","32000","237.478","250.885","134750","115.900","127.300","266.500","16","54966","303.756","windows","default","candidate","0"
"supervisor","16","5","32000","243.140","247.897","131612","114.700","159.500","336.200","16","52937","312.427","windows","default","candidate","0"
"supervisor","1","1","2000","14.703","30.302","136028","8.400","11.900","16.200","16","3263","19.347","windows","default","candidate","1"
"supervisor","1","2","2000","14.668","30.772","136355","8.800","12.000","16.600","16","3432","18.895","windows","default","candidate","1"
"supervisor","1","3","2000","15.204","30.168","131545","8.200","11.600","22.900","16","3497","19.202","windows","default","candidate","1"
"supervisor","1","4","2000","15.043","30.167","132955","8.700","12.900","18.000","16","3231","19.519","windows","default","candidate","1"
"supervisor","1","5","2000","14.960","31.676","133691","8.800","12.700","19.300","16","3655","19.090","windows","default","candidate","1"
"supervisor","3","1","6000","44.434","61.227","135033","21.500","28.200","49.800","16","9960","56.816","windows","default","candidate","1"
"supervisor","3","2","6000","43.839","47.052","136866","21.300","28.000","35.100","16","10126","56.425","windows","default","candidate","1"
"supervisor","3","3","6000","44.305","47.509","135423","21.600","29.100","44.800","16","10681","56.778","windows","default","candidate","1"
"supervisor","3","4","6000","43.318","46.975","138512","21.500","28.300","46.700","16","9530","55.852","windows","default","candidate","1"
"supervisor","3","5","6000","44.640","46.342","134408","21.600","26.400","32.900","16","10616","57.168","windows","default","candidate","1"
"supervisor","16","1","32000","227.861","232.132","140437","111.700","122.700","221.300","16","52867","294.174","windows","default","candidate","1"
"supervisor","16","2","32000","228.367","233.508","140125","111.900","126.000","187.000","16","53738","294.286","windows","default","candidate","1"
"supervisor","16","3","32000","227.081","234.374","140919","111.700","123.200","168.600","16","52973","292.836","windows","default","candidate","1"
"supervisor","16","4","32000","231.081","247.823","138479","112.800","126.200","206.900","16","54222","297.113","windows","default","candidate","1"
"supervisor","16","5","32000","231.691","247.280","138115","112.400","123.700","184.500","16","54581","296.858","windows","default","candidate","1"
"manual","1","1","2000","14.497","30.846","137959","8.700","12.100","17.400","2","3294","18.904","windows","two","baseline","0"
"manual","1","2","2000","14.479","30.558","138135","8.800","11.400","15.400","2","3337","18.484","windows","two","baseline","0"
"manual","1","3","2000","15.186","30.248","131698","8.200","11.600","16.000","2","3511","19.274","windows","two","baseline","0"
"manual","1","4","2000","15.573","30.997","128430","8.800","11.800","22.000","2","3403","20.028","windows","two","baseline","0"
"manual","1","5","2000","15.758","30.258","126923","8.200","11.500","17.300","2","3442","20.082","windows","two","baseline","0"
"manual","3","1","6000","45.219","61.705","132687","21.600","26.700","50.400","2","10265","57.286","windows","two","baseline","0"
"manual","3","2","6000","44.758","61.977","134054","21.500","26.700","40.300","2","10434","56.602","windows","two","baseline","0"
"manual","3","3","6000","43.778","45.595","137056","21.500","26.300","37.400","2","9648","55.915","windows","two","baseline","0"
"manual","3","4","6000","43.135","46.363","139099","21.500","26.300","33.500","2","9530","56.693","windows","two","baseline","0"
"manual","3","5","6000","44.046","46.257","136222","21.500","26.300","48.400","2","10166","56.413","windows","two","baseline","0"
"manual","16","1","32000","238.280","246.716","134296","114.100","125.000","317.200","2","52962","305.028","windows","two","baseline","0"
"manual","16","2","32000","241.518","246.643","132495","116.900","129.200","291.500","2","54742","306.510","windows","two","baseline","0"
"manual","16","3","32000","241.487","247.292","132512","116.600","129.900","310.700","2","53287","307.538","windows","two","baseline","0"
"manual","16","4","32000","239.457","250.132","133636","117.300","132.300","238.900","2","53170","307.395","windows","two","baseline","0"
"manual","16","5","32000","238.999","247.515","133892","114.300","145.500","324.500","2","53561","304.480","windows","two","baseline","0"
"manual","1","1","2000","14.900","30.989","134231","8.500","11.600","15.000","2","3420","19.312","windows","two","baseline","1"
"manual","1","2","2000","14.762","30.371","135481","8.600","14.300","19.800","2","3113","19.002","windows","two","baseline","1"
"manual","1","3","2000","15.462","31.346","129349","8.700","11.300","16.300","2","3670","19.493","windows","two","baseline","1"
"manual","1","4","2000","15.173","31.138","131812","8.400","12.400","18.500","2","3507","19.618","windows","two","baseline","1"
"manual","1","5","2000","15.486","31.448","129145","7.700","10.300","14.400","2","3570","19.629","windows","two","baseline","1"
"manual","3","1","6000","46.154","61.339","130000","22.700","26.800","48.900","2","10753","58.008","windows","two","baseline","1"
"manual","3","2","6000","45.404","61.947","132147","21.400","26.400","49.700","2","10337","57.346","windows","two","baseline","1"
"manual","3","3","6000","46.674","61.687","128552","21.500","26.400","59.200","2","10747","58.672","windows","two","baseline","1"
"manual","3","4","6000","45.602","47.023","131572","22.600","26.900","32.700","2","10717","58.256","windows","two","baseline","1"
"manual","3","5","6000","46.110","62.098","130124","21.500","26.100","50.500","2","10582","58.415","windows","two","baseline","1"
"manual","16","1","32000","242.037","242.038","132211","114.000","167.800","296.300","2","50157","311.047","windows","two","baseline","1"
"manual","16","2","32000","241.263","246.485","132635","115.000","146.600","363.400","2","54015","307.592","windows","two","baseline","1"
"manual","16","3","32000","242.399","259.503","132014","114.300","174.700","282.100","2","49460","314.086","windows","two","baseline","1"
"manual","16","4","32000","234.424","246.068","136505","114.600","124.900","246.100","2","54217","301.019","windows","two","baseline","1"
"manual","16","5","32000","241.919","248.921","132276","118.300","131.900","274.100","2","53298","308.072","windows","two","baseline","1"
"etherbird","1","1","2000","17.000","30.641","117646","8.700","13.800","21.300","2","2622","25.120","windows","two","baseline","0"
"etherbird","1","2","2000","16.605","31.272","120444","8.800","13.300","20.100","2","2691","23.955","windows","two","baseline","0"
"etherbird","1","3","2000","17.319","31.121","115483","8.600","13.300","27.000","2","2665","25.227","windows","two","baseline","0"
"etherbird","1","4","2000","17.130","31.541","116757","8.600","14.200","29.600","2","2625","24.867","windows","two","baseline","0"
"etherbird","1","5","2000","17.607","30.935","113593","8.500","14.800","27.000","2","2590","25.712","windows","two","baseline","0"
"etherbird","3","1","6000","41.486","41.486","144627","5.700","114.200","151.600","2","6594","63.533","windows","two","baseline","0"
"etherbird","3","2","6000","40.094","40.095","149648","5.800","113.900","139.100","2","6175","62.165","windows","two","baseline","0"
"etherbird","3","3","6000","38.981","38.982","153920","5.600","113.200","122.000","2","6377","61.332","windows","two","baseline","0"
"etherbird","3","4","6000","39.472","39.472","152008","5.700","113.200","124.800","2","6165","61.773","windows","two","baseline","0"
"etherbird","3","5","6000","41.449","53.828","144755","5.700","115.000","134.300","2","6458","64.100","windows","two","baseline","0"
"etherbird","16","1","32000","210.841","210.841","151773","134.700","169.000","312.100","2","31920","329.564","windows","two","baseline","0"
"etherbird","16","2","32000","210.582","210.582","151960","134.600","168.400","306.200","2","33280","329.825","windows","two","baseline","0"
"etherbird","16","3","32000","212.722","226.098","150431","134.700","175.700","322.300","2","32302","330.909","windows","two","baseline","0"
"etherbird","16","4","32000","210.365","210.366","152117","135.400","162.400","315.100","2","32434","328.253","windows","two","baseline","0"
"etherbird","16","5","32000","206.268","206.269","155138","135.300","159.100","230.700","2","32204","324.794","windows","two","baseline","0"
"etherbird","1","1","2000","16.598","30.697","120494","8.500","12.400","21.400","2","2499","23.964","windows","two","baseline","1"
"etherbird","1","2","2000","16.362","30.176","122235","8.500","12.000","17.500","2","2581","22.878","windows","two","baseline","1"
"etherbird","1","3","2000","16.680","31.049","119903","8.700","14.600","22.900","2","2696","24.259","windows","two","baseline","1"
"etherbird","1","4","2000","16.734","30.164","119519","8.400","14.600","28.000","2","2524","24.182","windows","two","baseline","1"
"etherbird","1","5","2000","16.127","31.756","124016","8.500","12.700","22.000","2","2481","23.412","windows","two","baseline","1"
"etherbird","3","1","6000","39.396","39.396","152301","5.700","110.300","125.300","2","6262","62.409","windows","two","baseline","1"
"etherbird","3","2","6000","39.927","54.656","150273","5.700","110.100","125.500","2","6661","62.334","windows","two","baseline","1"
"etherbird","3","3","6000","40.153","40.154","149427","5.700","110.500","128.100","2","6717","62.065","windows","two","baseline","1"
"etherbird","3","4","6000","39.093","39.093","153481","5.700","110.600","125.500","2","6822","60.871","windows","two","baseline","1"
"etherbird","3","5","6000","38.717","38.718","154970","5.700","110.300","122.000","2","6657","60.474","windows","two","baseline","1"
"etherbird","16","1","32000","205.403","205.403","155791","132.100","163.100","296.800","2","34046","324.006","windows","two","baseline","1"
"etherbird","16","2","32000","203.848","215.637","156980","131.800","159.600","296.200","2","33766","322.862","windows","two","baseline","1"
"etherbird","16","3","32000","208.353","208.354","153586","132.000","173.600","310.700","2","31614","327.914","windows","two","baseline","1"
"etherbird","16","4","32000","205.033","205.034","156072","132.000","158.400","321.400","2","35435","322.074","windows","two","baseline","1"
"etherbird","16","5","32000","203.675","203.676","157113","131.500","159.600","300.900","2","34759","321.973","windows","two","baseline","1"
"supervisor","1","1","2000","15.700","30.371","127388","8.000","11.500","18.600","2","3431","19.745","windows","two","baseline","0"
"supervisor","1","2","2000","15.050","31.363","132886","8.700","11.500","17.700","2","3313","19.471","windows","two","baseline","0"
"supervisor","1","3","2000","16.813","31.029","118958","7.200","15.200","24.000","2","3269","21.593","windows","two","baseline","0"
"supervisor","1","4","2000","14.911","31.556","134134","8.800","11.400","17.100","2","3426","19.378","windows","two","baseline","0"
"supervisor","1","5","2000","15.532","31.150","128770","7.400","10.600","17.300","2","3585","19.473","windows","two","baseline","0"
"supervisor","3","1","6000","45.876","60.910","130786","21.800","26.300","50.000","2","10655","58.096","windows","two","baseline","0"
"supervisor","3","2","6000","44.054","46.565","136196","21.400","26.100","37.200","2","10093","56.245","windows","two","baseline","0"
"supervisor","3","3","6000","43.547","45.563","137781","21.400","26.300","45.200","2","10086","55.986","windows","two","baseline","0"
"supervisor","3","4","6000","44.884","60.934","133679","21.400","26.400","44.900","2","10652","56.771","windows","two","baseline","0"
"supervisor","3","5","6000","45.136","61.282","132932","21.600","26.000","42.700","2","10374","57.280","windows","two","baseline","0"
"supervisor","16","1","32000","236.884","247.424","135087","115.000","127.800","253.000","2","54113","302.730","windows","two","baseline","0"
"supervisor","16","2","32000","234.407","247.022","136515","113.700","127.300","247.300","2","52112","300.528","windows","two","baseline","0"
"supervisor","16","3","32000","238.385","247.009","134237","114.400","130.800","290.900","2","54356","303.875","windows","two","baseline","0"
"supervisor","16","4","32000","233.788","246.330","136876","112.400","123.200","298.600","2","54659","298.697","windows","two","baseline","0"
"supervisor","16","5","32000","240.085","249.214","133286","114.000","129.300","395.800","2","55882","304.632","windows","two","baseline","0"
"supervisor","1","1","2000","15.303","30.892","130696","7.800","11.300","17.600","2","3417","19.368","windows","two","baseline","1"
"supervisor","1","2","2000","15.375","30.449","130085","7.700","10.500","13.700","2","3656","19.347","windows","two","baseline","1"
"supervisor","1","3","2000","15.257","30.593","131086","8.600","12.100","16.700","2","3368","19.382","windows","two","baseline","1"
"supervisor","1","4","2000","14.405","30.945","138841","8.500","11.800","17.700","2","3334","18.475","windows","two","baseline","1"
"supervisor","1","5","2000","14.937","30.603","133895","8.500","11.600","15.800","2","3255","19.286","windows","two","baseline","1"
"supervisor","3","1","6000","46.472","61.851","129109","21.500","27.100","50.800","2","10455","59.062","windows","two","baseline","1"
"supervisor","3","2","6000","44.954","61.611","133469","21.500","26.100","34.800","2","10272","57.536","windows","two","baseline","1"
"supervisor","3","3","6000","45.595","62.407","131594","21.900","26.400","48.000","2","10188","58.123","windows","two","baseline","1"
"supervisor","3","4","6000","43.515","45.776","137883","21.500","27.100","32.800","2","9870","55.915","windows","two","baseline","1"
"supervisor","3","5","6000","45.322","61.913","132386","21.700","26.600","46.800","2","10036","58.054","windows","two","baseline","1"
"supervisor","16","1","32000","240.844","248.961","132866","116.800","128.100","336.100","2","54919","306.273","windows","two","baseline","1"
"supervisor","16","2","32000","240.664","246.310","132965","116.500","146.600","261.800","2","52479","308.673","windows","two","baseline","1"
"supervisor","16","3","32000","244.257","246.284","131009","115.800","134.600","416.500","2","54529","310.854","windows","two","baseline","1"
"supervisor","16","4","32000","239.589","245.604","133562","115.900","127.400","336.900","2","54141","305.102","windows","two","baseline","1"
"supervisor","16","5","32000","236.131","249.151","135518","115.700","127.800","233.700","2","53316","302.408","windows","two","baseline","1"
"manual","1","1","2000","15.935","31.306","125510","8.700","11.800","18.000","2","3618","19.974","windows","two","candidate","0"
"manual","1","2","2000","15.926","30.217","125583","7.700","11.500","21.500","2","3495","19.893","windows","two","candidate","0"
"manual","1","3","2000","15.682","31.262","127531","7.800","10.200","14.200","2","3695","19.470","windows","two","candidate","0"
"manual","1","4","2000","15.562","30.027","128520","8.500","12.500","18.800","2","3363","19.839","windows","two","candidate","0"
"manual","1","5","2000","15.980","31.013","125153","7.800","12.000","19.300","2","3607","20.199","windows","two","candidate","0"
"manual","3","1","6000","46.433","61.814","129218","21.600","26.500","51.100","2","10332","58.579","windows","two","candidate","0"
"manual","3","2","6000","45.110","61.930","133009","21.500","26.100","41.200","2","9983","58.035","windows","two","candidate","0"
"manual","3","3","6000","45.110","61.100","133007","21.500","26.200","46.700","2","10467","57.288","windows","two","candidate","0"
"manual","3","4","6000","46.891","61.979","127957","22.700","29.700","38.100","2","10335","59.344","windows","two","candidate","0"
"manual","3","5","6000","46.069","62.565","130240","21.600","26.700","49.900","2","10137","58.260","windows","two","candidate","0"
"manual","16","1","32000","243.286","247.482","131532","116.300","131.300","333.900","2","54565","308.462","windows","two","candidate","0"
"manual","16","2","32000","243.501","245.976","131416","116.800","131.500","350.300","2","54610","308.279","windows","two","candidate","0"
"manual","16","3","32000","242.836","248.546","131776","116.600","130.700","353.600","2","53758","308.822","windows","two","candidate","0"
"manual","16","4","32000","243.308","245.515","131521","116.700","134.400","305.700","2","54942","309.497","windows","two","candidate","0"
"manual","16","5","32000","239.470","247.860","133628","115.400","132.000","283.300","2","53470","305.360","windows","two","candidate","0"
"manual","1","1","2000","16.158","31.542","123778","8.400","11.400","18.700","2","3715","20.218","windows","two","candidate","1"
"manual","1","2","2000","14.837","31.459","134795","8.500","10.200","16.400","2","3530","18.959","windows","two","candidate","1"
"manual","1","3","2000","15.440","31.162","129532","7.800","10.700","16.900","2","3522","19.904","windows","two","candidate","1"
"manual","1","4","2000","14.704","31.650","136022","8.600","11.600","16.700","2","3526","19.022","windows","two","candidate","1"
"manual","1","5","2000","15.068","31.123","132731","8.300","12.100","17.000","2","3302","18.751","windows","two","candidate","1"
"manual","3","1","6000","45.482","60.324","131921","21.600","26.100","40.000","2","10557","57.401","windows","two","candidate","1"
"manual","3","2","6000","45.645","62.687","131449","21.600","26.200","38.300","2","10634","57.807","windows","two","candidate","1"
"manual","3","3","6000","45.021","61.745","133271","21.900","25.900","44.300","2","10869","56.964","windows","two","candidate","1"
"manual","3","4","6000","45.300","62.105","132449","22.000","26.700","36.700","2","10242","57.701","windows","two","candidate","1"
"manual","3","5","6000","46.990","61.876","127688","21.700","27.200","52.500","2","10353","59.510","windows","two","candidate","1"
"manual","16","1","32000","235.845","246.392","135682","113.700","123.800","287.900","2","55245","300.966","windows","two","candidate","1"
"manual","16","2","32000","238.847","250.154","133977","115.200","126.900","297.700","2","54559","303.398","windows","two","candidate","1"
"manual","16","3","32000","239.229","249.153","133763","116.300","127.200","268.000","2","55456","304.245","windows","two","candidate","1"
"manual","16","4","32000","236.944","248.446","135053","116.000","126.400","229.200","2","54299","301.735","windows","two","candidate","1"
"manual","16","5","32000","232.822","246.079","137444","113.300","122.000","259.300","2","53768","298.211","windows","two","candidate","1"
"etherbird","1","1","2000","12.999","16.032","153853","2.800","14.900","24.300","2","1860","20.827","windows","two","candidate","0"
"etherbird","1","2","2000","12.969","15.240","154219","2.900","14.600","27.100","2","1897","20.755","windows","two","candidate","0"
"etherbird","1","3","2000","13.692","15.265","146070","3.100","13.400","26.100","2","1764","21.339","windows","two","candidate","0"
"etherbird","1","4","2000","13.763","15.826","145321","3.200","15.800","29.100","2","1944","22.168","windows","two","candidate","0"
"etherbird","1","5","2000","12.581","14.622","158971","3.000","15.100","21.400","2","1829","20.357","windows","two","candidate","0"
"etherbird","3","1","6000","45.696","61.335","131301","6.200","118.500","214.000","2","5723","70.919","windows","two","candidate","0"
"etherbird","3","2","6000","39.972","44.921","150104","5.900","113.300","130.400","2","6449","61.857","windows","two","candidate","0"
"etherbird","3","3","6000","39.526","46.310","151797","5.700","109.500","128.000","2","6498","61.511","windows","two","candidate","0"
"etherbird","3","4","6000","39.097","46.444","153466","5.900","109.300","119.900","2","6438","61.701","windows","two","candidate","0"
"etherbird","3","5","6000","37.910","46.660","158270","5.700","109.800","120.900","2","6782","59.427","windows","two","candidate","0"
"etherbird","16","1","32000","206.626","206.627","154869","131.600","172.500","304.300","2","33759","326.713","windows","two","candidate","0"
"etherbird","16","2","32000","219.180","222.465","145999","131.800","223.700","365.100","2","33531","343.629","windows","two","candidate","0"
"etherbird","16","3","32000","206.996","206.996","154593","131.500","166.800","320.100","2","32782","326.389","windows","two","candidate","0"
"etherbird","16","4","32000","207.967","207.968","153870","131.400","173.800","309.700","2","33026","326.324","windows","two","candidate","0"
"etherbird","16","5","32000","206.626","215.567","154869","131.400","167.200","321.100","2","34443","326.080","windows","two","candidate","0"
"etherbird","1","1","2000","13.534","14.989","147774","2.800","14.900","28.800","2","1967","21.099","windows","two","candidate","1"
"etherbird","1","2","2000","12.015","15.929","166457","2.800","13.000","18.400","2","1956","19.495","windows","two","candidate","1"
"etherbird","1","3","2000","11.906","15.412","167988","2.700","11.700","23.100","2","1961","19.231","windows","two","candidate","1"
"etherbird","1","4","2000","12.820","15.924","156010","2.800","12.100","25.100","2","2006","20.552","windows","two","candidate","1"
"etherbird","1","5","2000","12.724","15.283","157187","2.900","12.400","23.300","2","1873","20.313","windows","two","candidate","1"
"etherbird","3","1","6000","39.241","46.348","152900","6.000","109.900","124.600","2","6468","62.175","windows","two","candidate","1"
"etherbird","3","2","6000","38.115","46.185","157419","5.800","110.600","123.000","2","6187","60.111","windows","two","candidate","1"
"etherbird","3","3","6000","39.376","46.236","152376","5.800","110.400","138.600","2","5949","62.072","windows","two","candidate","1"
"etherbird","3","4","6000","39.658","46.968","151292","5.900","109.800","125.500","2","6217","62.122","windows","two","candidate","1"
"etherbird","3","5","6000","38.418","46.719","156178","5.800","110.200","122.400","2","6432","60.397","windows","two","candidate","1"
"etherbird","16","1","32000","205.595","205.595","155646","131.000","163.100","321.300","2","35505","323.109","windows","two","candidate","1"
"etherbird","16","2","32000","203.633","203.634","157145","131.100","158.200","304.400","2","35174","319.856","windows","two","candidate","1"
"etherbird","16","3","32000","204.429","204.430","156533","130.700","161.800","304.700","2","35894","320.005","windows","two","candidate","1"
"etherbird","16","4","32000","204.274","204.275","156652","130.800","164.400","292.400","2","34520","322.346","windows","two","candidate","1"
"etherbird","16","5","32000","204.034","204.035","156836","131.100","160.900","290.000","2","32577","320.284","windows","two","candidate","1"
"supervisor","1","1","2000","14.934","31.495","133924","8.000","13.200","16.200","2","3391","19.286","windows","two","candidate","0"
"supervisor","1","2","2000","16.047","30.285","124636","7.800","13.500","18.300","2","3740","19.918","windows","two","candidate","0"
"supervisor","1","3","2000","14.636","31.384","136647","8.600","10.700","16.500","2","3494","18.746","windows","two","candidate","0"
"supervisor","1","4","2000","14.847","31.844","134706","8.300","11.800","16.600","2","3561","18.912","windows","two","candidate","0"
"supervisor","1","5","2000","14.206","31.703","140787","8.600","11.200","14.700","2","3339","18.542","windows","two","candidate","0"
"supervisor","3","1","6000","42.864","46.026","139979","21.400","26.100","37.400","2","9854","55.201","windows","two","candidate","0"
"supervisor","3","2","6000","44.543","46.618","134702","21.400","26.000","36.800","2","9756","57.122","windows","two","candidate","0"
"supervisor","3","3","6000","46.577","60.986","128820","22.600","26.400","50.000","2","10400","58.323","windows","two","candidate","0"
"supervisor","3","4","6000","43.975","47.716","136440","22.300","26.200","34.200","2","9574","56.968","windows","two","candidate","0"
"supervisor","3","5","6000","44.889","46.278","133665","21.600","25.500","33.700","2","10044","57.109","windows","two","candidate","0"
"supervisor","16","1","32000","234.767","248.678","136305","114.700","124.500","259.600","2","54147","301.702","windows","two","candidate","0"
"supervisor","16","2","32000","243.141","259.324","131611","114.200","159.300","382.100","2","52559","310.715","windows","two","candidate","0"
"supervisor","16","3","32000","237.700","248.496","134623","114.500","126.100","335.800","2","54296","303.285","windows","two","candidate","0"
"supervisor","16","4","32000","235.400","246.484","135939","114.100","125.200","272.600","2","53079","300.664","windows","two","candidate","0"
"supervisor","16","5","32000","230.859","244.555","138613","112.200","122.600","267.300","2","53702","296.047","windows","two","candidate","0"
"supervisor","1","1","2000","14.752","31.343","135579","8.700","10.900","17.200","2","3426","18.806","windows","two","candidate","1"
"supervisor","1","2","2000","15.420","30.156","129702","7.900","11.900","16.600","2","3478","19.900","windows","two","candidate","1"
"supervisor","1","3","2000","15.168","31.658","131852","7.700","10.400","15.100","2","3496","19.464","windows","two","candidate","1"
"supervisor","1","4","2000","15.371","29.851","130114","7.400","12.000","18.600","2","3321","19.612","windows","two","candidate","1"
"supervisor","1","5","2000","15.485","30.584","129154","8.800","13.300","16.900","2","3496","19.829","windows","two","candidate","1"
"supervisor","3","1","6000","47.091","61.887","127412","23.000","28.100","36.700","2","10711","60.084","windows","two","candidate","1"
"supervisor","3","2","6000","46.378","60.194","129373","22.700","26.900","50.100","2","10098","59.628","windows","two","candidate","1"
"supervisor","3","3","6000","44.476","46.653","134905","21.600","26.500","50.200","2","10176","57.867","windows","two","candidate","1"
"supervisor","3","4","6000","45.150","46.334","132890","21.600","26.100","46.400","2","10711","57.391","windows","two","candidate","1"
"supervisor","3","5","6000","43.342","60.407","138435","21.600","25.900","32.000","2","9838","55.691","windows","two","candidate","1"
"supervisor","16","1","32000","240.429","248.223","133096","117.200","131.400","220.400","2","53773","309.223","windows","two","candidate","1"
"supervisor","16","2","32000","232.523","234.713","137621","113.900","123.200","219.800","2","54398","298.567","windows","two","candidate","1"
"supervisor","16","3","32000","231.255","247.410","138375","113.800","122.300","187.100","2","53834","296.046","windows","two","candidate","1"
"supervisor","16","4","32000","238.859","247.190","133970","116.600","126.500","262.300","2","54059","306.010","windows","two","candidate","1"
"supervisor","16","5","32000","238.579","245.718","134127","116.700","128.000","263.000","2","53116","306.748","windows","two","candidate","1"
