"implementation","workers","round","calls","admission_ms","drained_ms","calls_per_second","p50_us","p95_us","p99_us","runtime_workers","worker_parks","worker_busy_ms","platform","runtime","phase","pass"
"manual","1","1","2000","3.390","5.468","590001","0.207","22.926","23.241","1","3","3.567","linux","current","baseline","0"
"manual","1","2","2000","3.701","5.808","540348","0.207","22.887","26.878","1","3","3.913","linux","current","baseline","0"
"manual","1","3","2000","3.517","5.620","568727","0.207","22.857","27.203","1","3","3.656","linux","current","baseline","0"
"manual","1","4","2000","3.276","5.382","610507","0.207","22.984","23.191","1","3","3.419","linux","current","baseline","0"
"manual","1","5","2000","3.241","5.326","617070","0.207","22.935","23.182","1","3","3.384","linux","current","baseline","0"
"manual","3","1","6000","9.941","12.055","603540","0.207","28.248","31.895","1","3","10.013","linux","current","baseline","0"
"manual","3","2","6000","10.532","12.609","569669","0.216","29.392","40.794","1","3","10.727","linux","current","baseline","0"
"manual","3","3","6000","9.938","12.015","603773","0.207","28.307","31.520","1","3","9.976","linux","current","baseline","0"
"manual","3","4","6000","9.973","12.059","601619","0.207","28.228","29.845","1","3","10.051","linux","current","baseline","0"
"manual","3","5","6000","9.881","11.960","607220","0.207","28.277","34.221","1","3","9.960","linux","current","baseline","0"
"manual","16","1","32000","50.837","52.974","629460","0.227","47.940","66.648","1","3","50.601","linux","current","baseline","0"
"manual","16","2","32000","51.264","53.479","624219","0.227","48.217","71.339","1","3","51.306","linux","current","baseline","0"
"manual","16","3","32000","51.121","53.207","625971","0.227","47.882","65.721","1","3","51.002","linux","current","baseline","0"
"manual","16","4","32000","52.039","54.115","614923","0.227","48.158","84.280","1","3","51.981","linux","current","baseline","0"
"manual","16","5","32000","50.809","52.880","629808","0.227","48.088","67.071","1","3","50.698","linux","current","baseline","0"
"manual","1","1","2000","3.379","5.484","591878","0.218","22.936","23.215","1","3","3.533","linux","current","baseline","1"
"manual","1","2","2000","4.172","6.278","479438","0.218","22.936","23.652","1","3","4.295","linux","current","baseline","1"
"manual","1","3","2000","3.543","5.641","564546","0.218","22.936","23.234","1","3","3.715","linux","current","baseline","1"
"manual","1","4","2000","3.229","5.331","619322","0.218","22.896","23.205","1","3","3.377","linux","current","baseline","1"
"manual","1","5","2000","3.287","5.409","608392","0.218","22.946","23.165","1","3","3.450","linux","current","baseline","1"
"manual","3","1","6000","11.532","13.635","520309","0.219","29.485","51.547","1","3","11.623","linux","current","baseline","1"
"manual","3","2","6000","10.232","12.333","586398","0.218","28.332","30.161","1","3","10.354","linux","current","baseline","1"
"manual","3","3","6000","9.980","12.100","601180","0.218","28.233","29.793","1","3","10.098","linux","current","baseline","1"
"manual","3","4","6000","9.856","12.034","608769","0.218","28.233","30.082","1","3","9.930","linux","current","baseline","1"
"manual","3","5","6000","10.671","12.772","562281","0.218","28.243","29.794","1","3","10.752","linux","current","baseline","1"
"manual","16","1","32000","53.089","55.182","602759","0.229","48.674","74.245","1","3","52.839","linux","current","baseline","1"
"manual","16","2","32000","52.634","54.731","607969","0.229","48.735","74.622","1","3","52.502","linux","current","baseline","1"
"manual","16","3","32000","55.759","57.846","573901","0.229","48.635","81.956","1","3","55.574","linux","current","baseline","1"
"manual","16","4","32000","53.223","55.320","601246","0.229","48.108","71.064","1","3","52.979","linux","current","baseline","1"
"manual","16","5","32000","53.513","55.622","597991","0.229","48.297","69.991","1","3","53.499","linux","current","baseline","1"
"etherbird","1","1","2000","12.516","14.613","159790","5.914","6.902","9.233","1","2","12.081","linux","current","baseline","0"
"etherbird","1","2","2000","12.461","14.513","160503","5.905","6.033","16.491","1","2","12.043","linux","current","baseline","0"
"etherbird","1","3","2000","13.046","15.145","153304","5.905","11.751","19.669","1","2","12.581","linux","current","baseline","0"
"etherbird","1","4","2000","12.822","14.883","155987","5.911","7.543","23.309","1","2","12.428","linux","current","baseline","0"
"etherbird","1","5","2000","12.589","14.660","158865","5.921","6.930","17.744","1","2","12.126","linux","current","baseline","0"
"etherbird","3","1","6000","30.614","32.688","195992","13.978","18.663","50.136","1","2","30.113","linux","current","baseline","0"
"etherbird","3","2","6000","31.063","33.131","193158","13.997","16.765","51.115","1","2","30.576","linux","current","baseline","0"
"etherbird","3","3","6000","29.879","31.946","200811","13.958","16.548","43.148","1","2","29.424","linux","current","baseline","0"
"etherbird","3","4","6000","30.162","32.246","198928","13.988","19.255","42.367","1","2","29.748","linux","current","baseline","0"
"etherbird","3","5","6000","29.584","31.649","202815","13.987","16.834","37.523","1","2","29.198","linux","current","baseline","0"
"etherbird","16","1","32000","117.273","119.370","272869","55.355","79.505","112.332","1","2","116.743","linux","current","baseline","0"
"etherbird","16","2","32000","119.141","121.220","268589","55.513","82.293","111.759","1","2","118.814","linux","current","baseline","0"
"etherbird","16","3","32000","120.705","122.782","265109","55.574","85.911","112.303","1","2","120.384","linux","current","baseline","0"
"etherbird","16","4","32000","130.506","132.585","245199","55.732","109.268","146.140","1","2","129.796","linux","current","baseline","0"
"etherbird","16","5","32000","122.949","125.043","260271","55.564","89.167","152.674","1","2","122.575","linux","current","baseline","0"
"etherbird","1","1","2000","12.588","14.679","158878","5.939","6.058","14.841","1","2","12.164","linux","current","baseline","1"
"etherbird","1","2","2000","12.521","14.614","159736","5.958","6.058","13.359","1","2","12.109","linux","current","baseline","1"
"etherbird","1","3","2000","14.089","16.157","141958","5.958","8.644","22.878","1","2","13.679","linux","current","baseline","1"
"etherbird","1","4","2000","12.730","14.807","157111","5.948","6.088","12.652","1","2","12.296","linux","current","baseline","1"
"etherbird","1","5","2000","14.003","16.076","142828","5.958","11.926","25.385","1","2","13.530","linux","current","baseline","1"
"etherbird","3","1","6000","31.383","33.480","191186","14.015","25.633","47.050","1","2","30.574","linux","current","baseline","1"
"etherbird","3","2","6000","30.248","32.324","198361","14.006","15.298","42.394","1","2","29.773","linux","current","baseline","1"
"etherbird","3","3","6000","29.997","32.293","200023","14.005","14.781","42.563","1","2","29.537","linux","current","baseline","1"
"etherbird","3","4","6000","30.859","33.013","194431","14.016","19.029","47.129","1","3","30.465","linux","current","baseline","1"
"etherbird","3","5","6000","31.145","33.218","192646","14.005","14.822","44.135","1","2","30.680","linux","current","baseline","1"
"etherbird","16","1","32000","120.676","122.794","265173","55.673","81.506","118.012","1","2","120.160","linux","current","baseline","1"
"etherbird","16","2","32000","122.153","124.234","261967","55.654","82.610","133.260","1","2","121.828","linux","current","baseline","1"
"etherbird","16","3","32000","121.368","123.473","263660","55.759","81.215","116.297","1","2","120.908","linux","current","baseline","1"
"etherbird","16","4","32000","120.580","122.690","265385","55.729","80.059","120.189","1","2","120.363","linux","current","baseline","1"
"etherbird","16","5","32000","120.359","122.444","265871","55.700","79.841","115.132","1","2","120.072","linux","current","baseline","1"
"supervisor","1","1","2000","3.427","5.512","583632","0.227","22.767","24.936","1","3","3.575","linux","current","baseline","0"
"supervisor","1","2","2000","3.423","5.506","584271","0.227","22.689","23.172","1","3","3.535","linux","current","baseline","0"
"supervisor","1","3","2000","3.358","5.433","595650","0.227","22.787","23.399","1","3","3.488","linux","current","baseline","0"
"supervisor","1","4","2000","3.440","5.547","581418","0.227","22.718","23.054","1","3","3.588","linux","current","baseline","0"
"supervisor","1","5","2000","3.414","5.491","585860","0.227","22.768","23.211","1","3","3.555","linux","current","baseline","0"
"supervisor","3","1","6000","10.888","13.015","551050","0.227","29.342","37.444","1","3","10.930","linux","current","baseline","0"
"supervisor","3","2","6000","9.937","12.037","603821","0.227","28.139","29.766","1","3","10.069","linux","current","baseline","0"
"supervisor","3","3","6000","9.962","12.098","602264","0.227","28.288","30.702","1","3","10.095","linux","current","baseline","0"
"supervisor","3","4","6000","9.905","12.032","605764","0.227","28.051","30.249","1","3","10.108","linux","current","baseline","0"
"supervisor","3","5","6000","10.238","12.338","586045","0.227","28.357","34.103","1","3","10.410","linux","current","baseline","0"
"supervisor","16","1","32000","52.506","54.588","609456","0.237","48.236","69.348","1","3","52.243","linux","current","baseline","0"
"supervisor","16","2","32000","50.825","52.908","629605","0.237","48.178","69.180","1","3","50.832","linux","current","baseline","0"
"supervisor","16","3","32000","51.718","53.792","618739","0.237","48.917","70.552","1","3","51.578","linux","current","baseline","0"
"supervisor","16","4","32000","51.208","53.289","624902","0.237","48.315","66.238","1","3","51.085","linux","current","baseline","0"
"supervisor","16","5","32000","52.659","53.747","607685","0.237","49.797","77.060","1","3","52.614","linux","current","baseline","0"
"supervisor","1","1","2000","3.411","5.510","586405","0.229","22.898","23.206","1","3","3.592","linux","current","baseline","1"
"supervisor","1","2","2000","3.341","5.444","598601","0.229","22.868","23.823","1","3","3.463","linux","current","baseline","1"
"supervisor","1","3","2000","3.316","5.417","603178","0.229","22.908","23.176","1","3","3.451","linux","current","baseline","1"
"supervisor","1","4","2000","3.999","6.167","500063","0.229","22.938","23.286","1","3","4.121","linux","current","baseline","1"
"supervisor","1","5","2000","3.456","5.586","578670","0.229","22.849","23.087","1","3","3.654","linux","current","baseline","1"
"supervisor","3","1","6000","10.102","12.198","593924","0.229","28.608","35.780","1","3","10.244","linux","current","baseline","1"
"supervisor","3","2","6000","10.168","12.287","590073","0.229","28.309","42.792","1","3","10.231","linux","current","baseline","1"
"supervisor","3","3","6000","10.698","12.802","560829","0.238","28.489","59.105","1","3","10.800","linux","current","baseline","1"
"supervisor","3","4","6000","10.311","12.418","581915","0.229","28.320","34.089","1","3","10.414","linux","current","baseline","1"
"supervisor","3","5","6000","10.096","12.201","594322","0.229","28.459","30.269","1","3","10.158","linux","current","baseline","1"
"supervisor","16","1","32000","52.343","54.444","611346","0.239","49.138","70.703","1","3","52.083","linux","current","baseline","1"
"supervisor","16","2","32000","52.707","54.795","607135","0.239","48.422","79.865","1","3","52.677","linux","current","baseline","1"
"supervisor","16","3","32000","51.479","53.598","621612","0.239","48.392","72.156","1","3","51.359","linux","current","baseline","1"
"supervisor","16","4","32000","52.474","54.575","609821","0.248","49.188","84.151","1","3","52.352","linux","current","baseline","1"
"supervisor","16","5","32000","52.153","54.261","613578","0.239","48.541","73.708","1","3","52.144","linux","current","baseline","1"
"manual","1","1","2000","3.559","5.655","561924","0.209","22.874","23.200","1","3","3.690","linux","current","candidate","0"
"manual","1","2","2000","3.683","5.832","542987","0.218","22.844","25.134","1","3","3.895","linux","current","candidate","0"
"manual","1","3","2000","3.258","5.348","613888","0.218","22.933","23.200","1","3","3.366","linux","current","candidate","0"
"manual","1","4","2000","3.227","5.351","619754","0.209","22.804","23.091","1","3","3.342","linux","current","candidate","0"
"manual","1","5","2000","3.557","5.645","562290","0.218","22.874","23.836","1","3","3.780","linux","current","candidate","0"
"manual","3","1","6000","11.380","13.477","527233","0.218","28.614","49.544","1","3","11.449","linux","current","candidate","0"
"manual","3","2","6000","9.877","11.987","607473","0.218","28.178","30.479","1","3","9.908","linux","current","candidate","0"
"manual","3","3","6000","10.451","12.562","574125","0.218","28.337","40.442","1","3","10.506","linux","current","candidate","0"
"manual","3","4","6000","10.332","12.463","580699","0.218","29.477","37.438","1","3","10.360","linux","current","candidate","0"
"manual","3","5","6000","10.795","12.892","555797","0.218","28.307","31.291","1","3","10.886","linux","current","candidate","0"
"manual","16","1","32000","52.717","54.884","607013","0.228","48.602","82.234","1","4","52.406","linux","current","candidate","0"
"manual","16","2","32000","51.809","53.892","617653","0.228","47.978","69.780","1","3","51.665","linux","current","candidate","0"
"manual","16","3","32000","51.585","53.687","620337","0.228","48.156","69.691","1","3","51.499","linux","current","candidate","0"
"manual","16","4","32000","51.968","54.074","615762","0.228","48.246","72.080","1","3","51.875","linux","current","candidate","0"
"manual","16","5","32000","51.739","53.822","618487","0.228","48.127","71.893","1","3","51.701","linux","current","candidate","0"
"manual","1","1","2000","3.448","5.549","580015","0.209","23.016","27.656","1","3","3.601","linux","current","candidate","1"
"manual","1","2","2000","4.030","6.122","496289","0.219","22.916","33.401","1","3","4.161","linux","current","candidate","1"
"manual","1","3","2000","3.324","5.414","601649","0.209","22.956","23.244","1","3","3.461","linux","current","candidate","1"
"manual","1","4","2000","3.965","6.056","504355","0.218","22.956","40.576","1","3","4.110","linux","current","candidate","1"
"manual","1","5","2000","4.669","6.788","428340","0.218","22.966","45.823","1","3","4.822","linux","current","candidate","1"
"manual","3","1","6000","9.904","12.041","605828","0.209","28.213","30.092","1","3","9.973","linux","current","candidate","1"
"manual","3","2","6000","11.171","13.299","537099","0.209","28.650","32.487","1","3","11.223","linux","current","candidate","1"
"manual","3","3","6000","9.637","11.753","622578","0.209","28.204","29.713","1","3","9.720","linux","current","candidate","1"
"manual","3","4","6000","11.163","13.255","537493","0.218","28.690","43.170","1","3","11.271","linux","current","candidate","1"
"manual","3","5","6000","10.822","12.920","554403","0.218","28.541","30.519","1","3","10.896","linux","current","candidate","1"
"manual","16","1","32000","52.658","54.749","607700","0.229","49.112","72.923","1","3","52.382","linux","current","candidate","1"
"manual","16","2","32000","52.516","54.651","609334","0.229","48.108","67.566","1","3","52.379","linux","current","candidate","1"
"manual","16","3","32000","55.928","58.030","572161","0.229","50.712","91.904","1","3","55.891","linux","current","candidate","1"
"manual","16","4","32000","53.241","55.327","601044","0.229","48.536","73.500","1","3","53.156","linux","current","candidate","1"
"manual","16","5","32000","54.254","56.395","589823","0.229","48.625","92.897","1","3","54.083","linux","current","candidate","1"
"etherbird","1","1","2000","11.935","14.009","167578","5.643","5.742","13.633","1","2","11.517","linux","current","candidate","0"
"etherbird","1","2","2000","11.853","13.917","168728","5.634","5.723","12.287","1","2","11.426","linux","current","candidate","0"
"etherbird","1","3","2000","12.513","14.580","159831","5.643","8.149","13.574","1","2","12.133","linux","current","candidate","0"
"etherbird","1","4","2000","11.954","14.011","167309","5.634","5.733","10.762","1","2","11.496","linux","current","candidate","0"
"etherbird","1","5","2000","12.152","14.224","164582","5.644","5.832","12.980","1","2","11.721","linux","current","candidate","0"
"etherbird","3","1","6000","27.545","29.617","217823","12.911","18.436","34.910","1","2","27.049","linux","current","candidate","0"
"etherbird","3","2","6000","31.708","33.774","189228","12.990","25.673","49.392","1","2","31.140","linux","current","candidate","0"
"etherbird","3","3","6000","28.888","30.977","207698","12.900","16.207","45.405","1","2","28.488","linux","current","candidate","0"
"etherbird","3","4","6000","28.694","30.753","209105","12.891","16.168","44.613","1","2","27.916","linux","current","candidate","0"
"etherbird","3","5","6000","27.474","29.534","218390","12.911","15.306","39.980","1","2","27.007","linux","current","candidate","0"
"etherbird","16","1","32000","106.710","107.805","299878","49.197","75.782","108.504","1","2","106.128","linux","current","candidate","0"
"etherbird","16","2","32000","108.266","110.338","295569","49.148","83.732","108.247","1","2","107.768","linux","current","candidate","0"
"etherbird","16","3","32000","108.527","110.624","294857","49.317","74.336","129.107","1","2","108.028","linux","current","candidate","0"
"etherbird","16","4","32000","104.731","106.814","305544","49.068","72.415","98.117","1","2","104.382","linux","current","candidate","0"
"etherbird","16","5","32000","102.351","104.422","312650","49.029","63.108","83.643","1","2","101.988","linux","current","candidate","0"
"etherbird","1","1","2000","12.560","14.634","159230","5.602","5.721","12.186","1","2","12.124","linux","current","candidate","1"
"etherbird","1","2","2000","11.813","13.880","169310","5.612","5.751","11.471","1","2","11.386","linux","current","candidate","1"
"etherbird","1","3","2000","12.525","14.690","159684","5.611","5.741","20.613","1","2","12.041","linux","current","candidate","1"
"etherbird","1","4","2000","12.271","14.347","162984","5.621","8.080","22.298","1","2","11.892","linux","current","candidate","1"
"etherbird","1","5","2000","11.906","13.975","167981","5.612","5.731","19.235","1","2","11.468","linux","current","candidate","1"
"etherbird","3","1","6000","28.941","31.009","207318","12.879","16.220","43.130","1","2","28.457","linux","current","candidate","1"
"etherbird","3","2","6000","27.213","29.361","220484","12.886","13.521","39.768","1","2","26.781","linux","current","candidate","1"
"etherbird","3","3","6000","28.354","30.433","211612","12.895","13.987","42.975","1","2","27.877","linux","current","candidate","1"
"etherbird","3","4","6000","29.123","31.196","206023","12.895","13.690","43.916","1","2","28.668","linux","current","candidate","1"
"etherbird","3","5","6000","27.435","29.513","218701","12.925","15.357","42.349","1","2","26.995","linux","current","candidate","1"
"etherbird","16","1","32000","104.063","106.156","307506","49.109","69.826","98.208","1","2","103.541","linux","current","candidate","1"
"etherbird","16","2","32000","102.750","104.848","311436","48.970","63.364","90.654","1","2","102.400","linux","current","candidate","1"
"etherbird","16","3","32000","104.194","106.271","307119","49.159","71.911","100.352","1","2","103.829","linux","current","candidate","1"
"etherbird","16","4","32000","106.014","108.095","301847","48.990","72.567","100.362","1","2","105.554","linux","current","candidate","1"
"etherbird","16","5","32000","109.030","111.108","293498","48.920","77.768","126.490","1","2","108.506","linux","current","candidate","1"
"supervisor","1","1","2000","3.568","5.668","560562","0.228","22.804","23.280","1","3","3.721","linux","current","candidate","0"
"supervisor","1","2","2000","3.215","5.311","622084","0.228","22.794","23.152","1","3","3.351","linux","current","candidate","0"
"supervisor","1","3","2000","4.093","6.211","488623","0.228","22.784","23.776","1","3","4.132","linux","current","candidate","0"
"supervisor","1","4","2000","3.547","5.639","563802","0.228","22.804","23.091","1","3","3.699","linux","current","candidate","0"
"supervisor","1","5","2000","3.295","5.407","606969","0.228","22.844","23.141","1","3","3.428","linux","current","candidate","0"
"supervisor","3","1","6000","10.334","12.434","580634","0.228","28.496","32.540","1","3","10.380","linux","current","candidate","0"
"supervisor","3","2","6000","10.470","12.589","573060","0.228","28.267","30.012","1","3","10.530","linux","current","candidate","0"
"supervisor","3","3","6000","10.859","12.983","552556","0.228","28.247","41.018","1","3","10.973","linux","current","candidate","0"
"supervisor","3","4","6000","10.112","12.270","593348","0.228","28.198","30.013","1","3","10.219","linux","current","candidate","0"
"supervisor","3","5","6000","10.330","12.424","580848","0.228","28.396","39.153","1","3","10.419","linux","current","candidate","0"
"supervisor","16","1","32000","52.990","55.090","603889","0.238","48.107","76.453","1","3","52.696","linux","current","candidate","0"
"supervisor","16","2","32000","51.603","53.703","620119","0.238","48.037","87.380","1","3","51.446","linux","current","candidate","0"
"supervisor","16","3","32000","52.568","54.649","608731","0.238","47.899","70.563","1","3","52.441","linux","current","candidate","0"
"supervisor","16","4","32000","52.937","55.017","604494","0.238","47.929","75.650","1","3","52.776","linux","current","candidate","0"
"supervisor","16","5","32000","54.038","56.160","592176","0.238","48.731","87.191","1","3","53.698","linux","current","candidate","0"
"supervisor","1","1","2000","3.453","5.554","579261","0.228","22.981","23.437","1","3","3.675","linux","current","candidate","1"
"supervisor","1","2","2000","3.325","5.449","601568","0.228","22.922","23.269","1","3","3.501","linux","current","candidate","1"
"supervisor","1","3","2000","3.376","5.489","592478","0.229","22.872","23.150","1","3","3.583","linux","current","candidate","1"
"supervisor","1","4","2000","3.577","5.684","559053","0.229","22.941","33.057","1","3","3.771","linux","current","candidate","1"
"supervisor","1","5","2000","3.292","5.392","607519","0.229","22.971","23.239","1","3","3.427","linux","current","candidate","1"
"supervisor","3","1","6000","10.484","12.581","572281","0.229","28.629","49.496","1","3","10.543","linux","current","candidate","1"
"supervisor","3","2","6000","9.737","11.852","616212","0.228","28.431","29.841","1","3","9.813","linux","current","candidate","1"
"supervisor","3","3","6000","10.077","12.181","595427","0.229","28.401","30.009","1","3","10.204","linux","current","candidate","1"
"supervisor","3","4","6000","11.229","13.336","534332","0.229","28.481","42.707","1","3","11.365","linux","current","candidate","1"
"supervisor","3","5","6000","10.538","12.638","569375","0.229","28.659","41.883","1","3","10.606","linux","current","candidate","1"
"supervisor","16","1","32000","52.992","55.089","603867","0.239","49.635","87.427","1","3","52.686","linux","current","candidate","1"
"supervisor","16","2","32000","52.006","54.143","615308","0.239","48.623","67.732","1","3","51.865","linux","current","candidate","1"
"supervisor","16","3","32000","52.821","54.913","605816","0.239","48.156","74.791","1","3","52.807","linux","current","candidate","1"
"supervisor","16","4","32000","52.002","54.112","615364","0.239","50.042","71.909","1","3","51.874","linux","current","candidate","1"
"supervisor","16","5","32000","52.779","54.875","606306","0.239","48.844","90.303","1","3","52.744","linux","current","candidate","1"
"manual","1","1","2000","4.670","6.931","428250","0.300","3.998","52.418","16","84","6.339","linux","default","baseline","0"
"manual","1","2","2000","3.479","5.947","574841","0.309","3.728","44.074","16","89","5.150","linux","default","baseline","0"
"manual","1","3","2000","5.331","7.503","375170","0.330","9.255","48.539","16","147","8.150","linux","default","baseline","0"
"manual","1","4","2000","3.181","5.379","628767","0.300","3.108","42.765","16","80","4.953","linux","default","baseline","0"
"manual","1","5","2000","5.082","7.134","393579","0.310","5.407","44.434","16","109","7.180","linux","default","baseline","0"
"manual","3","1","6000","11.391","54.929","526752","0.980","27.034","54.678","16","291","16.941","linux","default","baseline","0"
"manual","3","2","6000","11.406","12.870","526060","1.159","25.815","82.572","16","281","17.291","linux","default","baseline","0"
"manual","3","3","6000","10.316","55.138","581612","1.139","13.941","63.532","16","259","15.852","linux","default","baseline","0"
"manual","3","4","6000","9.712","11.596","617769","0.560","22.547","62.237","16","245","15.457","linux","default","baseline","0"
"manual","3","5","6000","16.003","64.352","374936","0.810","41.455","92.006","16","411","22.882","linux","default","baseline","0"
"manual","16","1","32000","29.216","32.845","1095278","10.444","48.512","64.093","16","785","60.058","linux","default","baseline","0"
"manual","16","2","32000","27.901","33.932","1146930","10.434","48.112","63.910","16","760","58.803","linux","default","baseline","0"
"manual","16","3","32000","28.501","35.377","1122752","10.364","49.070","72.028","16","767","59.470","linux","default","baseline","0"
"manual","16","4","32000","26.498","34.507","1207633","10.404","45.982","64.362","16","754","57.814","linux","default","baseline","0"
"manual","16","5","32000","27.755","32.861","1152964","10.394","43.425","64.176","16","760","57.835","linux","default","baseline","0"
"manual","1","1","2000","3.866","5.594","517275","0.308","3.929","44.872","16","103","5.885","linux","default","baseline","1"
"manual","1","2","2000","7.128","8.550","280602","0.328","38.044","47.873","16","171","9.562","linux","default","baseline","1"
"manual","1","3","2000","3.524","5.678","567572","0.309","2.706","42.342","16","72","5.127","linux","default","baseline","1"
"manual","1","4","2000","8.581","52.369","233080","0.308","42.610","59.369","16","218","12.160","linux","default","baseline","1"
"manual","1","5","2000","8.299","50.606","240982","0.425","42.933","63.350","16","220","11.141","linux","default","baseline","1"
"manual","3","1","6000","12.763","14.952","470117","1.275","27.422","87.925","16","289","19.023","linux","default","baseline","1"
"manual","3","2","6000","8.728","11.012","687471","1.224","6.721","52.628","16","170","14.894","linux","default","baseline","1"
"manual","3","3","6000","11.511","14.008","521250","0.759","27.067","119.164","16","260","18.296","linux","default","baseline","1"
"manual","3","4","6000","15.689","17.979","382434","1.235","43.284","131.756","16","342","22.317","linux","default","baseline","1"
"manual","3","5","6000","16.154","62.257","371421","1.164","40.005","88.229","16","399","23.469","linux","default","baseline","1"
"manual","16","1","32000","26.960","34.752","1186944","10.457","47.212","67.579","16","765","58.337","linux","default","baseline","1"
"manual","16","2","32000","27.983","36.813","1143545","10.487","42.998","62.824","16","812","60.712","linux","default","baseline","1"
"manual","16","3","32000","26.676","35.326","1199565","10.487","46.209","64.630","16","774","58.595","linux","default","baseline","1"
"manual","16","4","32000","28.680","35.196","1115760","10.518","46.466","78.177","16","776","60.181","linux","default","baseline","1"
"manual","16","5","32000","31.364","39.909","1020275","10.517","49.885","90.425","16","849","64.247","linux","default","baseline","1"
"etherbird","1","1","2000","129.693","131.845","15421","62.309","86.088","142.910","16","5121","179.748","linux","default","baseline","0"
"etherbird","1","2","2000","127.018","127.019","15746","61.500","84.498","128.427","16","5248","181.385","linux","default","baseline","0"
"etherbird","1","3","2000","129.460","131.642","15449","61.650","87.687","136.973","16","5437","181.807","linux","default","baseline","0"
"etherbird","1","4","2000","129.295","131.483","15469","62.749","86.337","127.947","16","5515","178.784","linux","default","baseline","0"
"etherbird","1","5","2000","131.587","133.742","15199","63.439","89.380","142.987","16","5485","180.285","linux","default","baseline","0"
"etherbird","3","1","6000","155.140","157.260","38675","63.968","124.848","159.271","16","7855","273.943","linux","default","baseline","0"
"etherbird","3","2","6000","154.404","156.538","38859","63.634","128.987","192.212","16","7723","270.168","linux","default","baseline","0"
"etherbird","3","3","6000","154.807","154.808","38758","63.591","127.358","181.976","16","7808","271.389","linux","default","baseline","0"
"etherbird","3","4","6000","150.669","152.795","39822","62.225","120.831","155.977","16","7815","263.692","linux","default","baseline","0"
"etherbird","3","5","6000","151.588","151.589","39581","61.531","121.580","175.798","16","7780","263.650","linux","default","baseline","0"
"etherbird","16","1","32000","295.119","295.120","108431","127.541","250.558","354.132","16","16388","613.154","linux","default","baseline","0"
"etherbird","16","2","32000","305.068","307.221","104895","132.475","264.189","368.654","16","16686","631.019","linux","default","baseline","0"
"etherbird","16","3","32000","306.426","308.565","104430","133.909","262.222","370.343","16","16862","636.271","linux","default","baseline","0"
"etherbird","16","4","32000","303.162","305.290","105554","131.413","262.767","379.307","16","16474","630.403","linux","default","baseline","0"
"etherbird","16","5","32000","297.744","297.745","107475","129.125","250.061","340.740","16","16394","619.281","linux","default","baseline","0"
"etherbird","1","1","2000","131.529","133.720","15206","63.932","85.480","130.800","16","5512","181.194","linux","default","baseline","1"
"etherbird","1","2","2000","130.764","132.974","15295","63.629","85.258","136.178","16","5427","180.128","linux","default","baseline","1"
"etherbird","1","3","2000","130.914","133.118","15277","63.528","88.968","133.473","16","5364","182.051","linux","default","baseline","1"
"etherbird","1","4","2000","135.608","137.770","14748","65.964","88.428","141.081","16","5490","188.224","linux","default","baseline","1"
"etherbird","1","5","2000","134.514","136.699","14868","65.604","87.811","141.134","16","5402","189.581","linux","default","baseline","1"
"etherbird","3","1","6000","152.904","155.049","39240","63.047","123.466","181.306","16","7853","264.918","linux","default","baseline","1"
"etherbird","3","2","6000","150.374","152.547","39900","62.935","122.239","158.492","16","7847","260.481","linux","default","baseline","1"
"etherbird","3","3","6000","159.804","162.016","37546","64.280","129.739","188.198","16","7943","279.832","linux","default","baseline","1"
"etherbird","3","4","6000","154.868","154.869","38743","64.954","127.971","181.428","16","7844","265.587","linux","default","baseline","1"
"etherbird","3","5","6000","150.314","152.455","39916","61.941","120.600","161.520","16","7747","261.802","linux","default","baseline","1"
"etherbird","16","1","32000","293.437","295.807","109052","125.264","255.255","361.799","16","16393","609.655","linux","default","baseline","1"
"etherbird","16","2","32000","297.938","297.938","107405","128.777","254.994","360.519","16","16663","616.007","linux","default","baseline","1"
"etherbird","16","3","32000","287.222","289.376","111412","123.624","242.566","334.607","16","16195","596.946","linux","default","baseline","1"
"etherbird","16","4","32000","296.149","298.300","108054","125.522","256.361","391.597","16","16334","612.238","linux","default","baseline","1"
"etherbird","16","5","32000","295.167","297.296","108413","124.783","253.675","374.871","16","16315","610.577","linux","default","baseline","1"
"supervisor","1","1","2000","4.216","6.537","474332","0.360","2.799","44.074","16","92","6.447","linux","default","baseline","0"
"supervisor","1","2","2000","3.307","6.001","604693","0.320","3.527","42.695","16","77","5.192","linux","default","baseline","0"
"supervisor","1","3","2000","6.855","51.653","291741","0.439","37.448","51.949","16","221","9.738","linux","default","baseline","0"
"supervisor","1","4","2000","3.475","5.935","575612","0.470","2.578","44.664","16","83","5.938","linux","default","baseline","0"
"supervisor","1","5","2000","5.028","49.083","397756","0.320","4.268","45.594","16","146","6.951","linux","default","baseline","0"
"supervisor","3","1","6000","8.607","10.839","697111","1.139","8.295","54.937","16","210","14.519","linux","default","baseline","0"
"supervisor","3","2","6000","8.086","10.336","742004","0.639","6.616","58.735","16","173","13.446","linux","default","baseline","0"
"supervisor","3","3","6000","11.117","55.935","539734","1.090","25.395","73.164","16","311","17.299","linux","default","baseline","0"
"supervisor","3","4","6000","10.686","12.924","561466","0.560","23.676","89.847","16","239","17.298","linux","default","baseline","0"
"supervisor","3","5","6000","8.932","11.593","671716","1.109","6.666","67.540","16","199","14.215","linux","default","baseline","0"
"supervisor","16","1","32000","27.868","34.404","1148284","10.064","47.621","83.450","16","784","58.401","linux","default","baseline","0"
"supervisor","16","2","32000","29.197","36.441","1096006","10.164","51.080","76.005","16","796","61.095","linux","default","baseline","0"
"supervisor","16","3","32000","27.159","35.337","1178242","10.254","47.462","81.082","16","770","60.108","linux","default","baseline","0"
"supervisor","16","4","32000","27.843","34.730","1149304","10.265","47.427","74.163","16","768","58.797","linux","default","baseline","0"
"supervisor","16","5","32000","27.415","35.681","1167231","10.334","50.275","74.963","16","758","58.661","linux","default","baseline","0"
"supervisor","1","1","2000","3.287","5.115","608471","0.314","3.067","39.974","16","83","5.117","linux","default","baseline","1"
"supervisor","1","2","2000","8.421","10.629","237499","0.476","42.401","85.303","16","188","11.651","linux","default","baseline","1"
"supervisor","1","3","2000","4.419","6.590","452574","0.465","3.766","46.152","16","104","6.736","linux","default","baseline","1"
"supervisor","1","4","2000","4.923","7.589","406216","0.344","4.272","44.388","16","116","7.238","linux","default","baseline","1"
"supervisor","1","5","2000","3.779","5.774","529265","0.355","3.675","44.701","16","107","5.961","linux","default","baseline","1"
"supervisor","3","1","6000","9.379","11.056","639723","0.607","13.807","70.491","16","217","14.806","linux","default","baseline","1"
"supervisor","3","2","6000","8.775","10.985","683734","0.699","11.165","56.303","16","195","14.313","linux","default","baseline","1"
"supervisor","3","3","6000","8.596","11.563","697968","1.042","14.992","53.791","16","209","14.571","linux","default","baseline","1"
"supervisor","3","4","6000","9.199","11.368","652211","1.133","6.812","56.524","16","209","14.877","linux","default","baseline","1"
"supervisor","3","5","6000","10.099","11.906","594142","0.952","16.368","77.340","16","233","15.698","linux","default","baseline","1"
"supervisor","16","1","32000","29.974","37.387","1067586","10.382","52.399","74.694","16","815","61.897","linux","default","baseline","1"
"supervisor","16","2","32000","29.626","35.483","1080119","10.473","47.699","77.121","16","768","60.938","linux","default","baseline","1"
"supervisor","16","3","32000","28.227","36.129","1133660","10.443","51.649","81.835","16","785","59.739","linux","default","baseline","1"
"supervisor","16","4","32000","28.893","35.758","1107536","10.281","51.011","87.213","16","765","59.852","linux","default","baseline","1"
"supervisor","16","5","32000","28.777","35.897","1112016","10.352","51.548","76.800","16","774","60.878","linux","default","baseline","1"
"manual","1","1","2000","3.650","6.107","547904","0.288","3.618","43.272","16","96","5.540","linux","default","candidate","0"
"manual","1","2","2000","3.554","5.434","562791","0.307","3.638","41.300","16","84","5.464","linux","default","candidate","0"
"manual","1","3","2000","3.279","5.536","609991","0.446","2.725","33.163","16","74","5.110","linux","default","candidate","0"
"manual","1","4","2000","3.764","5.696","531343","0.347","2.726","42.879","16","97","5.548","linux","default","candidate","0"
"manual","1","5","2000","2.844","5.311","703281","0.347","2.616","39.972","16","72","4.489","linux","default","candidate","0"
"manual","3","1","6000","12.083","13.312","496552","0.684","24.669","98.580","16","269","17.588","linux","default","candidate","0"
"manual","3","2","6000","7.875","52.831","761888","0.744","6.314","48.982","16","236","13.313","linux","default","candidate","0"
"manual","3","3","6000","7.479","9.515","802197","0.406","7.929","56.246","16","176","13.513","linux","default","candidate","0"
"manual","3","4","6000","9.135","11.382","656794","1.090","6.780","55.930","16","201","14.686","linux","default","candidate","0"
"manual","3","5","6000","8.137","9.734","737337","1.030","5.967","56.702","16","191","13.719","linux","default","candidate","0"
"manual","16","1","32000","28.080","33.640","1139600","10.308","45.086","68.119","16","791","58.381","linux","default","candidate","0"
"manual","16","2","32000","30.037","36.014","1065368","10.297","50.170","75.662","16","798","62.187","linux","default","candidate","0"
"manual","16","3","32000","27.209","33.305","1176101","10.357","46.364","64.294","16","740","57.837","linux","default","candidate","0"
"manual","16","4","32000","26.863","33.369","1191220","10.268","45.483","65.404","16","745","57.187","linux","default","candidate","0"
"manual","16","5","32000","30.668","36.684","1043423","10.337","51.022","73.869","16","847","62.418","linux","default","candidate","0"
"manual","1","1","2000","12.880","55.789","155279","0.318","43.692","59.229","16","323","16.767","linux","default","candidate","1"
"manual","1","2","2000","7.882","9.841","253744","0.328","41.136","54.202","16","195","10.890","linux","default","candidate","1"
"manual","1","3","2000","4.590","5.818","435764","0.318","4.772","43.754","16","96","6.822","linux","default","candidate","1"
"manual","1","4","2000","4.899","7.118","408208","0.318","5.666","45.252","16","121","7.116","linux","default","candidate","1"
"manual","1","5","2000","4.671","6.935","428189","0.298","4.135","46.150","16","112","6.360","linux","default","candidate","1"
"manual","3","1","6000","14.701","59.057","408130","0.666","33.716","129.645","16","377","21.000","linux","default","candidate","1"
"manual","3","2","6000","16.035","18.216","374173","1.264","33.259","57.772","16","360","23.264","linux","default","candidate","1"
"manual","3","3","6000","19.583","22.818","306383","0.428","71.720","131.552","16","492","28.081","linux","default","candidate","1"
"manual","3","4","6000","10.983","53.858","546295","1.253","13.958","57.155","16","272","17.432","linux","default","candidate","1"
"manual","3","5","6000","10.803","12.987","555401","0.737","29.388","76.426","16","246","16.522","linux","default","candidate","1"
"manual","16","1","32000","27.413","35.575","1167311","10.337","46.808","63.960","16","785","59.965","linux","default","candidate","1"
"manual","16","2","32000","28.259","33.869","1132373","10.337","49.256","72.885","16","759","59.183","linux","default","candidate","1"
"manual","16","3","32000","27.487","33.641","1164203","10.277","47.373","69.542","16","766","58.941","linux","default","candidate","1"
"manual","16","4","32000","30.545","35.240","1047626","10.387","50.410","81.738","16","772","62.813","linux","default","candidate","1"
"manual","16","5","32000","30.746","35.907","1040782","10.157","49.177","91.787","16","815","61.991","linux","default","candidate","1"
"etherbird","1","1","2000","134.880","136.992","14828","63.811","101.451","144.516","16","5561","185.265","linux","default","candidate","0"
"etherbird","1","2","2000","135.757","137.889","14732","62.952","101.874","147.938","16","5676","185.259","linux","default","candidate","0"
"etherbird","1","3","2000","132.919","132.919","15047","62.899","97.922","140.711","16","5564","182.117","linux","default","candidate","0"
"etherbird","1","4","2000","133.256","135.390","15009","63.418","100.558","133.324","16","5511","185.810","linux","default","candidate","0"
"etherbird","1","5","2000","132.706","133.854","15071","63.676","99.050","128.085","16","5607","184.261","linux","default","candidate","0"
"etherbird","3","1","6000","151.761","151.762","39536","62.741","123.522","162.131","16","7888","261.016","linux","default","candidate","0"
"etherbird","3","2","6000","154.594","156.731","38811","63.781","126.655","192.387","16","7700","261.867","linux","default","candidate","0"
"etherbird","3","3","6000","148.492","150.631","40406","62.155","123.414","176.866","16","7543","251.797","linux","default","candidate","0"
"etherbird","3","4","6000","148.840","150.937","40312","61.337","120.195","157.739","16","7675","250.015","linux","default","candidate","0"
"etherbird","3","5","6000","149.184","151.338","40219","61.701","125.870","180.044","16","7842","247.627","linux","default","candidate","0"
"etherbird","16","1","32000","243.968","243.969","131165","100.938","225.108","307.204","16","13410","493.774","linux","default","candidate","0"
"etherbird","16","2","32000","249.072","249.073","128477","102.897","226.758","356.828","16","13574","504.504","linux","default","candidate","0"
"etherbird","16","3","32000","253.671","255.824","126148","104.352","227.282","319.217","16","13844","512.967","linux","default","candidate","0"
"etherbird","16","4","32000","249.131","251.242","128447","103.447","222.007","324.651","16","13487","501.708","linux","default","candidate","0"
"etherbird","16","5","32000","252.810","254.945","126577","104.663","225.405","343.449","16","13840","514.714","linux","default","candidate","0"
"etherbird","1","1","2000","128.524","130.698","15561","61.869","91.570","114.187","16","5656","174.636","linux","default","candidate","1"
"etherbird","1","2","2000","125.908","128.005","15885","60.607","92.888","125.925","16","5540","173.962","linux","default","candidate","1"
"etherbird","1","3","2000","120.274","122.450","16629","58.057","89.293","105.873","16","5519","171.746","linux","default","candidate","1"
"etherbird","1","4","2000","129.385","131.526","15458","61.282","97.509","130.382","16","5537","177.679","linux","default","candidate","1"
"etherbird","1","5","2000","136.621","138.747","14639","63.881","103.581","143.626","16","5536","184.523","linux","default","candidate","1"
"etherbird","3","1","6000","153.261","155.406","39149","62.972","127.663","176.241","16","7750","258.264","linux","default","candidate","1"
"etherbird","3","2","6000","154.465","157.002","38844","63.140","125.953","187.443","16","7743","259.765","linux","default","candidate","1"
"etherbird","3","3","6000","154.145","156.279","38924","62.078","124.289","178.375","16","7696","262.667","linux","default","candidate","1"
"etherbird","3","4","6000","154.674","154.675","38791","62.083","127.226","204.285","16","7556","264.118","linux","default","candidate","1"
"etherbird","3","5","6000","157.024","159.178","38211","62.601","127.691","200.824","16","7725","267.605","linux","default","candidate","1"
"etherbird","16","1","32000","263.989","263.990","121217","109.427","243.263","368.047","16","13843","536.366","linux","default","candidate","1"
"etherbird","16","2","32000","246.477","246.478","129830","101.467","223.457","329.508","16","13663","504.522","linux","default","candidate","1"
"etherbird","16","3","32000","259.984","262.116","123085","107.687","233.684","338.336","16","14109","533.107","linux","default","candidate","1"
"etherbird","16","4","32000","253.671","255.800","126148","104.312","236.747","335.751","16","14065","523.513","linux","default","candidate","1"
"etherbird","16","5","32000","249.740","251.852","128133","103.924","220.216","320.551","16","13699","510.374","linux","default","candidate","1"
"supervisor","1","1","2000","6.256","8.915","319694","0.328","19.804","48.803","16","152","8.493","linux","default","candidate","0"
"supervisor","1","2","2000","7.520","9.502","265973","0.408","44.374","48.753","16","174","10.325","linux","default","candidate","0"
"supervisor","1","3","2000","6.363","8.519","314327","0.349","14.737","64.722","16","136","9.327","linux","default","candidate","0"
"supervisor","1","4","2000","2.324","3.626","860643","0.489","1.126","19.829","16","47","3.866","linux","default","candidate","0"
"supervisor","1","5","2000","9.398","53.833","212801","0.478","45.349","47.302","16","266","13.095","linux","default","candidate","0"
"supervisor","3","1","6000","13.051","15.222","459733","0.498","31.298","135.189","16","298","19.473","linux","default","candidate","0"
"supervisor","3","2","6000","13.420","15.301","447079","0.827","32.594","90.538","16","280","19.596","linux","default","candidate","0"
"supervisor","3","3","6000","10.493","11.888","571784","0.488","19.192","81.872","16","215","16.332","linux","default","candidate","0"
"supervisor","3","4","6000","9.913","12.090","605260","1.066","12.465","58.791","16","203","14.692","linux","default","candidate","0"
"supervisor","3","5","6000","9.667","11.891","620659","0.897","7.174","54.838","16","203","14.753","linux","default","candidate","0"
"supervisor","16","1","32000","29.839","36.045","1072423","10.711","49.772","70.380","16","759","62.531","linux","default","candidate","0"
"supervisor","16","2","32000","28.100","34.628","1138778","10.732","48.019","68.586","16","783","59.912","linux","default","candidate","0"
"supervisor","16","3","32000","29.437","35.682","1087086","10.612","47.491","71.904","16","793","62.019","linux","default","candidate","0"
"supervisor","16","4","32000","28.614","34.526","1118334","10.283","50.998","76.588","16","772","59.496","linux","default","candidate","0"
"supervisor","16","5","32000","28.513","36.387","1122307","10.383","49.434","78.767","16","794","60.317","linux","default","candidate","0"
"supervisor","1","1","2000","5.529","7.523","361731","0.368","8.560","47.807","16","135","7.808","linux","default","candidate","1"
"supervisor","1","2","2000","5.436","7.648","367925","0.348","5.627","44.318","16","116","7.764","linux","default","candidate","1"
"supervisor","1","3","2000","5.757","7.955","347431","0.368","25.360","43.940","16","136","8.660","linux","default","candidate","1"
"supervisor","1","4","2000","3.239","4.762","617451","0.328","2.674","41.245","16","74","5.116","linux","default","candidate","1"
"supervisor","1","5","2000","8.075","9.912","247688","0.318","43.085","51.426","16","208","10.741","linux","default","candidate","1"
"supervisor","3","1","6000","9.342","10.958","642267","0.796","14.633","63.513","16","214","15.013","linux","default","candidate","1"
"supervisor","3","2","6000","20.897","23.298","287116","0.616","87.601","131.073","16","481","28.996","linux","default","candidate","1"
"supervisor","3","3","6000","14.728","16.322","407374","1.153","39.188","130.616","16","342","22.351","linux","default","candidate","1"
"supervisor","3","4","6000","14.032","16.347","427609","1.064","34.217","128.856","16","319","20.955","linux","default","candidate","1"
"supervisor","3","5","6000","9.551","11.825","628211","1.233","8.112","63.514","16","204","15.288","linux","default","candidate","1"
"supervisor","16","1","32000","30.494","34.516","1049377","10.279","50.371","67.222","16","770","63.049","linux","default","candidate","1"
"supervisor","16","2","32000","27.113","35.878","1180234","10.289","47.558","72.938","16","767","59.315","linux","default","candidate","1"
"supervisor","16","3","32000","28.939","33.528","1105782","10.229","48.115","80.553","16","773","60.086","linux","default","candidate","1"
"supervisor","16","4","32000","29.225","35.726","1094948","10.229","47.886","76.358","16","785","60.340","linux","default","candidate","1"
"supervisor","16","5","32000","28.482","38.779","1123506","10.289","50.133","70.304","16","792","63.560","linux","default","candidate","1"
"manual","1","1","2000","2.747","4.383","728121","0.279","3.873","33.121","2","45","4.169","linux","two","baseline","0"
"manual","1","2","2000","7.730","10.160","258734","0.349","42.581","49.756","2","150","9.935","linux","two","baseline","0"
"manual","1","3","2000","9.966","12.547","200683","0.348","43.076","51.896","2","209","12.848","linux","two","baseline","0"
"manual","1","4","2000","5.294","48.151","377801","0.309","13.867","44.208","2","136","6.976","linux","two","baseline","0"
"manual","1","5","2000","3.541","5.159","564761","0.338","3.623","39.665","2","64","4.632","linux","two","baseline","0"
"manual","3","1","6000","11.420","55.134","525384","1.274","28.452","96.735","2","224","16.642","linux","two","baseline","0"
"manual","3","2","6000","7.953","10.314","754442","1.294","5.694","48.861","2","76","11.480","linux","two","baseline","0"
"manual","3","3","6000","19.255","21.238","311607","1.304","49.726","94.096","2","316","25.066","linux","two","baseline","0"
"manual","3","4","6000","16.361","18.329","366717","1.224","41.971","130.037","2","284","21.863","linux","two","baseline","0"
"manual","3","5","6000","23.179","63.985","258853","1.344","49.597","131.140","2","437","29.413","linux","two","baseline","0"
"manual","16","1","32000","29.633","71.451","1079869","10.204","43.365","74.514","2","147","50.994","linux","two","baseline","0"
"manual","16","2","32000","30.978","33.275","1033005","10.254","50.035","114.943","2","178","50.350","linux","two","baseline","0"
"manual","16","3","32000","31.992","34.658","1000249","10.493","49.856","76.502","2","218","53.028","linux","two","baseline","0"
"manual","16","4","32000","28.573","30.001","1119945","10.323","48.532","78.536","2","125","47.794","linux","two","baseline","0"
"manual","16","5","32000","29.073","31.581","1100681","10.264","42.339","79.074","2","163","48.887","linux","two","baseline","0"
"manual","1","1","2000","10.610","12.578","188503","0.343","44.143","71.125","2","228","13.926","linux","two","baseline","1"
"manual","1","2","2000","3.959","5.753","505128","0.364","3.550","44.861","2","81","5.499","linux","two","baseline","1"
"manual","1","3","2000","3.714","6.227","538461","0.374","3.600","43.870","2","50","4.795","linux","two","baseline","1"
"manual","1","4","2000","3.633","6.217","550516","0.313","3.530","43.729","2","53","4.634","linux","two","baseline","1"
"manual","1","5","2000","7.823","51.819","255667","0.435","43.547","44.912","2","213","10.677","linux","two","baseline","1"
"manual","3","1","6000","14.994","57.251","400162","1.295","33.960","132.036","2","276","20.710","linux","two","baseline","1"
"manual","3","2","6000","11.227","12.825","534448","1.011","20.297","120.749","2","136","15.384","linux","two","baseline","1"
"manual","3","3","6000","12.241","13.449","490148","1.274","26.415","128.314","2","158","17.448","linux","two","baseline","1"
"manual","3","4","6000","16.592","58.744","361618","1.102","43.617","130.903","2","315","22.337","linux","two","baseline","1"
"manual","3","5","6000","19.241","64.205","311832","0.475","63.106","136.283","2","355","25.762","linux","two","baseline","1"
"manual","16","1","32000","33.469","75.784","956110","10.851","55.338","103.477","2","225","54.094","linux","two","baseline","1"
"manual","16","2","32000","36.093","80.869","886591","10.730","54.014","116.330","2","295","58.836","linux","two","baseline","1"
"manual","16","3","32000","34.931","36.762","916093","10.609","50.818","103.739","2","270","56.737","linux","two","baseline","1"
"manual","16","4","32000","32.155","34.586","995186","10.598","53.508","83.251","2","204","51.622","linux","two","baseline","1"
"manual","16","5","32000","27.608","29.830","1159085","10.548","40.827","63.995","2","89","48.501","linux","two","baseline","1"
"etherbird","1","1","2000","153.180","155.338","13056","76.481","99.534","159.095","2","5579","139.443","linux","two","baseline","0"
"etherbird","1","2","2000","151.464","151.465","13204","75.315","106.936","156.788","2","5577","138.516","linux","two","baseline","0"
"etherbird","1","3","2000","160.217","160.217","12483","79.629","104.375","165.215","2","5634","143.241","linux","two","baseline","0"
"etherbird","1","4","2000","159.734","159.734","12521","79.320","109.137","183.093","2","5629","144.420","linux","two","baseline","0"
"etherbird","1","5","2000","161.296","161.297","12400","80.307","105.099","203.918","2","5692","145.930","linux","two","baseline","0"
"etherbird","3","1","6000","139.451","139.451","43026","49.663","101.997","195.245","2","5324","184.563","linux","two","baseline","0"
"etherbird","3","2","6000","141.824","141.824","42306","50.745","101.230","175.499","2","5284","186.298","linux","two","baseline","0"
"etherbird","3","3","6000","130.080","130.081","46125","47.361","99.685","159.681","2","4999","174.581","linux","two","baseline","0"
"etherbird","3","4","6000","135.476","135.476","44288","48.804","100.513","152.049","2","5068","180.557","linux","two","baseline","0"
"etherbird","3","5","6000","142.612","142.613","42072","53.623","102.406","199.635","2","5275","186.047","linux","two","baseline","0"
"etherbird","16","1","32000","237.050","237.051","134992","97.087","185.185","275.013","2","8568","379.730","linux","two","baseline","0"
"etherbird","16","2","32000","240.642","240.643","132978","99.636","198.268","295.231","2","8815","383.549","linux","two","baseline","0"
"etherbird","16","3","32000","234.061","234.062","136716","97.199","197.101","290.962","2","8947","376.309","linux","two","baseline","0"
"etherbird","16","4","32000","238.837","238.838","133983","99.144","199.250","271.799","2","9032","382.465","linux","two","baseline","0"
"etherbird","16","5","32000","228.486","228.487","140053","94.333","192.390","278.177","2","8842","366.860","linux","two","baseline","0"
"etherbird","1","1","2000","153.841","156.090","13000","78.247","101.926","150.061","2","5564","138.214","linux","two","baseline","1"
"etherbird","1","2","2000","154.374","154.375","12956","77.590","107.984","175.671","2","5586","140.403","linux","two","baseline","1"
"etherbird","1","3","2000","142.440","144.585","14041","70.185","89.639","126.311","2","5510","133.580","linux","two","baseline","1"
"etherbird","1","4","2000","147.079","147.080","13598","70.145","103.701","203.587","2","5487","137.046","linux","two","baseline","1"
"etherbird","1","5","2000","152.150","152.151","13145","72.259","102.780","192.823","2","5671","139.626","linux","two","baseline","1"
"etherbird","3","1","6000","142.875","142.876","41995","52.547","106.887","198.796","2","5360","190.158","linux","two","baseline","1"
"etherbird","3","2","6000","140.535","140.535","42694","47.071","98.299","192.474","2","5199","187.631","linux","two","baseline","1"
"etherbird","3","3","6000","140.912","140.913","42580","47.431","98.749","195.888","2","5322","186.668","linux","two","baseline","1"
"etherbird","3","4","6000","134.312","134.312","44672","48.539","98.309","161.137","2","5269","177.286","linux","two","baseline","1"
"etherbird","3","5","6000","135.479","135.480","44287","46.382","97.430","171.100","2","5340","178.174","linux","two","baseline","1"
"etherbird","16","1","32000","240.540","240.541","133034","97.919","209.103","321.925","2","9522","378.076","linux","two","baseline","1"
"etherbird","16","2","32000","235.729","237.852","135749","96.972","195.674","285.950","2","9026","372.101","linux","two","baseline","1"
"etherbird","16","3","32000","243.822","243.823","131243","101.799","211.012","305.046","2","9373","384.948","linux","two","baseline","1"
"etherbird","16","4","32000","241.371","241.372","132576","101.350","205.134","328.900","2","9559","385.975","linux","two","baseline","1"
"etherbird","16","5","32000","250.731","250.732","127627","108.116","223.084","314.425","2","9530","401.038","linux","two","baseline","1"
"supervisor","1","1","2000","4.508","6.839","443616","0.389","4.779","49.926","2","61","5.276","linux","two","baseline","0"
"supervisor","1","2","2000","6.665","9.144","300066","0.348","42.051","44.141","2","135","8.823","linux","two","baseline","0"
"supervisor","1","3","2000","10.711","12.296","186719","0.398","42.886","59.313","2","226","14.009","linux","two","baseline","0"
"supervisor","1","4","2000","4.355","5.956","459235","0.338","4.251","43.017","2","79","5.954","linux","two","baseline","0"
"supervisor","1","5","2000","13.878","16.100","144118","0.468","43.086","52.753","2","292","18.081","linux","two","baseline","0"
"supervisor","3","1","6000","12.925","56.708","464220","1.314","26.799","129.347","2","236","17.858","linux","two","baseline","0"
"supervisor","3","2","6000","14.501","56.337","413751","1.286","36.024","129.700","2","267","20.028","linux","two","baseline","0"
"supervisor","3","3","6000","10.680","13.415","561773","0.977","16.338","128.703","2","150","15.535","linux","two","baseline","0"
"supervisor","3","4","6000","16.521","18.669","363170","1.255","41.673","129.760","2","271","22.492","linux","two","baseline","0"
"supervisor","3","5","6000","14.881","59.187","403193","1.325","33.314","55.371","2","283","20.420","linux","two","baseline","0"
"supervisor","16","1","32000","27.266","29.230","1173619","10.232","42.480","68.859","2","117","47.888","linux","two","baseline","0"
"supervisor","16","2","32000","29.691","31.813","1077764","10.171","47.879","82.408","2","131","49.418","linux","two","baseline","0"
"supervisor","16","3","32000","28.335","70.826","1129364","10.102","46.853","74.618","2","172","48.339","linux","two","baseline","0"
"supervisor","16","4","32000","31.649","33.321","1011075","10.211","46.315","94.802","2","206","52.088","linux","two","baseline","0"
"supervisor","16","5","32000","28.968","73.989","1104653","10.401","43.675","70.434","2","174","48.966","linux","two","baseline","0"
"supervisor","1","1","2000","3.863","49.121","517728","0.364","3.884","44.235","2","102","5.724","linux","two","baseline","1"
"supervisor","1","2","2000","5.063","48.672","395035","0.333","5.319","46.085","2","153","6.974","linux","two","baseline","1"
"supervisor","1","3","2000","5.352","7.526","373724","0.476","5.027","45.142","2","85","7.644","linux","two","baseline","1"
"supervisor","1","4","2000","2.877","5.443","695172","0.466","2.660","30.738","2","39","3.955","linux","two","baseline","1"
"supervisor","1","5","2000","2.976","5.376","672094","0.333","2.781","31.072","2","36","4.426","linux","two","baseline","1"
"supervisor","3","1","6000","12.146","55.764","493989","1.113","26.318","93.217","2","225","17.283","linux","two","baseline","1"
"supervisor","3","2","6000","7.087","9.359","846641","0.607","5.178","45.951","2","47","11.575","linux","two","baseline","1"
"supervisor","3","3","6000","9.555","11.774","627951","0.941","6.393","61.234","2","104","13.501","linux","two","baseline","1"
"supervisor","3","4","6000","13.682","58.320","438530","1.375","28.635","89.504","2","251","18.893","linux","two","baseline","1"
"supervisor","3","5","6000","11.391","13.981","526717","0.688","6.747","90.091","2","139","16.174","linux","two","baseline","1"
"supervisor","16","1","32000","30.874","71.985","1036455","10.044","37.728","85.945","2","169","52.282","linux","two","baseline","1"
"supervisor","16","2","32000","30.817","32.764","1038390","10.397","44.292","83.315","2","177","52.798","linux","two","baseline","1"
"supervisor","16","3","32000","31.115","32.643","1028445","10.469","49.451","99.811","2","173","51.943","linux","two","baseline","1"
"supervisor","16","4","32000","30.870","32.504","1036617","10.459","47.913","77.134","2","173","51.190","linux","two","baseline","1"
"supervisor","16","5","32000","30.028","32.541","1065681","10.620","39.508","69.994","2","143","52.164","linux","two","baseline","1"
"manual","1","1","2000","15.362","56.509","130187","0.340","43.131","51.174","2","375","19.688","linux","two","candidate","0"
"manual","1","2","2000","12.113","14.945","165118","0.299","43.839","57.651","2","257","15.610","linux","two","candidate","0"
"manual","1","3","2000","6.559","8.106","304944","0.329","38.999","43.859","2","110","8.618","linux","two","candidate","0"
"manual","1","4","2000","2.691","5.102","743084","0.330","2.694","31.165","2","30","3.918","linux","two","candidate","0"
"manual","1","5","2000","10.645","13.282","187884","0.379","43.580","53.569","2","213","13.619","linux","two","candidate","0"
"manual","3","1","6000","8.068","10.505","743690","1.208","6.906","50.446","2","81","11.184","linux","two","candidate","0"
"manual","3","2","6000","11.236","13.810","534017","1.247","24.929","88.637","2","138","15.387","linux","two","candidate","0"
"manual","3","3","6000","21.247","23.684","282399","1.267","83.986","130.760","2","398","28.743","linux","two","candidate","0"
"manual","3","4","6000","23.596","25.569","254285","1.308","126.868","137.107","2","459","30.835","linux","two","candidate","0"
"manual","3","5","6000","9.995","12.261","600295","1.267","6.896","90.912","2","126","14.011","linux","two","candidate","0"
"manual","16","1","32000","30.939","33.196","1034293","10.388","40.397","73.688","2","196","52.184","linux","two","candidate","0"
"manual","16","2","32000","36.620","38.896","873835","10.488","52.961","153.872","2","294","57.454","linux","two","candidate","0"
"manual","16","3","32000","33.774","35.983","947479","10.368","48.070","123.555","2","247","54.688","linux","two","candidate","0"
"manual","16","4","32000","35.963","38.428","889791","10.578","52.851","123.984","2","268","56.953","linux","two","candidate","0"
"manual","16","5","32000","29.141","30.600","1098104","10.388","47.242","81.811","2","143","48.424","linux","two","candidate","0"
"manual","1","1","2000","7.752","53.063","258000","0.435","43.387","48.341","2","214","10.661","linux","two","candidate","1"
"manual","1","2","2000","3.275","4.709","610718","0.344","2.821","41.017","2","53","4.252","linux","two","candidate","1"
"manual","1","3","2000","4.053","5.771","493503","0.323","3.873","44.974","2","69","5.762","linux","two","candidate","1"
"manual","1","4","2000","5.437","7.053","367839","0.323","5.470","45.308","2","107","7.220","linux","two","candidate","1"
"manual","1","5","2000","2.881","5.285","694324","0.323","2.740","33.306","2","37","3.895","linux","two","candidate","1"
"manual","3","1","6000","19.923","65.067","301164","1.062","53.862","131.192","2","375","26.666","linux","two","candidate","1"
"manual","3","2","6000","23.557","25.250","254704","1.133","87.421","127.003","2","408","31.263","linux","two","candidate","1"
"manual","3","3","6000","16.477","18.737","364150","1.213","37.310","135.489","2","254","22.193","linux","two","candidate","1"
"manual","3","4","6000","11.803","13.990","508335","1.304","24.004","130.262","2","169","16.658","linux","two","candidate","1"
"manual","3","5","6000","9.543","52.192","628742","1.284","7.219","58.524","2","151","13.759","linux","two","candidate","1"
"manual","16","1","32000","29.848","71.806","1072098","10.588","48.836","70.326","2","181","50.045","linux","two","candidate","1"
"manual","16","2","32000","31.037","33.829","1031031","10.538","45.226","83.230","2","191","51.885","linux","two","candidate","1"
"manual","16","3","32000","28.149","30.465","1136802","10.609","39.784","66.503","2","100","48.995","linux","two","candidate","1"
"manual","16","4","32000","37.002","39.624","864809","10.113","52.577","166.885","2","334","58.198","linux","two","candidate","1"
"manual","16","5","32000","29.781","32.664","1074495","10.528","49.432","77.829","2","158","50.538","linux","two","candidate","1"
"etherbird","1","1","2000","148.308","150.445","13485","81.033","109.601","129.319","2","4878","153.770","linux","two","candidate","0"
"etherbird","1","2","2000","148.229","150.346","13493","79.876","111.904","134.632","2","4983","154.068","linux","two","candidate","0"
"etherbird","1","3","2000","147.871","149.972","13525","79.667","109.552","137.882","2","5152","152.569","linux","two","candidate","0"
"etherbird","1","4","2000","148.414","150.523","13476","79.746","112.689","143.803","2","5086","153.326","linux","two","candidate","0"
"etherbird","1","5","2000","150.118","152.250","13323","78.022","115.396","139.118","2","4518","158.329","linux","two","candidate","0"
"etherbird","3","1","6000","124.982","124.983","48007","44.368","96.982","137.339","2","5172","167.692","linux","two","candidate","0"
"etherbird","3","2","6000","127.750","129.866","46967","44.360","97.112","141.460","2","5081","171.282","linux","two","candidate","0"
"etherbird","3","3","6000","121.791","123.904","49265","42.602","94.609","144.898","2","4919","160.173","linux","two","candidate","0"
"etherbird","3","4","6000","125.220","125.221","47916","42.792","96.574","154.504","2","5589","168.746","linux","two","candidate","0"
"etherbird","3","5","6000","121.343","122.457","49447","42.273","93.532","136.224","2","5080","162.366","linux","two","candidate","0"
"etherbird","16","1","32000","230.926","230.928","138572","95.736","187.064","281.952","2","9344","358.154","linux","two","candidate","0"
"etherbird","16","2","32000","231.502","231.503","138228","95.237","191.056","297.181","2","9414","354.598","linux","two","candidate","0"
"etherbird","16","3","32000","226.224","228.338","141453","93.846","182.684","265.924","2","9178","351.554","linux","two","candidate","0"
"etherbird","16","4","32000","229.971","229.973","139148","94.604","188.081","282.162","2","9491","357.638","linux","two","candidate","0"
"etherbird","16","5","32000","225.933","225.934","141635","91.701","176.329","286.346","2","8821","347.291","linux","two","candidate","0"
"etherbird","1","1","2000","144.829","144.829","13809","80.724","106.031","145.579","2","4907","145.611","linux","two","candidate","1"
"etherbird","1","2","2000","141.179","141.179","14166","77.989","100.701","131.938","2","4862","142.628","linux","two","candidate","1"
"etherbird","1","3","2000","147.679","149.803","13543","81.674","108.816","159.455","2","4852","149.492","linux","two","candidate","1"
"etherbird","1","4","2000","149.730","149.731","13357","81.175","110.683","155.093","2","4883","151.525","linux","two","candidate","1"
"etherbird","1","5","2000","158.293","160.436","12635","81.315","111.591","160.643","2","5170","161.714","linux","two","candidate","1"
"etherbird","3","1","6000","131.744","131.745","45543","44.421","101.648","184.681","2","5185","173.947","linux","two","candidate","1"
"etherbird","3","2","6000","127.533","127.534","47046","43.732","99.253","166.892","2","5079","167.375","linux","two","candidate","1"
"etherbird","3","3","6000","129.489","131.601","46336","44.361","97.377","171.335","2","4979","169.211","linux","two","candidate","1"
"etherbird","3","4","6000","126.612","128.755","47389","43.892","95.909","151.400","2","4919","169.669","linux","two","candidate","1"
"etherbird","3","5","6000","120.809","122.951","49665","41.776","93.287","162.577","2","4946","161.229","linux","two","candidate","1"
"etherbird","16","1","32000","227.770","227.771","140493","91.359","191.775","352.668","2","8947","349.497","linux","two","candidate","1"
"etherbird","16","2","32000","221.108","221.109","144726","90.371","178.056","293.598","2","8808","343.662","linux","two","candidate","1"
"etherbird","16","3","32000","211.438","211.439","151344","87.076","174.771","282.395","2","8317","331.726","linux","two","candidate","1"
"etherbird","16","4","32000","210.470","212.608","152041","87.156","169.160","256.865","2","8080","329.697","linux","two","candidate","1"
"etherbird","16","5","32000","234.521","234.522","136448","95.364","188.771","331.561","2","9258","360.454","linux","two","candidate","1"
"supervisor","1","1","2000","7.657","9.893","261182","0.428","29.988","56.165","2","134","10.454","linux","two","candidate","0"
"supervisor","1","2","2000","4.277","7.236","467592","0.339","4.250","44.623","2","83","6.331","linux","two","candidate","0"
"supervisor","1","3","2000","9.728","11.894","205596","0.349","43.147","48.095","2","186","12.571","linux","two","candidate","0"
"supervisor","1","4","2000","3.432","4.852","582766","0.349","3.672","40.762","2","45","4.576","linux","two","candidate","0"
"supervisor","1","5","2000","7.379","9.301","271050","0.330","43.097","47.905","2","156","10.251","linux","two","candidate","0"
"supervisor","3","1","6000","11.457","57.193","523720","1.167","25.888","83.481","2","243","16.079","linux","two","candidate","0"
"supervisor","3","2","6000","12.254","14.733","489632","0.519","7.931","86.603","2","175","17.218","linux","two","candidate","0"
"supervisor","3","3","6000","9.914","12.072","605212","0.758","6.953","73.544","2","119","14.060","linux","two","candidate","0"
"supervisor","3","4","6000","9.214","52.298","651204","1.277","6.315","52.245","2","145","14.066","linux","two","candidate","0"
"supervisor","3","5","6000","8.830","10.898","679524","1.267","6.996","63.429","2","121","13.871","linux","two","candidate","0"
"supervisor","16","1","32000","31.815","33.407","1005805","10.339","50.575","96.959","2","207","52.550","linux","two","candidate","0"
"supervisor","16","2","32000","27.332","28.726","1170806","10.238","42.412","66.303","2","113","46.450","linux","two","candidate","0"
"supervisor","16","3","32000","32.301","34.172","990676","10.309","44.389","88.547","2","219","53.007","linux","two","candidate","0"
"supervisor","16","4","32000","30.193","32.037","1059842","10.238","43.171","76.981","2","191","50.837","linux","two","candidate","0"
"supervisor","16","5","32000","34.737","37.012","921207","10.298","41.005","127.696","2","280","56.288","linux","two","candidate","0"
"supervisor","1","1","2000","5.833","7.320","342874","0.340","12.513","49.664","2","109","7.629","linux","two","candidate","1"
"supervisor","1","2","2000","4.335","5.824","461336","0.359","4.015","45.060","2","79","6.070","linux","two","candidate","1"
"supervisor","1","3","2000","5.820","8.339","343638","0.350","14.990","49.285","2","117","7.839","linux","two","candidate","1"
"supervisor","1","4","2000","9.331","54.500","214347","0.479","44.871","48.137","2","243","12.592","linux","two","candidate","1"
"supervisor","1","5","2000","2.947","47.714","678665","0.489","2.637","43.193","2","94","4.772","linux","two","candidate","1"
"supervisor","3","1","6000","10.640","13.523","563914","1.375","12.426","96.622","2","141","15.460","linux","two","candidate","1"
"supervisor","3","2","6000","11.389","13.907","526823","1.284","26.441","63.094","2","158","15.681","linux","two","candidate","1"
"supervisor","3","3","6000","15.512","60.986","386790","1.294","34.569","91.183","2","230","20.645","linux","two","candidate","1"
"supervisor","3","4","6000","10.277","11.924","583849","0.789","7.108","89.635","2","135","14.379","linux","two","candidate","1"
"supervisor","3","5","6000","8.449","50.483","710160","1.294","5.318","51.779","2","126","12.703","linux","two","candidate","1"
"supervisor","16","1","32000","28.843","31.242","1109439","10.717","39.677","74.640","2","110","49.706","linux","two","candidate","1"
"supervisor","16","2","32000","27.371","27.372","1169114","10.758","36.137","67.967","2","86","48.315","linux","two","candidate","1"
"supervisor","16","3","32000","26.840","28.699","1192252","10.223","39.403","64.014","2","99","47.369","linux","two","candidate","1"
"supervisor","16","4","32000","33.654","36.200","950854","10.384","41.739","103.777","2","226","55.455","linux","two","candidate","1"
"supervisor","16","5","32000","28.554","30.326","1120700","10.283","44.509","71.920","2","123","48.618","linux","two","candidate","1"
"manual","1","1","2000","16.261","30.586","122991","0.300","121.300","127.100","1","3","16.118","windows","current","baseline","0"
"manual","1","2","2000","16.334","31.333","122448","0.300","119.700","123.000","1","3","16.349","windows","current","baseline","0"
"manual","1","3","2000","16.056","31.046","124562","0.300","119.900","123.100","1","3","15.916","windows","current","baseline","0"
"manual","1","4","2000","15.060","31.219","132803","0.300","120.000","122.100","1","4","14.945","windows","current","baseline","0"
"manual","1","5","2000","16.336","30.145","122429","0.300","119.900","125.500","1","3","16.187","windows","current","baseline","0"
"manual","3","1","6000","45.074","47.006","133113","0.300","134.900","142.200","1","3","44.480","windows","current","baseline","0"
"manual","3","2","6000","46.326","47.547","129516","0.300","139.500","146.400","1","3","45.734","windows","current","baseline","0"
"manual","3","3","6000","45.973","62.220","130511","0.300","135.900","147.900","1","3","45.319","windows","current","baseline","0"
"manual","3","4","6000","45.750","63.024","131147","0.300","135.200","142.800","1","4","45.188","windows","current","baseline","0"
"manual","3","5","6000","45.941","62.675","130602","0.300","138.200","145.000","1","3","45.359","windows","current","baseline","0"
"manual","16","1","32000","245.840","248.286","130166","0.300","236.300","298.200","1","3","243.149","windows","current","baseline","0"
"manual","16","2","32000","249.761","260.347","128122","0.300","243.400","340.800","1","3","246.732","windows","current","baseline","0"
"manual","16","3","32000","247.947","250.127","129060","0.300","243.400","281.100","1","3","245.137","windows","current","baseline","0"
"manual","16","4","32000","246.694","262.635","129716","0.300","236.400","269.700","1","3","244.069","windows","current","baseline","0"
"manual","16","5","32000","244.567","249.800","130844","0.300","245.100","323.600","1","3","241.800","windows","current","baseline","0"
"manual","1","1","2000","15.654","30.732","127761","0.300","118.500","121.100","1","3","15.519","windows","current","baseline","1"
"manual","1","2","2000","15.463","30.404","129339","0.300","118.300","119.300","1","3","15.403","windows","current","baseline","1"
"manual","1","3","2000","15.167","31.807","131869","0.300","118.100","118.900","1","3","15.055","windows","current","baseline","1"
"manual","1","4","2000","14.799","30.517","135147","0.300","117.900","119.400","1","3","14.713","windows","current","baseline","1"
"manual","1","5","2000","14.618","31.080","136820","0.300","118.300","119.000","1","3","14.522","windows","current","baseline","1"
"manual","3","1","6000","45.224","61.457","132672","0.300","133.500","145.400","1","3","44.649","windows","current","baseline","1"
"manual","3","2","6000","44.693","46.545","134250","0.300","133.100","139.400","1","3","44.169","windows","current","baseline","1"
"manual","3","3","6000","44.858","59.869","133756","0.300","133.300","140.600","1","3","44.346","windows","current","baseline","1"
"manual","3","4","6000","44.375","46.522","135212","0.300","133.200","138.500","1","3","43.829","windows","current","baseline","1"
"manual","3","5","6000","47.167","61.798","127207","0.300","137.100","159.300","1","3","46.595","windows","current","baseline","1"
"manual","16","1","32000","242.252","247.202","132094","0.300","232.300","310.000","1","3","238.984","windows","current","baseline","1"
"manual","16","2","32000","243.089","251.849","131639","0.300","231.200","391.300","1","3","240.435","windows","current","baseline","1"
"manual","16","3","32000","239.795","252.804","133447","0.300","231.400","295.400","1","3","237.278","windows","current","baseline","1"
"manual","16","4","32000","240.460","248.441","133078","0.300","231.100","310.900","1","3","238.041","windows","current","baseline","1"
"manual","16","5","32000","235.665","246.952","135786","0.300","230.700","242.500","1","3","232.950","windows","current","baseline","1"
"etherbird","1","1","2000","24.600","31.292","81300","11.900","12.300","24.300","1","2","20.707","windows","current","baseline","0"
"etherbird","1","2","2000","24.394","31.092","81988","11.600","13.500","23.800","1","2","20.535","windows","current","baseline","0"
"etherbird","1","3","2000","23.856","31.626","83837","11.600","12.000","17.000","1","2","19.988","windows","current","baseline","0"
"etherbird","1","4","2000","24.391","30.909","81998","11.600","12.400","23.700","1","2","20.474","windows","current","baseline","0"
"etherbird","1","5","2000","23.497","31.231","85118","11.600","11.800","14.800","1","2","19.748","windows","current","baseline","0"
"etherbird","3","1","6000","66.035","75.848","90860","30.100","40.300","96.000","1","2","61.618","windows","current","baseline","0"
"etherbird","3","2","6000","63.982","76.090","93777","30.200","36.900","80.800","1","2","59.599","windows","current","baseline","0"
"etherbird","3","3","6000","62.922","77.027","95356","30.100","31.600","60.900","1","2","58.984","windows","current","baseline","0"
"etherbird","3","4","6000","61.778","76.322","97123","30.000","30.800","45.200","1","2","57.932","windows","current","baseline","0"
"etherbird","3","5","6000","62.380","77.257","96185","30.000","32.300","60.800","1","2","57.729","windows","current","baseline","0"
"etherbird","16","1","32000","311.614","328.059","102691","149.400","164.400","339.100","1","2","307.286","windows","current","baseline","0"
"etherbird","16","2","32000","310.923","323.139","102920","149.400","166.000","323.700","1","2","306.757","windows","current","baseline","0"
"etherbird","16","3","32000","310.166","326.706","103170","149.400","162.700","324.000","1","3","305.346","windows","current","baseline","0"
"etherbird","16","4","32000","310.748","313.520","102977","149.500","176.200","308.800","1","2","306.182","windows","current","baseline","0"
"etherbird","16","5","32000","312.376","325.347","102441","149.500","172.200","322.000","1","2","307.912","windows","current","baseline","0"
"etherbird","1","1","2000","25.096","30.547","79694","12.000","12.500","24.600","1","2","21.130","windows","current","baseline","1"
"etherbird","1","2","2000","23.929","30.402","83580","11.700","11.900","17.700","1","2","20.122","windows","current","baseline","1"
"etherbird","1","3","2000","24.946","31.304","80173","11.700","12.800","17.700","1","2","20.752","windows","current","baseline","1"
"etherbird","1","4","2000","24.976","31.173","80077","11.700","14.400","23.800","1","2","20.998","windows","current","baseline","1"
"etherbird","1","5","2000","23.963","30.492","83463","11.700","11.900","23.600","1","2","20.119","windows","current","baseline","1"
"etherbird","3","1","6000","62.713","78.036","95674","30.100","32.400","60.600","1","2","57.974","windows","current","baseline","1"
"etherbird","3","2","6000","61.607","78.032","97391","30.100","34.800","39.000","1","2","57.742","windows","current","baseline","1"
"etherbird","3","3","6000","64.196","78.126","93464","30.200","35.100","65.400","1","2","60.180","windows","current","baseline","1"
"etherbird","3","4","6000","62.821","77.248","95509","30.100","31.100","60.800","1","2","58.913","windows","current","baseline","1"
"etherbird","3","5","6000","63.126","77.370","95048","30.100","32.900","61.400","1","2","59.203","windows","current","baseline","1"
"etherbird","16","1","32000","308.837","310.440","103614","149.900","159.900","307.100","1","2","304.624","windows","current","baseline","1"
"etherbird","16","2","32000","313.342","329.966","102125","149.800","161.500","357.400","1","3","309.135","windows","current","baseline","1"
"etherbird","16","3","32000","312.043","324.494","102550","149.800","164.900","317.600","1","2","307.145","windows","current","baseline","1"
"etherbird","16","4","32000","308.844","313.924","103612","150.000","160.600","273.100","1","2","304.635","windows","current","baseline","1"
"etherbird","16","5","32000","310.839","328.355","102947","149.800","161.200","311.900","1","2","306.625","windows","current","baseline","1"
"supervisor","1","1","2000","15.141","31.281","132093","0.300","118.300","121.200","1","3","15.026","windows","current","baseline","0"
"supervisor","1","2","2000","15.596","30.629","128236","0.300","118.400","122.200","1","3","15.534","windows","current","baseline","0"
"supervisor","1","3","2000","15.003","30.424","133309","0.300","118.200","119.000","1","3","15.030","windows","current","baseline","0"
"supervisor","1","4","2000","15.692","31.135","127451","0.300","118.100","120.700","1","3","15.607","windows","current","baseline","0"
"supervisor","1","5","2000","15.147","30.706","132037","0.300","118.200","119.100","1","3","15.031","windows","current","baseline","0"
"supervisor","3","1","6000","46.097","61.364","130159","0.300","132.800","140.300","1","3","45.119","windows","current","baseline","0"
"supervisor","3","2","6000","44.179","48.101","135811","0.300","132.500","139.400","1","3","43.615","windows","current","baseline","0"
"supervisor","3","3","6000","45.904","62.358","130706","0.300","133.100","141.500","1","3","45.319","windows","current","baseline","0"
"supervisor","3","4","6000","45.635","61.762","131477","0.300","133.900","143.800","1","3","45.114","windows","current","baseline","0"
"supervisor","3","5","6000","45.755","62.207","131133","0.300","133.300","141.500","1","3","45.067","windows","current","baseline","0"
"supervisor","16","1","32000","242.429","247.951","131997","0.300","231.200","346.800","1","3","239.661","windows","current","baseline","0"
"supervisor","16","2","32000","241.373","250.725","132575","0.300","231.400","299.000","1","3","238.679","windows","current","baseline","0"
"supervisor","16","3","32000","245.305","259.146","130450","0.300","231.800","396.100","1","3","242.151","windows","current","baseline","0"
"supervisor","16","4","32000","242.430","248.657","131997","0.300","230.400","278.600","1","3","239.614","windows","current","baseline","0"
"supervisor","16","5","32000","241.945","250.989","132262","0.300","232.300","331.700","1","3","239.311","windows","current","baseline","0"
"supervisor","1","1","2000","15.102","30.186","132435","0.300","118.400","120.500","1","3","15.069","windows","current","baseline","1"
"supervisor","1","2","2000","15.054","30.994","132855","0.300","118.200","118.900","1","4","14.949","windows","current","baseline","1"
"supervisor","1","3","2000","15.293","30.090","130781","0.300","118.000","119.800","1","3","15.340","windows","current","baseline","1"
"supervisor","1","4","2000","14.491","29.874","138018","0.300","118.100","118.800","1","3","14.368","windows","current","baseline","1"
"supervisor","1","5","2000","14.695","29.978","136097","0.300","118.400","119.800","1","3","14.559","windows","current","baseline","1"
"supervisor","3","1","6000","45.731","62.437","131203","0.300","134.000","141.400","1","3","45.159","windows","current","baseline","1"
"supervisor","3","2","6000","45.538","47.453","131758","0.300","133.300","143.600","1","3","45.006","windows","current","baseline","1"
"supervisor","3","3","6000","44.981","47.166","133389","0.300","132.600","138.200","1","3","44.431","windows","current","baseline","1"
"supervisor","3","4","6000","44.559","46.521","134653","0.300","133.100","139.200","1","3","43.985","windows","current","baseline","1"
"supervisor","3","5","6000","43.918","47.041","136618","0.300","133.100","140.900","1","3","43.352","windows","current","baseline","1"
"supervisor","16","1","32000","240.326","248.413","133153","0.300","231.600","282.800","1","3","237.698","windows","current","baseline","1"
"supervisor","16","2","32000","240.324","249.498","133154","0.300","232.000","301.900","1","3","237.201","windows","current","baseline","1"
"supervisor","16","3","32000","241.798","247.210","132342","0.300","232.100","295.500","1","3","239.096","windows","current","baseline","1"
"supervisor","16","4","32000","241.623","250.128","132438","0.300","231.900","309.700","1","3","238.729","windows","current","baseline","1"
"supervisor","16","5","32000","239.866","245.485","133408","0.300","232.000","275.900","1","3","237.352","windows","current","baseline","1"
"manual","1","1","2000","15.645","30.437","127835","0.300","119.100","123.300","1","3","15.613","windows","current","candidate","0"
"manual","1","2","2000","15.336","30.661","130412","0.300","118.500","119.600","1","4","15.194","windows","current","candidate","0"
"manual","1","3","2000","15.975","30.136","125196","0.300","118.600","120.300","1","3","16.022","windows","current","candidate","0"
"manual","1","4","2000","15.548","31.060","128632","0.300","118.200","119.000","1","3","15.525","windows","current","candidate","0"
"manual","1","5","2000","15.433","31.213","129594","0.300","118.500","119.300","1","3","15.465","windows","current","candidate","0"
"manual","3","1","6000","44.906","61.862","133612","0.300","133.300","139.700","1","4","44.301","windows","current","candidate","0"
"manual","3","2","6000","45.485","62.197","131912","0.300","133.200","139.500","1","3","44.898","windows","current","candidate","0"
"manual","3","3","6000","46.279","61.679","129648","0.300","133.300","139.800","1","3","45.719","windows","current","candidate","0"
"manual","3","4","6000","44.882","48.142","133683","0.300","133.100","138.200","1","3","44.322","windows","current","candidate","0"
"manual","3","5","6000","47.615","60.808","126010","0.300","137.200","189.700","1","3","46.975","windows","current","candidate","0"
"manual","16","1","32000","245.839","250.964","130166","0.300","232.300","341.900","1","3","242.465","windows","current","candidate","0"
"manual","16","2","32000","243.795","248.849","131258","0.300","232.600","295.700","1","3","240.902","windows","current","candidate","0"
"manual","16","3","32000","250.065","261.905","127967","0.300","247.700","324.000","1","3","246.770","windows","current","candidate","0"
"manual","16","4","32000","241.731","248.604","132378","0.300","233.400","308.600","1","3","238.868","windows","current","candidate","0"
"manual","16","5","32000","240.733","252.041","132927","0.300","231.900","302.300","1","3","237.436","windows","current","candidate","0"
"manual","1","1","2000","15.893","30.479","125841","0.300","119.100","123.900","1","3","15.741","windows","current","candidate","1"
"manual","1","2","2000","14.591","16.001","137075","0.300","118.200","120.600","1","3","14.491","windows","current","candidate","1"
"manual","1","3","2000","14.484","31.011","138087","0.300","118.100","118.700","1","3","14.347","windows","current","candidate","1"
"manual","1","4","2000","16.808","30.025","118989","0.300","118.600","121.600","1","3","16.679","windows","current","candidate","1"
"manual","1","5","2000","15.052","31.077","132877","0.300","118.500","123.200","1","3","14.920","windows","current","candidate","1"
"manual","3","1","6000","46.084","62.852","130196","0.300","133.200","139.300","1","3","44.880","windows","current","candidate","1"
"manual","3","2","6000","44.435","46.630","135028","0.300","133.000","138.300","1","3","43.848","windows","current","candidate","1"
"manual","3","3","6000","47.340","60.660","126741","0.300","137.200","192.000","1","3","46.532","windows","current","candidate","1"
"manual","3","4","6000","44.783","61.985","133978","0.300","133.400","138.500","1","3","44.201","windows","current","candidate","1"
"manual","3","5","6000","44.590","47.620","134561","0.300","133.000","141.700","1","3","44.012","windows","current","candidate","1"
"manual","16","1","32000","240.007","250.048","133330","0.300","231.600","292.500","1","3","237.256","windows","current","candidate","1"
"manual","16","2","32000","241.933","247.775","132268","0.300","231.700","289.300","1","3","239.205","windows","current","candidate","1"
"manual","16","3","32000","237.199","248.365","134908","0.300","231.300","240.400","1","3","234.696","windows","current","candidate","1"
"manual","16","4","32000","239.655","247.301","133525","0.300","232.200","272.900","1","3","236.493","windows","current","candidate","1"
"manual","16","5","32000","238.004","251.685","134451","0.300","231.100","258.900","1","3","235.441","windows","current","candidate","1"
"etherbird","1","1","2000","24.434","30.585","81854","11.600","12.200","23.900","1","2","20.367","windows","current","candidate","0"
"etherbird","1","2","2000","23.664","31.497","84516","11.300","13.300","18.000","1","2","19.714","windows","current","candidate","0"
"etherbird","1","3","2000","23.340","30.738","85690","11.300","13.300","16.800","1","2","19.476","windows","current","candidate","0"
"etherbird","1","4","2000","23.226","30.629","86112","11.300","11.600","16.700","1","2","19.416","windows","current","candidate","0"
"etherbird","1","5","2000","23.556","31.258","84905","11.300","11.700","17.700","1","2","19.702","windows","current","candidate","0"
"etherbird","3","1","6000","59.834","76.270","100277","28.900","33.100","57.900","1","3","55.917","windows","current","candidate","0"
"etherbird","3","2","6000","59.026","61.917","101650","28.800","29.800","54.800","1","2","55.197","windows","current","candidate","0"
"etherbird","3","3","6000","60.491","62.596","99189","28.900","30.500","58.500","1","2","55.960","windows","current","candidate","0"
"etherbird","3","4","6000","61.578","77.129","97437","28.800","31.800","60.400","1","2","57.657","windows","current","candidate","0"
"etherbird","3","5","6000","60.256","76.212","99575","28.800","31.100","58.300","1","2","56.297","windows","current","candidate","0"
"etherbird","16","1","32000","297.698","309.300","107492","142.000","158.000","306.800","1","2","293.404","windows","current","candidate","0"
"etherbird","16","2","32000","295.083","309.114","108444","142.000","159.000","298.100","1","2","290.947","windows","current","candidate","0"
"etherbird","16","3","32000","297.953","310.946","107399","142.100","188.000","285.200","1","2","292.910","windows","current","candidate","0"
"etherbird","16","4","32000","294.082","297.825","108813","142.000","151.200","286.100","1","2","289.545","windows","current","candidate","0"
"etherbird","16","5","32000","296.527","310.608","107916","142.000","155.600","326.800","1","2","292.269","windows","current","candidate","0"
"etherbird","1","1","2000","23.507","29.816","85081","11.400","11.900","17.500","1","2","19.783","windows","current","candidate","1"
"etherbird","1","2","2000","22.990","30.497","86993","11.200","13.000","14.400","1","2","19.320","windows","current","candidate","1"
"etherbird","1","3","2000","23.523","31.128","85024","11.300","11.800","22.900","1","2","19.751","windows","current","candidate","1"
"etherbird","1","4","2000","24.950","30.096","80160","11.300","14.800","23.400","1","2","20.784","windows","current","candidate","1"
"etherbird","1","5","2000","22.810","30.724","87681","11.200","11.400","14.800","1","2","19.189","windows","current","candidate","1"
"etherbird","3","1","6000","59.479","61.572","100876","28.700","31.500","58.400","1","2","55.637","windows","current","candidate","1"
"etherbird","3","2","6000","57.877","62.092","103667","28.600","29.200","36.000","1","2","54.288","windows","current","candidate","1"
"etherbird","3","3","6000","59.730","61.763","100452","28.700","30.300","58.000","1","2","56.038","windows","current","candidate","1"
"etherbird","3","4","6000","60.319","76.507","99471","28.700","30.600","45.700","1","2","56.339","windows","current","candidate","1"
"etherbird","3","5","6000","59.586","61.544","100694","28.700","29.500","59.600","1","2","55.818","windows","current","candidate","1"
"etherbird","16","1","32000","291.844","294.582","109648","141.600","155.800","267.700","1","2","287.677","windows","current","candidate","1"
"etherbird","16","2","32000","298.131","305.193","107336","142.000","160.900","344.700","1","2","293.267","windows","current","candidate","1"
"etherbird","16","3","32000","296.010","312.184","108104","141.700","156.500","315.500","1","2","291.919","windows","current","candidate","1"
"etherbird","16","4","32000","297.503","309.276","107562","141.700","190.500","274.800","1","2","293.204","windows","current","candidate","1"
"etherbird","16","5","32000","296.122","310.882","108064","141.900","169.800","287.700","1","2","291.315","windows","current","candidate","1"
"supervisor","1","1","2000","14.890","31.668","134315","0.300","118.300","120.800","1","3","14.778","windows","current","candidate","0"
"supervisor","1","2","2000","14.854","31.715","134644","0.300","118.100","118.800","1","4","14.752","windows","current","candidate","0"
"supervisor","1","3","2000","16.356","31.513","122278","0.300","118.200","120.300","1","3","16.220","windows","current","candidate","0"
"supervisor","1","4","2000","15.582","30.731","128356","0.300","118.300","120.200","1","3","15.439","windows","current","candidate","0"
"supervisor","1","5","2000","14.745","30.046","135644","0.300","118.300","118.800","1","3","14.633","windows","current","candidate","0"
"supervisor","3","1","6000","45.078","60.810","133103","0.300","133.500","140.700","1","3","44.511","windows","current","candidate","0"
"supervisor","3","2","6000","44.848","60.576","133785","0.300","133.600","140.700","1","3","44.292","windows","current","candidate","0"
"supervisor","3","3","6000","44.283","47.358","135493","0.300","132.900","138.100","1","3","43.758","windows","current","candidate","0"
"supervisor","3","4","6000","44.989","61.182","133365","0.300","133.100","139.400","1","3","44.431","windows","current","candidate","0"
"supervisor","3","5","6000","44.025","46.197","136286","0.300","132.900","138.300","1","3","43.513","windows","current","candidate","0"
"supervisor","16","1","32000","240.480","249.081","133067","0.300","232.200","291.600","1","3","237.832","windows","current","candidate","0"
"supervisor","16","2","32000","242.578","248.519","131916","0.300","232.400","329.300","1","3","239.994","windows","current","candidate","0"
"supervisor","16","3","32000","240.107","248.590","133274","0.300","232.200","254.300","1","3","237.542","windows","current","candidate","0"
"supervisor","16","4","32000","243.426","248.081","131457","0.300","232.300","368.000","1","3","240.188","windows","current","candidate","0"
"supervisor","16","5","32000","237.602","253.319","134679","0.300","232.200","245.600","1","3","235.108","windows","current","candidate","0"
"supervisor","1","1","2000","15.499","30.524","129041","0.300","119.100","121.300","1","3","15.334","windows","current","candidate","1"
"supervisor","1","2","2000","15.968","31.676","125251","0.300","119.200","120.600","1","3","15.825","windows","current","candidate","1"
"supervisor","1","3","2000","14.912","31.035","134122","0.300","118.700","120.000","1","3","14.922","windows","current","candidate","1"
"supervisor","1","4","2000","15.041","30.719","132968","0.300","118.500","119.300","1","3","14.935","windows","current","candidate","1"
"supervisor","1","5","2000","15.882","31.267","125930","0.300","118.300","120.200","1","3","15.752","windows","current","candidate","1"
"supervisor","3","1","6000","45.051","60.887","133182","0.300","133.900","141.200","1","3","44.430","windows","current","candidate","1"
"supervisor","3","2","6000","44.235","46.469","135639","0.300","133.900","140.200","1","3","43.645","windows","current","candidate","1"
"supervisor","3","3","6000","45.864","62.545","130820","0.300","133.900","143.400","1","3","45.254","windows","current","candidate","1"
"supervisor","3","4","6000","44.258","47.562","135569","0.300","133.400","140.700","1","3","43.691","windows","current","candidate","1"
"supervisor","3","5","6000","45.486","61.766","131908","0.300","136.400","151.900","1","3","44.887","windows","current","candidate","1"
"supervisor","16","1","32000","252.518","263.651","126723","0.300","269.600","415.100","1","3","248.675","windows","current","candidate","1"
"supervisor","16","2","32000","243.354","251.504","131496","0.300","233.300","322.100","1","3","240.126","windows","current","candidate","1"
"supervisor","16","3","32000","241.899","245.760","132286","0.300","231.900","280.700","1","3","239.175","windows","current","candidate","1"
"supervisor","16","4","32000","241.401","248.390","132559","0.300","232.300","303.200","1","3","238.752","windows","current","candidate","1"
"supervisor","16","5","32000","242.809","251.222","131791","0.300","233.000","296.700","1","3","240.079","windows","current","candidate","1"
"manual","1","1","2000","14.840","30.678","134775","8.500","11.600","16.000","16","3399","19.152","windows","default","baseline","0"
"manual","1","2","2000","14.703","30.684","136028","8.400","13.300","17.000","16","3312","19.123","windows","default","baseline","0"
"manual","1","3","2000","15.041","30.809","132968","8.200","11.800","18.200","16","3277","19.091","windows","default","baseline","0"
"manual","1","4","2000","15.243","30.767","131204","8.200","13.300","17.100","16","3534","19.257","windows","default","baseline","0"
"manual","1","5","2000","14.829","31.072","134872","8.500","12.300","16.800","16","3649","19.015","windows","default","baseline","0"
"manual","3","1","6000","44.215","46.089","135699","21.500","26.300","50.500","16","10178","56.380","windows","default","baseline","0"
"manual","3","2","6000","44.816","61.370","133880","21.500","26.900","42.300","16","10599","57.149","windows","default","baseline","0"
"manual","3","3","6000","46.895","61.640","127944","22.700","26.500","45.400","16","10735","59.113","windows","default","baseline","0"
"manual","3","4","6000","44.367","60.785","135237","21.500","27.400","34.500","16","10552","56.533","windows","default","baseline","0"
"manual","3","5","6000","45.697","62.747","131299","22.600","28.500","37.800","16","9940","57.981","windows","default","baseline","0"
"manual","16","1","32000","233.056","249.251","137306","113.000","131.100","263.400","16","54183","297.763","windows","default","baseline","0"
"manual","16","2","32000","233.926","248.767","136796","114.000","125.200","217.900","16","54879","299.045","windows","default","baseline","0"
"manual","16","3","32000","230.050","233.212","139100","112.800","123.600","199.300","16","52992","295.408","windows","default","baseline","0"
"manual","16","4","32000","230.116","233.211","139060","112.900","124.300","234.600","16","53657","295.949","windows","default","baseline","0"
"manual","16","5","32000","238.677","245.206","134072","113.400","156.500","276.600","16","50588","308.139","windows","default","baseline","0"
"manual","1","1","2000","15.463","29.883","129343","8.700","11.700","15.700","16","3447","19.555","windows","default","baseline","1"
"manual","1","2","2000","14.657","30.339","136455","8.600","11.600","16.900","16","3667","18.646","windows","default","baseline","1"
"manual","1","3","2000","15.069","31.567","132725","8.500","11.500","16.400","16","3541","19.194","windows","default","baseline","1"
"manual","1","4","2000","14.078","29.943","142071","8.400","11.900","16.400","16","3252","18.402","windows","default","baseline","1"
"manual","1","5","2000","14.716","29.727","135906","7.800","12.200","16.400","16","3495","19.215","windows","default","baseline","1"
"manual","3","1","6000","44.151","46.698","135897","21.600","28.100","34.400","16","10356","56.547","windows","default","baseline","1"
"manual","3","2","6000","43.804","46.319","136973","21.600","28.500","34.900","16","10214","56.197","windows","default","baseline","1"
"manual","3","3","6000","43.745","46.897","137157","21.600","27.500","33.100","16","10387","56.276","windows","default","baseline","1"
"manual","3","4","6000","45.401","61.428","132156","21.600","26.600","40.700","16","9939","57.644","windows","default","baseline","1"
"manual","3","5","6000","45.162","46.907","132855","21.500","25.900","37.100","16","10420","57.098","windows","default","baseline","1"
"manual","16","1","32000","234.027","249.435","136736","114.700","126.800","197.600","16","55531","298.650","windows","default","baseline","1"
"manual","16","2","32000","233.541","235.103","137021","113.800","129.600","230.300","16","54201","299.284","windows","default","baseline","1"
"manual","16","3","32000","234.474","250.387","136476","115.100","125.300","206.100","16","55260","300.188","windows","default","baseline","1"
"manual","16","4","32000","232.687","249.346","137524","113.400","125.400","221.000","16","54440","298.358","windows","default","baseline","1"
"manual","16","5","32000","233.304","235.469","137160","113.700","125.000","229.300","16","55419","299.067","windows","default","baseline","1"
"etherbird","1","1","2000","14.069","30.190","142159","3.300","14.400","32.500","16","5052","26.090","windows","default","baseline","0"
"etherbird","1","2","2000","13.801","15.495","144919","3.200","14.400","99.100","16","5004","25.136","windows","default","baseline","0"
"etherbird","1","3","2000","13.537","15.182","147745","3.300","13.200","40.600","16","5061","25.248","windows","default","baseline","0"
"etherbird","1","4","2000","14.524","31.408","137705","3.600","16.100","25.300","16","5025","27.139","windows","default","baseline","0"
"etherbird","1","5","2000","13.027","14.943","153525","3.300","12.700","25.100","16","5144","24.833","windows","default","baseline","0"
"etherbird","3","1","6000","39.235","47.087","152925","8.900","112.800","125.800","16","12919","72.709","windows","default","baseline","0"
"etherbird","3","2","6000","40.794","48.141","147081","9.400","112.100","133.900","16","12113","77.547","windows","default","baseline","0"
"etherbird","3","3","6000","39.103","47.703","153439","8.900","112.000","121.500","16","13010","72.149","windows","default","baseline","0"
"etherbird","3","4","6000","44.789","61.086","133961","9.800","113.000","175.300","16","12135","84.261","windows","default","baseline","0"
"etherbird","3","5","6000","40.419","46.999","148444","9.200","113.400","130.900","16","12479","75.619","windows","default","baseline","0"
"etherbird","16","1","32000","204.860","216.478","156204","61.500","172.000","257.700","16","68230","390.347","windows","default","baseline","0"
"etherbird","16","2","32000","203.381","216.869","157340","60.600","168.800","253.600","16","68723","387.448","windows","default","baseline","0"
"etherbird","16","3","32000","202.915","218.823","157701","60.000","167.400","235.300","16","69436","383.753","windows","default","baseline","0"
"etherbird","16","4","32000","203.409","203.410","157318","61.500","167.000","243.100","16","68651","385.934","windows","default","baseline","0"
"etherbird","16","5","32000","202.648","202.649","157909","61.400","169.000","228.500","16","67814","386.841","windows","default","baseline","0"
"etherbird","1","1","2000","13.197","15.957","151546","3.000","12.900","109.600","16","4907","24.632","windows","default","baseline","1"
"etherbird","1","2","2000","13.204","15.771","151470","3.300","13.000","29.100","16","5110","25.377","windows","default","baseline","1"
"etherbird","1","3","2000","14.186","16.157","140980","3.400","13.700","26.400","16","4810","26.053","windows","default","baseline","1"
"etherbird","1","4","2000","14.202","30.861","140824","3.400","13.100","31.700","16","5036","25.994","windows","default","baseline","1"
"etherbird","1","5","2000","14.257","31.318","140280","3.300","14.000","42.700","16","5047","26.086","windows","default","baseline","1"
"etherbird","3","1","6000","38.618","46.791","155370","8.700","115.400","124.100","16","12648","71.778","windows","default","baseline","1"
"etherbird","3","2","6000","39.539","46.514","151750","8.700","115.400","124.700","16","12713","72.597","windows","default","baseline","1"
"etherbird","3","3","6000","38.739","46.426","154882","8.900","115.100","123.700","16","12555","72.694","windows","default","baseline","1"
"etherbird","3","4","6000","39.257","45.957","152838","8.700","115.600","125.300","16","12727","72.142","windows","default","baseline","1"
"etherbird","3","5","6000","39.114","47.848","153399","8.900","115.400","125.500","16","12739","72.377","windows","default","baseline","1"
"etherbird","16","1","32000","209.970","209.971","152403","63.700","173.300","275.500","16","65658","389.883","windows","default","baseline","1"
"etherbird","16","2","32000","209.394","216.023","152822","63.800","172.800","254.000","16","64947","389.836","windows","default","baseline","1"
"etherbird","16","3","32000","209.171","209.172","152985","62.800","171.500","299.100","16","65593","389.553","windows","default","baseline","1"
"etherbird","16","4","32000","206.781","210.442","154753","62.500","170.500","226.000","16","65486","388.109","windows","default","baseline","1"
"etherbird","16","5","32000","205.268","205.269","155893","60.700","168.900","219.800","16","67862","385.497","windows","default","baseline","1"
"supervisor","1","1","2000","14.826","30.604","134899","7.700","12.300","16.400","16","3172","19.060","windows","default","baseline","0"
"supervisor","1","2","2000","14.675","16.012","136288","8.200","11.700","16.100","16","3481","18.953","windows","default","baseline","0"
"supervisor","1","3","2000","15.540","32.012","128701","8.800","10.900","15.700","16","3506","19.867","windows","default","baseline","0"
"supervisor","1","4","2000","14.951","31.088","133769","8.500","11.300","15.800","16","3738","19.179","windows","default","baseline","0"
"supervisor","1","5","2000","14.329","31.200","139579","8.500","11.700","16.200","16","3214","19.046","windows","default","baseline","0"
"supervisor","3","1","6000","44.871","61.308","133717","21.600","26.500","36.700","16","9671","57.524","windows","default","baseline","0"
"supervisor","3","2","6000","43.820","45.055","136922","21.800","26.300","34.400","16","10272","56.161","windows","default","baseline","0"
"supervisor","3","3","6000","44.639","46.754","134413","21.800","27.800","37.400","16","10087","57.146","windows","default","baseline","0"
"supervisor","3","4","6000","46.254","62.781","129720","21.800","27.100","46.200","16","10399","58.687","windows","default","baseline","0"
"supervisor","3","5","6000","45.151","61.111","132889","21.800","27.500","48.600","16","10213","57.606","windows","default","baseline","0"
"supervisor","16","1","32000","252.932","263.348","126516","114.100","213.800","377.500","16","48768","325.986","windows","default","baseline","0"
"supervisor","16","2","32000","232.653","247.909","137544","114.300","124.600","229.500","16","53120","298.540","windows","default","baseline","0"
"supervisor","16","3","32000","232.867","249.031","137417","113.400","125.300","239.300","16","52588","299.341","windows","default","baseline","0"
"supervisor","16","4","32000","231.876","235.300","138005","113.400","123.700","231.300","16","53517","297.717","windows","default","baseline","0"
"supervisor","16","5","32000","234.858","248.134","136253","116.100","126.000","205.700","16","56058","300.971","windows","default","baseline","0"
"supervisor","1","1","2000","14.996","30.554","133366","7.700","11.500","17.000","16","3285","19.540","windows","default","baseline","1"
"supervisor","1","2","2000","16.028","30.111","124781","8.700","13.200","17.900","16","3489","20.399","windows","default","baseline","1"
"supervisor","1","3","2000","15.060","31.463","132798","8.700","10.500","15.000","16","3567","19.138","windows","default","baseline","1"
"supervisor","1","4","2000","15.524","30.222","128829","8.400","12.200","21.400","16","3405","20.288","windows","default","baseline","1"
"supervisor","1","5","2000","16.098","31.098","124240","8.800","11.600","18.300","16","3446","20.479","windows","default","baseline","1"
"supervisor","3","1","6000","45.496","47.864","131881","21.800","26.200","49.200","16","10610","57.963","windows","default","baseline","1"
"supervisor","3","2","6000","44.379","61.149","135198","21.400","26.800","38.800","16","10004","56.796","windows","default","baseline","1"
"supervisor","3","3","6000","46.577","61.577","128820","21.600","26.800","43.600","16","10787","58.819","windows","default","baseline","1"
"supervisor","3","4","6000","44.436","46.104","135026","21.400","25.900","42.700","16","9813","56.802","windows","default","baseline","1"
"supervisor","3","5","6000","44.179","46.455","135810","21.400","25.200","30.900","16","10385","56.360","windows","default","baseline","1"
"supervisor","16","1","32000","236.669","249.387","135210","113.700","125.600","317.300","16","54107","301.656","windows","default","baseline","1"
"supervisor","16","2","32000","238.925","248.274","133933","116.300","129.600","252.600","16","53839","306.855","windows","default","baseline","1"
"supervisor","16","3","32000","234.607","247.496","136398","113.700","125.200","277.300","16","53451","301.566","windows","default","baseline","1"
"supervisor","16","4","32000","235.564","248.255","135844","114.700","126.200","250.400","16","52298","301.050","windows","default","baseline","1"
"supervisor","16","5","32000","239.595","249.933","133559","117.400","127.500","266.600","16","54903","305.998","windows","default","baseline","1"
"manual","1","1","2000","15.037","30.426","133008","8.600","11.200","15.500","16","3664","19.060","windows","default","candidate","0"
"manual","1","2","2000","14.493","31.072","138001","8.200","11.200","16.100","16","3285","18.785","windows","default","candidate","0"
"manual","1","3","2000","14.919","30.142","134055","8.300","12.200","20.800","16","3343","19.223","windows","default","candidate","0"
"manual","1","4","2000","15.119","31.067","132286","8.600","14.500","20.300","16","3387","19.403","windows","default","candidate","0"
"manual","1","5","2000","14.842","31.389","134753","8.300","11.300","16.700","16","3564","18.949","windows","default","candidate","0"
"manual","3","1","6000","43.635","46.904","137506","21.500","26.100","43.700","16","10899","55.376","windows","default","candidate","0"
"manual","3","2","6000","45.008","62.518","133309","21.500","26.200","37.000","16","10053","57.570","windows","default","candidate","0"
"manual","3","3","6000","47.372","61.455","126658","22.700","28.400","49.900","16","10538","59.594","windows","default","candidate","0"
"manual","3","4","6000","43.896","46.453","136687","21.700","25.900","31.300","16","10303","56.024","windows","default","candidate","0"
"manual","3","5","6000","44.264","47.440","135551","21.500","26.500","33.800","16","10428","55.739","windows","default","candidate","0"
"manual","16","1","32000","234.704","248.406","136342","114.000","124.600","263.300","16","54435","298.611","windows","default","candidate","0"
"manual","16","2","32000","233.757","244.563","136894","113.500","125.900","252.100","16","53928","298.940","windows","default","candidate","0"
"manual","16","3","32000","232.657","233.753","137541","113.300","126.600","221.000","16","55273","297.257","windows","default","candidate","0"
"manual","16","4","32000","236.516","249.696","135297","114.200","126.400","268.300","16","55417","300.743","windows","default","candidate","0"
"manual","16","5","32000","236.465","249.367","135327","113.500","125.200","334.300","16","54830","300.949","windows","default","candidate","0"
"manual","1","1","2000","15.142","16.478","132087","8.600","10.500","15.300","16","3689","19.215","windows","default","candidate","1"
"manual","1","2","2000","14.856","31.631","134625","8.400","10.800","16.800","16","3529","19.022","windows","default","candidate","1"
"manual","1","3","2000","14.410","31.000","138796","8.500","12.000","18.600","16","3385","18.632","windows","default","candidate","1"
"manual","1","4","2000","14.696","30.347","136095","8.600","12.800","17.400","16","3325","19.107","windows","default","candidate","1"
"manual","1","5","2000","14.420","30.731","138698","8.400","11.400","16.500","16","3241","18.744","windows","default","candidate","1"
"manual","3","1","6000","45.159","61.026","132864","22.000","27.700","37.100","16","10758","56.780","windows","default","candidate","1"
"manual","3","2","6000","44.364","46.767","135245","21.400","25.900","39.500","16","10606","56.457","windows","default","candidate","1"
"manual","3","3","6000","43.701","46.016","137298","21.500","25.800","47.100","16","10156","55.916","windows","default","candidate","1"
"manual","3","4","6000","45.487","61.808","131907","21.500","26.000","46.000","16","10648","57.634","windows","default","candidate","1"
"manual","3","5","6000","42.935","47.588","139747","21.400","25.700","37.400","16","9867","55.859","windows","default","candidate","1"
"manual","16","1","32000","234.720","250.186","136333","114.000","125.500","254.600","16","54136","300.140","windows","default","candidate","1"
"manual","16","2","32000","237.316","247.129","134841","113.000","148.200","286.000","16","53872","302.517","windows","default","candidate","1"
"manual","16","3","32000","237.254","241.751","134877","112.600","153.800","289.100","16","51263","304.824","windows","default","candidate","1"
"manual","16","4","32000","233.326","248.961","137147","114.100","125.000","228.100","16","54218","298.043","windows","default","candidate","1"
"manual","16","5","32000","235.685","246.985","135775","114.300","128.200","253.100","16","53646","301.236","windows","default","candidate","1"
"etherbird","1","1","2000","16.640","30.907","120190","7.000","18.900","33.400","16","4877","30.193","windows","default","candidate","0"
"etherbird","1","2","2000","14.394","31.468","138946","6.500","14.700","24.700","16","4768","26.538","windows","default","candidate","0"
"etherbird","1","3","2000","12.732","15.380","157089","4.500","12.100","19.700","16","4767","23.938","windows","default","candidate","0"
"etherbird","1","4","2000","13.668","15.941","146325","4.900","13.300","22.500","16","4692","25.309","windows","default","candidate","0"
"etherbird","1","5","2000","13.939","30.890","143480","7.400","13.500","21.000","16","4827","25.646","windows","default","candidate","0"
"etherbird","3","1","6000","39.508","46.799","151868","7.000","114.400","128.500","16","12170","69.186","windows","default","candidate","0"
"etherbird","3","2","6000","39.678","39.678","151218","7.100","114.500","125.600","16","11893","69.009","windows","default","candidate","0"
"etherbird","3","3","6000","38.319","54.641","156580","7.000","114.800","123.400","16","12238","66.794","windows","default","candidate","0"
"etherbird","3","4","6000","39.329","47.068","152558","6.900","115.100","125.900","16","12252","67.889","windows","default","candidate","0"
"etherbird","3","5","6000","39.340","47.402","152516","7.000","114.800","128.200","16","12170","69.301","windows","default","candidate","0"
"etherbird","16","1","32000","206.910","215.557","154656","140.500","162.400","209.500","16","64355","358.825","windows","default","candidate","0"
"etherbird","16","2","32000","205.590","217.283","155650","140.500","160.800","199.500","16","64054","358.217","windows","default","candidate","0"
"etherbird","16","3","32000","207.931","207.933","153897","140.500","164.900","206.900","16","64232","361.446","windows","default","candidate","0"
"etherbird","16","4","32000","207.706","207.707","154064","140.700","163.300","204.400","16","64078","359.664","windows","default","candidate","0"
"etherbird","16","5","32000","209.403","209.404","152816","140.800","167.200","230.200","16","63951","364.280","windows","default","candidate","0"
"etherbird","1","1","2000","13.684","13.685","146152","4.600","13.000","21.300","16","4666","25.495","windows","default","candidate","1"
"etherbird","1","2","2000","13.747","17.095","145481","7.000","13.100","20.900","16","4870","26.054","windows","default","candidate","1"
"etherbird","1","3","2000","15.729","31.448","127151","7.200","16.400","25.600","16","4903","28.298","windows","default","candidate","1"
"etherbird","1","4","2000","12.998","15.294","153870","4.800","13.000","19.400","16","4902","25.211","windows","default","candidate","1"
"etherbird","1","5","2000","13.584","15.898","147227","4.800","14.200","24.800","16","4683","25.739","windows","default","candidate","1"
"etherbird","3","1","6000","39.466","47.211","152029","7.000","112.300","122.700","16","12688","69.117","windows","default","candidate","1"
"etherbird","3","2","6000","39.260","39.260","152828","7.000","112.500","122.300","16","12509","68.074","windows","default","candidate","1"
"etherbird","3","3","6000","38.331","38.332","156529","7.100","111.600","120.800","16","12379","67.897","windows","default","candidate","1"
"etherbird","3","4","6000","41.678","47.130","143960","7.700","114.500","146.000","16","10919","74.923","windows","default","candidate","1"
"etherbird","3","5","6000","41.504","41.505","144565","7.500","114.400","148.000","16","11325","74.217","windows","default","candidate","1"
"etherbird","16","1","32000","209.393","222.774","152823","138.000","167.400","215.300","16","63262","366.883","windows","default","candidate","1"
"etherbird","16","2","32000","205.779","215.186","155506","137.400","159.300","272.000","16","66188","360.784","windows","default","candidate","1"
"etherbird","16","3","32000","205.274","217.831","155889","138.200","159.300","223.000","16","66133","358.516","windows","default","candidate","1"
"etherbird","16","4","32000","204.369","204.370","156579","137.700","156.400","268.400","16","67332","357.350","windows","default","candidate","1"
"etherbird","16","5","32000","204.512","204.513","156470","137.600","159.700","234.800","16","66338","358.951","windows","default","candidate","1"
"supervisor","1","1","2000","15.244","31.485","131197","8.500","13.000","16.700","16","3414","19.527","windows","default","candidate","0"
"supervisor","1","2","2000","14.778","30.864","135338","8.600","12.000","16.700","16","3505","19.009","windows","default","candidate","0"
"supervisor","1","3","2000","14.395","31.562","138938","8.400","10.700","13.600","16","3663","18.601","windows","default","candidate","0"
"supervisor","1","4","2000","14.766","31.410","135449","8.400","11.800","16.800","16","3538","18.854","windows","default","candidate","0"
"supervisor","1","5","2000","14.670","32.053","136328","8.600","13.800","21.000","16","3341","18.969","windows","default","candidate","0"
"supervisor","3","1","6000","44.247","46.458","135602","21.700","25.600","35.300","16","10209","56.500","windows","default","candidate","0"
"supervisor","3","2","6000","43.520","46.946","137869","21.400","26.600","49.700","16","9814","56.222","windows","default","candidate","0"
"supervisor","3","3","6000","44.858","61.759","133756","21.400","25.700","36.000","16","9977","57.330","windows","default","candidate","0"
"supervisor","3","4","6000","45.235","61.101","132642","22.400","25.700","44.400","16","10251","57.358","windows","default","candidate","0"
"supervisor","3","5","6000","46.787","61.773","128242","22.400","26.300","50.200","16","10337","58.760","windows","default","candidate","0"
"supervisor","16","1","32000","234.744","245.860","136319","114.200","126.900","243.200","16","54649","300.816","windows","default","candidate","0"
"supervisor","16","2","32000","234.616","248.372","136393","114.400","128.600","231.800","16","55015","300.793","windows","default","candidate","0"
"supervisor","16","3","32000","235.590","249.630","135829","115.900","125.800","222.500","16","54739","302.582","windows","default","candidate","0"
"supervisor","16","4","32000","235.773","245.526","135724","114.400","127.700","240.000","16","54595","301.394","windows","default","candidate","0"
"supervisor","16","5","32000","237.292","249.237","134855","116.300","126.400","241.200","16","54293","303.244","windows","default","candidate","0"
"supervisor","1","1","2000","15.227","31.809","131344","7.200","11.800","16.100","16","3278","19.608","windows","default","candidate","1"
"supervisor","1","2","2000","15.027","30.770","133092","8.400","11.500","18.700","16","3650","19.237","windows","default","candidate","1"
"supervisor","1","3","2000","14.300","31.556","139862","8.500","10.800","15.300","16","3422","18.394","windows","default","candidate","1"
"supervisor","1","4","2000","14.660","31.181","136422","8.500","11.500","16.200","16","3404","18.858","windows","default","candidate","1"
"supervisor","1","5","2000","14.619","30.810","136811","8.100","11.700","16.100","16","3300","18.708","windows","default","candidate","1"
"supervisor","3","1","6000","43.091","46.966","139240","21.400","27.200","32.900","16","10180","55.574","windows","default","candidate","1"
"supervisor","3","2","6000","44.442","47.016","135007","21.500","32.600","40.700","16","9963","57.366","windows","default","candidate","1"
"supervisor","3","3","6000","43.189","46.971","138926","21.600","25.500","33.800","16","9018","56.302","windows","default","candidate","1"
"supervisor","3","4","6000","45.517","47.031","131818","22.600","27.100","41.500","16","10036","57.719","windows","default","candidate","1"
"supervisor","3","5","6000","44.531","47.311","134739","22.400","25.600","39.600","16","10172","57.112","windows","default","candidate","1"
"supervisor","16","1","32000","246.619","261.582","129755","116.400","173.600","282.100","16","52277","315.769","windows","default","candidate","1"
"supervisor","16","2","32000","229.922","245.803","139178","113.200","124.500","191.000","16","52288","296.407","windows","default","candidate","1"
"supervisor","16","3","32000","244.349","248.752","130960","113.200","173.800","321.600","16","50613","314.778","windows","default","candidate","1"
"supervisor","16","4","32000","236.999","245.050","135022","113.200","150.700","268.700","16","50780","306.156","windows","default","candidate","1"
"supervisor","16","5","32000","235.617","249.083","135814","114.000","145.600","197.100","16","54023","300.719","windows","default","candidate","1"
"manual","1","1","2000","15.297","29.802","130743","7.800","11.900","16.700","2","3557","19.312","windows","two","baseline","0"
"manual","1","2","2000","15.860","31.764","126102","8.000","10.700","18.100","2","3462","19.877","windows","two","baseline","0"
"manual","1","3","2000","15.670","30.787","127635","8.700","11.900","21.200","2","3516","19.932","windows","two","baseline","0"
"manual","1","4","2000","14.807","29.966","135072","8.600","13.300","16.800","2","3410","19.082","windows","two","baseline","0"
"manual","1","5","2000","15.312","30.896","130615","8.600","10.700","15.300","2","3542","19.456","windows","two","baseline","0"
"manual","3","1","6000","45.514","63.149","131829","21.700","26.900","42.200","2","10480","57.299","windows","two","baseline","0"
"manual","3","2","6000","45.221","47.441","132681","21.500","26.900","40.000","2","10354","57.111","windows","two","baseline","0"
"manual","3","3","6000","43.691","46.922","137327","21.500","25.700","31.200","2","10016","54.955","windows","two","baseline","0"
"manual","3","4","6000","45.239","46.912","132628","21.500","26.300","46.300","2","10460","57.125","windows","two","baseline","0"
"manual","3","5","6000","43.186","47.678","138936","21.500","26.000","31.600","2","9920","55.055","windows","two","baseline","0"
"manual","16","1","32000","236.610","246.937","135244","115.200","125.500","228.400","2","54009","300.919","windows","two","baseline","0"
"manual","16","2","32000","238.545","249.139","134147","115.900","127.700","281.900","2","54391","302.441","windows","two","baseline","0"
"manual","16","3","32000","239.252","246.223","133750","114.600","148.100","285.500","2","50786","307.517","windows","two","baseline","0"
"manual","16","4","32000","238.155","248.134","134366","116.300","127.500","266.300","2","55245","302.683","windows","two","baseline","0"
"manual","16","5","32000","247.947","263.366","129060","114.900","182.200","331.500","2","49231","320.576","windows","two","baseline","0"
"manual","1","1","2000","16.208","32.559","123399","8.600","11.700","17.300","2","3709","20.315","windows","two","baseline","1"
"manual","1","2","2000","15.339","30.127","130387","8.700","11.600","16.600","2","3172","19.462","windows","two","baseline","1"
"manual","1","3","2000","14.658","30.209","136449","8.500","10.900","17.900","2","3430","18.683","windows","two","baseline","1"
"manual","1","4","2000","15.424","32.553","129669","8.400","14.400","19.300","2","3444","19.482","windows","two","baseline","1"
"manual","1","5","2000","14.633","30.343","136677","8.500","11.700","17.200","2","3241","18.733","windows","two","baseline","1"
"manual","3","1","6000","45.063","47.283","133147","22.600","26.000","32.500","2","10224","56.941","windows","two","baseline","1"
"manual","3","2","6000","44.359","47.517","135261","21.500","26.800","43.700","2","9949","56.574","windows","two","baseline","1"
"manual","3","3","6000","44.126","46.297","135975","21.600","26.000","33.600","2","10215","56.057","windows","two","baseline","1"
"manual","3","4","6000","45.883","63.074","130767","22.100","25.800","38.500","2","10594","57.888","windows","two","baseline","1"
"manual","3","5","6000","44.476","45.731","134905","21.500","26.800","48.200","2","10264","56.707","windows","two","baseline","1"
"manual","16","1","32000","234.765","247.254","136307","113.600","122.900","282.600","2","53326","298.229","windows","two","baseline","1"
"manual","16","2","32000","238.425","249.696","134214","117.100","127.600","242.600","2","53985","302.648","windows","two","baseline","1"
"manual","16","3","32000","236.406","247.149","135360","113.600","135.400","289.300","2","55158","300.643","windows","two","baseline","1"
"manual","16","4","32000","233.691","249.924","136933","113.600","123.100","267.800","2","53709","299.036","windows","two","baseline","1"
"manual","16","5","32000","238.290","249.543","134290","115.300","126.400","287.000","2","53824","303.438","windows","two","baseline","1"
"etherbird","1","1","2000","13.703","15.511","145953","7.100","12.600","17.900","2","1906","22.404","windows","two","baseline","0"
"etherbird","1","2","2000","14.829","31.738","134870","7.900","12.500","17.400","2","2287","23.044","windows","two","baseline","0"
"etherbird","1","3","2000","15.311","30.651","130627","7.700","12.800","25.700","2","2239","23.290","windows","two","baseline","0"
"etherbird","1","4","2000","15.309","32.068","130639","7.300","12.600","20.000","2","2285","23.734","windows","two","baseline","0"
"etherbird","1","5","2000","15.388","31.206","129969","8.700","12.900","20.300","2","2232","22.855","windows","two","baseline","0"
"etherbird","3","1","6000","39.373","46.114","152389","7.500","112.000","123.600","2","4906","64.403","windows","two","baseline","0"
"etherbird","3","2","6000","38.978","45.844","153932","7.500","112.000","127.500","2","5303","63.768","windows","two","baseline","0"
"etherbird","3","3","6000","39.684","46.486","151193","7.500","112.000","134.900","2","5300","64.591","windows","two","baseline","0"
"etherbird","3","4","6000","38.714","38.715","154982","7.400","112.100","122.000","2","4873","63.129","windows","two","baseline","0"
"etherbird","3","5","6000","39.082","39.082","153525","7.400","112.400","125.100","2","5120","63.752","windows","two","baseline","0"
"etherbird","16","1","32000","207.586","207.586","154153","79.700","173.700","302.300","2","24341","342.777","windows","two","baseline","0"
"etherbird","16","2","32000","204.665","214.480","156353","79.200","169.900","303.000","2","24395","339.979","windows","two","baseline","0"
"etherbird","16","3","32000","203.699","216.032","157094","76.700","166.400","299.200","2","24215","337.217","windows","two","baseline","0"
"etherbird","16","4","32000","208.653","216.749","153365","80.800","175.300","314.500","2","24779","344.383","windows","two","baseline","0"
"etherbird","16","5","32000","204.711","215.763","156318","79.900","171.100","318.200","2","23983","339.100","windows","two","baseline","0"
"etherbird","1","1","2000","14.936","31.119","133902","8.700","12.700","19.100","2","2201","22.976","windows","two","baseline","1"
"etherbird","1","2","2000","14.940","31.317","133871","8.800","13.300","21.100","2","2140","23.298","windows","two","baseline","1"
"etherbird","1","3","2000","14.544","30.465","137518","8.700","12.600","15.700","2","2131","22.423","windows","two","baseline","1"
"etherbird","1","4","2000","16.303","30.547","122679","8.500","14.500","28.900","2","2292","25.045","windows","two","baseline","1"
"etherbird","1","5","2000","15.957","31.637","125335","8.800","13.900","26.500","2","2276","24.414","windows","two","baseline","1"
"etherbird","3","1","6000","40.363","40.364","148650","7.500","114.700","133.800","2","4871","65.740","windows","two","baseline","1"
"etherbird","3","2","6000","40.207","40.207","149229","7.500","114.100","128.000","2","4168","64.833","windows","two","baseline","1"
"etherbird","3","3","6000","39.505","39.506","151878","7.500","114.300","122.700","2","5192","64.090","windows","two","baseline","1"
"etherbird","3","4","6000","39.577","50.145","151602","7.500","114.300","124.000","2","4715","65.431","windows","two","baseline","1"
"etherbird","3","5","6000","40.430","47.981","148406","7.500","114.900","133.200","2","4964","65.809","windows","two","baseline","1"
"etherbird","16","1","32000","211.648","219.577","151195","77.700","178.800","347.500","2","24443","348.895","windows","two","baseline","1"
"etherbird","16","2","32000","210.922","210.923","151715","74.500","176.400","341.600","2","24868","347.139","windows","two","baseline","1"
"etherbird","16","3","32000","210.402","222.206","152090","78.600","178.300","344.200","2","24828","346.542","windows","two","baseline","1"
"etherbird","16","4","32000","209.976","209.977","152398","79.500","174.800","334.700","2","24856","346.715","windows","two","baseline","1"
"etherbird","16","5","32000","212.697","212.697","150449","80.000","182.400","367.800","2","24163","350.672","windows","two","baseline","1"
"supervisor","1","1","2000","15.857","30.820","126126","8.300","12.900","24.000","2","3517","20.051","windows","two","baseline","0"
"supervisor","1","2","2000","14.498","15.678","137946","8.300","13.000","17.300","2","3240","19.143","windows","two","baseline","0"
"supervisor","1","3","2000","15.340","30.747","130381","7.700","10.800","15.600","2","3461","19.413","windows","two","baseline","0"
"supervisor","1","4","2000","14.382","31.509","139061","8.500","11.400","16.500","2","3149","18.582","windows","two","baseline","0"
"supervisor","1","5","2000","14.862","30.704","134568","7.900","11.200","16.000","2","3296","19.323","windows","two","baseline","0"
"supervisor","3","1","6000","43.310","46.018","138536","21.500","26.200","33.100","2","9856","55.500","windows","two","baseline","0"
"supervisor","3","2","6000","43.445","46.602","138107","21.600","27.000","31.400","2","10303","56.007","windows","two","baseline","0"
"supervisor","3","3","6000","45.691","62.266","131317","21.600","26.300","37.000","2","10654","57.903","windows","two","baseline","0"
"supervisor","3","4","6000","44.723","61.288","134160","21.500","28.600","56.800","2","9693","56.577","windows","two","baseline","0"
"supervisor","3","5","6000","45.376","62.569","132228","21.700","26.000","35.200","2","9980","57.464","windows","two","baseline","0"
"supervisor","16","1","32000","238.162","251.932","134363","115.800","125.700","263.900","2","55374","303.446","windows","two","baseline","0"
"supervisor","16","2","32000","240.102","248.721","133277","116.600","128.600","263.000","2","54610","305.486","windows","two","baseline","0"
"supervisor","16","3","32000","239.811","247.731","133439","116.600","129.300","260.200","2","53652","305.973","windows","two","baseline","0"
"supervisor","16","4","32000","237.434","247.168","134774","113.100","155.600","282.000","2","51851","304.163","windows","two","baseline","0"
"supervisor","16","5","32000","233.538","251.168","137023","113.300","123.300","271.200","2","54878","298.700","windows","two","baseline","0"
"supervisor","1","1","2000","14.742","31.476","135670","8.500","11.300","16.700","2","3328","18.586","windows","two","baseline","1"
"supervisor","1","2","2000","15.133","31.414","132158","8.500","13.200","18.800","2","3409","19.323","windows","two","baseline","1"
"supervisor","1","3","2000","14.504","29.887","137891","8.300","11.700","15.200","2","3412","18.542","windows","two","baseline","1"
"supervisor","1","4","2000","14.993","31.371","133392","8.500","11.600","16.300","2","3472","19.119","windows","two","baseline","1"
"supervisor","1","5","2000","14.369","31.112","139192","8.500","11.300","14.900","2","3233","18.344","windows","two","baseline","1"
"supervisor","3","1","6000","46.107","61.849","130133","21.500","27.300","52.700","2","10032","58.270","windows","two","baseline","1"
"supervisor","3","2","6000","44.897","60.827","133638","21.600","26.800","49.600","2","10146","57.664","windows","two","baseline","1"
"supervisor","3","3","6000","44.902","46.792","133625","21.700","26.100","44.700","2","10361","57.137","windows","two","baseline","1"
"supervisor","3","4","6000","45.649","61.117","131438","22.500","26.000","42.600","2","10557","57.821","windows","two","baseline","1"
"supervisor","3","5","6000","45.725","47.910","131220","21.700","26.000","39.400","2","10493","57.739","windows","two","baseline","1"
"supervisor","16","1","32000","240.624","248.845","132988","114.900","127.500","389.800","2","54731","305.774","windows","two","baseline","1"
"supervisor","16","2","32000","242.287","247.871","132075","114.700","146.300","357.300","2","52946","307.650","windows","two","baseline","1"
"supervisor","16","3","32000","239.156","251.147","133804","115.500","130.400","278.800","2","54569","303.817","windows","two","baseline","1"
"supervisor","16","4","32000","237.343","251.317","134826","117.100","126.200","245.000","2","53480","303.711","windows","two","baseline","1"
"supervisor","16","5","32000","238.338","246.003","134263","116.700","127.100","253.400","2","53702","301.924","windows","two","baseline","1"
"manual","1","1","2000","15.491","30.521","129109","8.200","11.900","17.300","2","3326","19.925","windows","two","candidate","0"
"manual","1","2","2000","14.695","32.354","136100","8.400","11.500","16.200","2","3531","18.789","windows","two","candidate","0"
"manual","1","3","2000","15.083","30.612","132596","8.500","11.800","17.600","2","3377","18.971","windows","two","candidate","0"
"manual","1","4","2000","14.779","30.780","135323","8.300","11.900","17.800","2","3196","19.628","windows","two","candidate","0"
"manual","1","5","2000","15.157","30.694","131955","8.500","11.900","17.600","2","3152","19.291","windows","two","candidate","0"
"manual","3","1","6000","45.240","62.596","132626","21.900","26.500","38.000","2","9916","57.153","windows","two","candidate","0"
"manual","3","2","6000","45.191","47.228","132771","21.900","27.500","49.500","2","10348","57.707","windows","two","candidate","0"
"manual","3","3","6000","45.121","62.037","132976","21.500","26.700","33.100","2","10682","57.035","windows","two","candidate","0"
"manual","3","4","6000","45.606","62.361","131561","22.000","26.700","49.700","2","10418","58.184","windows","two","candidate","0"
"manual","3","5","6000","46.834","60.979","128112","21.600","26.400","41.500","2","10768","58.555","windows","two","candidate","0"
"manual","16","1","32000","234.720","247.764","136333","114.400","126.100","246.300","2","53642","300.103","windows","two","candidate","0"
"manual","16","2","32000","243.931","249.773","131185","116.500","131.400","309.000","2","54881","309.036","windows","two","candidate","0"
"manual","16","3","32000","239.402","249.669","133666","117.100","127.800","250.800","2","54420","305.282","windows","two","candidate","0"
"manual","16","4","32000","239.096","247.037","133838","116.500","127.000","267.600","2","53165","305.298","windows","two","candidate","0"
"manual","16","5","32000","236.098","247.881","135537","114.600","123.300","288.900","2","54341","300.082","windows","two","candidate","0"
"manual","1","1","2000","15.282","31.553","130869","8.400","12.100","16.600","2","3429","19.065","windows","two","candidate","1"
"manual","1","2","2000","15.511","31.362","128940","8.600","14.600","19.800","2","3452","19.932","windows","two","candidate","1"
"manual","1","3","2000","14.628","30.719","136720","8.700","11.000","15.000","2","3633","18.644","windows","two","candidate","1"
"manual","1","4","2000","15.441","30.788","129523","8.600","11.900","18.000","2","3112","19.553","windows","two","candidate","1"
"manual","1","5","2000","14.665","30.847","136377","8.400","11.300","15.900","2","3430","18.913","windows","two","candidate","1"
"manual","3","1","6000","50.375","60.504","119106","21.900","50.700","91.300","2","8634","64.423","windows","two","candidate","1"
"manual","3","2","6000","46.558","62.577","128872","21.800","26.700","53.200","2","10517","58.418","windows","two","candidate","1"
"manual","3","3","6000","47.619","61.708","126000","21.800","30.000","79.400","2","10082","60.191","windows","two","candidate","1"
"manual","3","4","6000","45.393","47.216","132180","21.800","26.700","35.200","2","10247","57.924","windows","two","candidate","1"
"manual","3","5","6000","46.879","63.400","127988","22.500","26.700","48.000","2","10592","59.066","windows","two","candidate","1"
"manual","16","1","32000","240.716","247.375","132937","116.900","129.000","274.000","2","54080","305.555","windows","two","candidate","1"
"manual","16","2","32000","243.522","248.682","131405","116.100","136.200","331.400","2","55555","308.183","windows","two","candidate","1"
"manual","16","3","32000","231.318","233.254","138338","114.200","123.800","229.500","2","53973","296.178","windows","two","candidate","1"
"manual","16","4","32000","243.238","250.325","131558","116.700","142.700","337.800","2","54392","308.843","windows","two","candidate","1"
"manual","16","5","32000","241.502","247.559","132504","118.300","127.600","294.800","2","55846","305.837","windows","two","candidate","1"
"etherbird","1","1","2000","15.892","15.893","125849","8.600","12.800","19.900","2","2439","23.432","windows","two","candidate","0"
"etherbird","1","2","2000","17.173","29.498","116461","8.700","13.500","24.600","2","2648","24.562","windows","two","candidate","0"
"etherbird","1","3","2000","15.742","31.019","127051","8.600","12.600","22.100","2","2432","22.734","windows","two","candidate","0"
"etherbird","1","4","2000","16.434","31.191","121696","8.700","13.300","25.200","2","2433","24.147","windows","two","candidate","0"
"etherbird","1","5","2000","17.294","31.044","115648","8.700","13.700","24.600","2","2643","25.117","windows","two","candidate","0"
"etherbird","3","1","6000","38.014","38.015","157836","5.600","110.900","119.400","2","6715","59.632","windows","two","candidate","0"
"etherbird","3","2","6000","38.786","38.787","154695","5.600","110.300","121.900","2","6154","60.632","windows","two","candidate","0"
"etherbird","3","3","6000","39.656","48.134","151300","5.700","111.900","125.200","2","6451","61.824","windows","two","candidate","0"
"etherbird","3","4","6000","40.182","40.182","149322","5.700","110.300","135.100","2","5881","62.737","windows","two","candidate","0"
"etherbird","3","5","6000","39.078","39.079","153538","5.800","111.800","127.300","2","6454","60.779","windows","two","candidate","0"
"etherbird","16","1","32000","206.073","206.075","155284","131.600","155.600","341.100","2","35799","321.820","windows","two","candidate","0"
"etherbird","16","2","32000","206.445","214.390","155005","131.600","169.300","322.500","2","32881","324.173","windows","two","candidate","0"
"etherbird","16","3","32000","206.807","217.992","154734","132.000","164.700","304.600","2","35059","324.518","windows","two","candidate","0"
"etherbird","16","4","32000","204.778","217.847","156267","132.400","163.900","283.800","2","31687","319.764","windows","two","candidate","0"
"etherbird","16","5","32000","205.542","215.628","155686","132.000","162.900","310.100","2","35254","323.471","windows","two","candidate","0"
"etherbird","1","1","2000","16.641","30.591","120182","8.800","12.100","22.400","2","2517","24.041","windows","two","candidate","1"
"etherbird","1","2","2000","17.387","30.135","115026","8.700","14.700","28.600","2","2752","24.485","windows","two","candidate","1"
"etherbird","1","3","2000","16.689","31.101","119839","8.700","12.500","20.900","2","2753","23.831","windows","two","candidate","1"
"etherbird","1","4","2000","16.704","30.113","119735","8.700","14.400","25.700","2","2642","24.323","windows","two","candidate","1"
"etherbird","1","5","2000","15.844","30.624","126234","8.700","12.000","19.900","2","2677","22.952","windows","two","candidate","1"
"etherbird","3","1","6000","39.708","39.708","151104","5.800","111.800","131.700","2","4396","62.096","windows","two","candidate","1"
"etherbird","3","2","6000","39.906","39.906","150354","5.800","111.500","134.400","2","6529","62.380","windows","two","candidate","1"
"etherbird","3","3","6000","38.496","38.497","155860","5.800","111.000","121.300","2","5590","60.627","windows","two","candidate","1"
"etherbird","3","4","6000","39.144","53.467","153282","5.700","110.900","125.900","2","6443","61.683","windows","two","candidate","1"
"etherbird","3","5","6000","38.479","38.480","155929","5.700","111.200","121.000","2","6507","60.213","windows","two","candidate","1"
"etherbird","16","1","32000","207.061","207.061","154544","132.400","162.900","313.000","2","33993","323.170","windows","two","candidate","1"
"etherbird","16","2","32000","207.901","220.305","153920","132.200","168.300","312.000","2","35342","323.869","windows","two","candidate","1"
"etherbird","16","3","32000","208.062","208.063","153800","132.300","167.300","318.700","2","34521","324.939","windows","two","candidate","1"
"etherbird","16","4","32000","205.317","205.317","155857","132.600","158.700","301.100","2","34233","320.590","windows","two","candidate","1"
"etherbird","16","5","32000","215.176","215.177","148715","132.600","187.300","325.800","2","34976","335.252","windows","two","candidate","1"
"supervisor","1","1","2000","15.152","31.200","131995","8.500","13.800","18.800","2","3257","19.577","windows","two","candidate","0"
"supervisor","1","2","2000","15.508","30.319","128970","8.700","11.500","20.900","2","3520","19.876","windows","two","candidate","0"
"supervisor","1","3","2000","15.358","31.311","130223","8.700","11.000","15.400","2","3576","19.548","windows","two","candidate","0"
"supervisor","1","4","2000","14.712","30.749","135948","8.600","10.900","15.900","2","3450","18.996","windows","two","candidate","0"
"supervisor","1","5","2000","15.057","31.531","132829","8.700","11.200","17.500","2","3506","19.296","windows","two","candidate","0"
"supervisor","3","1","6000","44.514","60.315","134788","21.600","27.500","34.400","2","10610","57.046","windows","two","candidate","0"
"supervisor","3","2","6000","44.577","47.512","134600","21.700","26.400","40.000","2","10281","57.140","windows","two","candidate","0"
"supervisor","3","3","6000","45.147","61.949","132900","21.700","26.400","38.200","2","10549","57.621","windows","two","candidate","0"
"supervisor","3","4","6000","46.001","62.643","130433","22.500","26.100","33.500","2","10494","58.312","windows","two","candidate","0"
"supervisor","3","5","6000","45.817","61.853","130955","22.700","26.700","49.900","2","10035","58.155","windows","two","candidate","0"
"supervisor","16","1","32000","241.555","249.602","132475","116.400","129.500","322.200","2","55652","306.861","windows","two","candidate","0"
"supervisor","16","2","32000","230.420","233.312","138877","113.600","121.400","201.800","2","52634","296.125","windows","two","candidate","0"
"supervisor","16","3","32000","229.715","234.260","139303","113.000","122.200","219.000","2","52294","296.587","windows","two","candidate","0"
"supervisor","16","4","32000","241.024","246.572","132767","116.300","128.400","283.000","2","55164","308.130","windows","two","candidate","0"
"supervisor","16","5","32000","240.201","247.482","133222","117.100","127.800","252.800","2","54787","306.219","windows","two","candidate","0"
"supervisor","1","1","2000","15.711","31.299","127302","8.100","12.600","18.200","2","3437","20.168","windows","two","candidate","1"
"supervisor","1","2","2000","15.505","31.052","128991","8.500","13.300","21.300","2","3369","20.029","windows","two","candidate","1"
"supervisor","1","3","2000","14.880","30.572","134410","8.100","13.500","16.700","2","3484","19.034","windows","two","candidate","1"
"supervisor","1","4","2000","15.093","30.245","132507","8.400","12.000","17.100","2","2913","19.191","windows","two","candidate","1"
"supervisor","1","5","2000","14.916","29.907","134080","8.600","13.400","23.400","2","3224","19.034","windows","two","candidate","1"
"supervisor","3","1","6000","46.608","62.172","128734","22.500","26.400","49.100","2","10402","59.047","windows","two","candidate","1"
"supervisor","3","2","6000","45.442","62.349","132038","22.100","26.800","42.300","2","10354","58.035","windows","two","candidate","1"
"supervisor","3","3","6000","44.990","61.737","133363","21.500","26.400","45.000","2","10082","57.440","windows","two","candidate","1"
"supervisor","3","4","6000","49.451","60.892","121332","21.600","44.400","81.200","2","8228","64.022","windows","two","candidate","1"
"supervisor","3","5","6000","54.696","61.572","109698","21.900","65.300","94.500","2","7760","70.124","windows","two","candidate","1"
"supervisor","16","1","32000","240.548","248.084","133029","117.200","130.900","260.900","2","53116","305.957","windows","two","candidate","1"
"supervisor","16","2","32000","236.685","248.642","135201","114.300","127.200","296.300","2","52128","304.024","windows","two","candidate","1"
"supervisor","16","3","32000","241.443","247.101","132536","116.200","130.400","371.200","2","54089","307.370","windows","two","candidate","1"
"supervisor","16","4","32000","242.698","247.996","131851","117.000","131.200","326.100","2","55450","308.113","windows","two","candidate","1"
"supervisor","16","5","32000","240.305","251.009","133164","117.000","128.500","273.300","2","54352","306.738","windows","two","candidate","1"
