"implementation","workers","round","calls","admission_ms","drained_ms","calls_per_second","p50_us","p95_us","p99_us","runtime_workers","worker_parks","worker_busy_ms","platform","runtime","phase","pass"
"manual","1","1","2000","3.267","5.349","612240","0.206","22.783","23.008","1","3","3.424","linux","current","baseline","0"
"manual","1","2","2000","3.459","5.546","578159","0.215","22.733","23.127","1","3","3.652","linux","current","baseline","0"
"manual","1","3","2000","3.272","5.344","611230","0.206","22.813","23.342","1","3","3.397","linux","current","baseline","0"
"manual","1","4","2000","3.256","5.378","614264","0.206","22.822","23.401","1","3","3.384","linux","current","baseline","0"
"manual","1","5","2000","3.216","5.306","621890","0.207","22.704","22.959","1","3","3.347","linux","current","baseline","0"
"manual","3","1","6000","10.164","12.247","590293","0.215","28.091","41.150","1","3","10.283","linux","current","baseline","0"
"manual","3","2","6000","10.108","12.187","593608","0.207","28.023","43.555","1","3","10.194","linux","current","baseline","0"
"manual","3","3","6000","11.056","13.125","542681","0.207","28.121","31.388","1","3","11.179","linux","current","baseline","0"
"manual","3","4","6000","9.778","12.008","613653","0.207","28.120","29.877","1","4","9.864","linux","current","baseline","0"
"manual","3","5","6000","10.293","12.394","582911","0.207","28.120","30.220","1","3","10.076","linux","current","baseline","0"
"manual","16","1","32000","53.164","55.344","601907","0.226","47.714","71.635","1","3","52.921","linux","current","baseline","0"
"manual","16","2","32000","55.721","57.788","574293","0.235","49.274","82.399","1","3","55.689","linux","current","baseline","0"
"manual","16","3","32000","51.780","52.868","617995","0.226","47.921","81.132","1","3","51.671","linux","current","baseline","0"
"manual","16","4","32000","52.375","54.441","610982","0.226","47.950","74.677","1","3","52.633","linux","current","baseline","0"
"manual","16","5","32000","51.177","53.244","625286","0.226","47.744","69.398","1","3","51.075","linux","current","baseline","0"
"manual","1","1","2000","3.706","5.820","539599","0.217","23.864","24.162","1","3","3.886","linux","current","baseline","1"
"manual","1","2","2000","3.808","6.011","525213","0.217","23.791","24.955","1","3","3.978","linux","current","baseline","1"
"manual","1","3","2000","3.398","5.589","588648","0.217","23.740","24.008","1","3","3.545","linux","current","baseline","1"
"manual","1","4","2000","3.468","5.652","576666","0.217","23.833","24.070","1","3","3.677","linux","current","baseline","1"
"manual","1","5","2000","4.010","6.124","498710","0.217","23.781","24.090","1","3","4.212","linux","current","baseline","1"
"manual","3","1","6000","10.341","12.484","580204","0.217","29.248","32.737","1","3","10.499","linux","current","baseline","1"
"manual","3","2","6000","10.524","12.686","570141","0.226","30.463","41.220","1","3","10.671","linux","current","baseline","1"
"manual","3","3","6000","11.120","13.301","539591","0.217","29.330","31.225","1","3","11.189","linux","current","baseline","1"
"manual","3","4","6000","10.822","12.965","554413","0.226","29.350","31.729","1","3","10.977","linux","current","baseline","1"
"manual","3","5","6000","11.318","13.493","530125","0.226","30.411","48.993","1","3","11.416","linux","current","baseline","1"
"manual","16","1","32000","56.159","58.290","569808","0.237","49.879","92.942","1","3","55.889","linux","current","baseline","1"
"manual","16","2","32000","56.466","58.636","566708","0.237","56.539","83.594","1","3","56.410","linux","current","baseline","1"
"manual","16","3","32000","55.460","57.629","576998","0.237","49.950","83.182","1","3","55.343","linux","current","baseline","1"
"manual","16","4","32000","54.890","57.053","582986","0.237","49.724","74.998","1","3","54.765","linux","current","baseline","1"
"manual","16","5","32000","54.881","57.041","583081","0.237","49.930","81.021","1","3","54.697","linux","current","baseline","1"
"etherbird","1","1","2000","13.293","15.436","150459","5.920","6.167","25.670","1","3","12.875","linux","current","baseline","0"
"etherbird","1","2","2000","12.662","14.707","157950","5.901","6.117","21.756","1","2","12.213","linux","current","baseline","0"
"etherbird","1","3","2000","12.860","14.910","155519","5.911","7.455","14.380","1","2","12.420","linux","current","baseline","0"
"etherbird","1","4","2000","14.231","16.283","140543","5.931","12.560","30.401","1","2","13.724","linux","current","baseline","0"
"etherbird","1","5","2000","14.350","16.411","139377","5.931","7.534","32.604","1","2","13.868","linux","current","baseline","0"
"etherbird","3","1","6000","31.556","33.617","190137","13.917","18.244","57.133","1","2","31.056","linux","current","baseline","0"
"etherbird","3","2","6000","30.887","32.940","194256","13.917","18.647","57.665","1","2","30.388","linux","current","baseline","0"
"etherbird","3","3","6000","28.970","31.033","207114","13.907","14.291","36.371","1","2","28.551","linux","current","baseline","0"
"etherbird","3","4","6000","30.772","32.855","194981","13.926","27.706","46.757","1","2","30.370","linux","current","baseline","0"
"etherbird","3","5","6000","29.656","31.712","202321","13.917","17.792","41.308","1","2","29.300","linux","current","baseline","0"
"etherbird","16","1","32000","115.893","117.952","276117","55.177","77.483","94.872","1","2","115.339","linux","current","baseline","0"
"etherbird","16","2","32000","116.820","118.907","273925","55.255","77.955","97.350","1","2","116.458","linux","current","baseline","0"
"etherbird","16","3","32000","130.114","132.187","245939","55.540","108.297","146.655","1","2","129.699","linux","current","baseline","0"
"etherbird","16","4","32000","117.842","119.911","271551","55.265","79.755","112.104","1","2","117.456","linux","current","baseline","0"
"etherbird","16","5","32000","116.004","118.105","275852","55.265","77.893","93.859","1","2","115.627","linux","current","baseline","0"
"etherbird","1","1","2000","13.124","15.347","152389","6.153","7.153","18.965","1","3","12.684","linux","current","baseline","1"
"etherbird","1","2","2000","12.752","14.902","156843","6.143","6.236","12.966","1","2","12.321","linux","current","baseline","1"
"etherbird","1","3","2000","12.875","14.990","155339","6.143","6.246","11.172","1","2","12.638","linux","current","baseline","1"
"etherbird","1","4","2000","12.962","15.050","154295","6.184","6.319","10.153","1","2","12.508","linux","current","baseline","1"
"etherbird","1","5","2000","13.101","15.256","152656","6.184","7.071","12.791","1","2","12.646","linux","current","baseline","1"
"etherbird","3","1","6000","30.523","32.677","196576","14.543","16.347","38.054","1","2","30.101","linux","current","baseline","1"
"etherbird","3","2","6000","30.914","33.093","194086","14.564","15.935","38.022","1","2","30.460","linux","current","baseline","1"
"etherbird","3","3","6000","31.032","33.182","193352","14.563","18.274","41.197","1","2","30.603","linux","current","baseline","1"
"etherbird","3","4","6000","30.257","32.415","198304","14.523","14.956","38.919","1","2","29.797","linux","current","baseline","1"
"etherbird","3","5","6000","31.560","33.718","190115","14.554","17.862","41.579","1","2","31.053","linux","current","baseline","1"
"etherbird","16","1","32000","124.665","126.822","256687","57.832","89.083","119.324","1","2","124.036","linux","current","baseline","1"
"etherbird","16","2","32000","124.087","126.243","257883","57.884","83.827","103.235","1","2","123.551","linux","current","baseline","1"
"etherbird","16","3","32000","120.812","122.913","264875","55.678","83.847","124.159","1","2","120.400","linux","current","baseline","1"
"etherbird","16","4","32000","119.495","121.573","267794","55.619","79.999","113.392","1","2","119.257","linux","current","baseline","1"
"etherbird","16","5","32000","118.409","120.498","270249","55.688","77.736","96.507","1","2","118.006","linux","current","baseline","1"
"supervisor","1","1","2000","3.319","5.398","602668","0.226","22.547","22.822","1","3","3.473","linux","current","baseline","0"
"supervisor","1","2","2000","3.531","5.628","566420","0.226","22.548","32.683","1","3","3.733","linux","current","baseline","0"
"supervisor","1","3","2000","3.257","5.332","613977","0.226","22.547","22.871","1","3","3.376","linux","current","baseline","0"
"supervisor","1","4","2000","3.283","5.348","609132","0.226","22.645","22.969","1","3","3.428","linux","current","baseline","0"
"supervisor","1","5","2000","3.951","6.025","506166","0.226","22.527","23.067","1","3","4.110","linux","current","baseline","0"
"supervisor","3","1","6000","10.201","12.304","588154","0.226","28.130","35.911","1","3","10.253","linux","current","baseline","0"
"supervisor","3","2","6000","9.964","12.030","602197","0.226","28.149","30.868","1","3","10.077","linux","current","baseline","0"
"supervisor","3","3","6000","10.160","12.288","590526","0.226","28.071","31.309","1","3","10.219","linux","current","baseline","0"
"supervisor","3","4","6000","9.831","11.976","610294","0.226","28.041","29.788","1","4","9.908","linux","current","baseline","0"
"supervisor","3","5","6000","10.957","13.063","547571","0.226","28.091","50.648","1","3","11.003","linux","current","baseline","0"
"supervisor","16","1","32000","51.111","53.238","626084","0.236","48.097","70.918","1","3","50.870","linux","current","baseline","0"
"supervisor","16","2","32000","51.220","53.287","624755","0.236","47.430","67.328","1","3","51.219","linux","current","baseline","0"
"supervisor","16","3","32000","51.813","53.884","617607","0.236","47.361","68.780","1","3","51.677","linux","current","baseline","0"
"supervisor","16","4","32000","53.419","55.482","599042","0.237","47.950","76.391","1","3","53.372","linux","current","baseline","0"
"supervisor","16","5","32000","53.274","55.340","600671","0.236","47.898","75.358","1","3","53.100","linux","current","baseline","0"
"supervisor","1","1","2000","3.559","5.731","561881","0.237","23.688","24.131","1","3","3.734","linux","current","baseline","1"
"supervisor","1","2","2000","3.876","4.993","516030","0.237","23.709","24.162","1","3","4.006","linux","current","baseline","1"
"supervisor","1","3","2000","3.402","5.562","587844","0.237","23.648","23.895","1","3","3.558","linux","current","baseline","1"
"supervisor","1","4","2000","3.386","5.560","590605","0.237","23.658","23.874","1","3","3.534","linux","current","baseline","1"
"supervisor","1","5","2000","3.433","5.581","582552","0.237","23.781","24.069","1","3","3.620","linux","current","baseline","1"
"supervisor","3","1","6000","10.586","12.774","566805","0.237","29.433","31.554","1","3","10.662","linux","current","baseline","1"
"supervisor","3","2","6000","11.339","13.524","529156","0.237","29.320","41.447","1","3","11.448","linux","current","baseline","1"
"supervisor","3","3","6000","11.297","13.475","531102","0.237","29.443","32.779","1","3","11.412","linux","current","baseline","1"
"supervisor","3","4","6000","11.083","13.255","541353","0.237","29.247","39.553","1","3","11.305","linux","current","baseline","1"
"supervisor","3","5","6000","10.228","12.431","586642","0.237","29.495","31.122","1","3","10.319","linux","current","baseline","1"
"supervisor","16","1","32000","55.680","57.842","574718","0.248","50.259","99.634","1","3","55.571","linux","current","baseline","1"
"supervisor","16","2","32000","54.731","56.923","584672","0.248","49.804","70.613","1","3","54.607","linux","current","baseline","1"
"supervisor","16","3","32000","55.062","57.235","581159","0.248","49.896","89.258","1","3","55.028","linux","current","baseline","1"
"supervisor","16","4","32000","53.523","55.700","597869","0.257","49.751","68.016","1","3","53.372","linux","current","baseline","1"
"supervisor","16","5","32000","55.667","57.839","574851","0.248","49.917","85.703","1","3","55.511","linux","current","baseline","1"
"manual","1","1","2000","3.403","5.489","587746","0.208","22.839","23.194","1","3","3.583","linux","current","candidate","0"
"manual","1","2","2000","3.351","5.455","596823","0.208","22.820","23.175","1","3","3.472","linux","current","candidate","0"
"manual","1","3","2000","3.496","4.591","572030","0.208","22.888","23.254","1","3","3.634","linux","current","candidate","0"
"manual","1","4","2000","3.264","5.367","612732","0.208","22.849","23.155","1","3","3.381","linux","current","candidate","0"
"manual","1","5","2000","3.527","5.670","567098","0.208","22.839","23.362","1","3","3.712","linux","current","candidate","0"
"manual","3","1","6000","10.041","12.136","597564","0.208","28.220","31.587","1","3","10.157","linux","current","candidate","0"
"manual","3","2","6000","10.636","12.725","564146","0.208","28.339","31.785","1","3","10.694","linux","current","candidate","0"
"manual","3","3","6000","10.276","12.387","583879","0.217","28.447","42.133","1","3","10.423","linux","current","candidate","0"
"manual","3","4","6000","10.359","12.451","579208","0.217","29.306","39.596","1","3","10.449","linux","current","candidate","0"
"manual","3","5","6000","10.406","12.495","576609","0.208","28.220","33.780","1","3","10.493","linux","current","candidate","0"
"manual","16","1","32000","51.867","54.029","616968","0.227","47.929","69.850","1","4","51.607","linux","current","candidate","0"
"manual","16","2","32000","53.293","55.421","600458","0.227","47.998","80.099","1","3","53.158","linux","current","candidate","0"
"manual","16","3","32000","52.050","54.129","614796","0.227","47.772","79.063","1","3","51.947","linux","current","candidate","0"
"manual","16","4","32000","51.542","53.641","620849","0.227","47.742","66.088","1","3","51.366","linux","current","candidate","0"
"manual","16","5","32000","52.598","54.702","608391","0.227","47.821","71.706","1","3","52.478","linux","current","candidate","0"
"manual","1","1","2000","3.801","6.009","526125","0.226","23.955","24.160","1","3","4.030","linux","current","candidate","1"
"manual","1","2","2000","3.656","5.812","547065","0.226","24.006","24.232","1","3","3.907","linux","current","candidate","1"
"manual","1","3","2000","3.343","5.528","598235","0.216","23.914","24.120","1","3","3.472","linux","current","candidate","1"
"manual","1","4","2000","4.140","6.289","483136","0.226","23.965","37.187","1","3","4.310","linux","current","candidate","1"
"manual","1","5","2000","3.950","6.134","506325","0.226","23.977","44.659","1","3","4.097","linux","current","candidate","1"
"manual","3","1","6000","10.166","12.290","590231","0.226","29.670","31.131","1","3","10.239","linux","current","candidate","1"
"manual","3","2","6000","11.338","13.512","529186","0.226","29.515","38.863","1","3","11.346","linux","current","candidate","1"
"manual","3","3","6000","10.289","12.464","583162","0.226","29.546","37.360","1","3","10.439","linux","current","candidate","1"
"manual","3","4","6000","10.378","12.554","578136","0.226","29.556","31.502","1","3","10.449","linux","current","candidate","1"
"manual","3","5","6000","10.633","12.748","564274","0.226","29.433","32.182","1","3","10.700","linux","current","candidate","1"
"manual","16","1","32000","54.625","56.763","585815","0.237","50.095","77.706","1","3","54.282","linux","current","candidate","1"
"manual","16","2","32000","53.996","56.185","592632","0.237","50.084","70.314","1","3","53.859","linux","current","candidate","1"
"manual","16","3","32000","55.223","57.452","579471","0.237","50.599","93.560","1","3","55.191","linux","current","candidate","1"
"manual","16","4","32000","55.261","57.445","579074","0.237","50.085","79.164","1","3","55.170","linux","current","candidate","1"
"manual","16","5","32000","55.360","57.548","578033","0.237","52.102","90.708","1","3","55.304","linux","current","candidate","1"
"etherbird","1","1","2000","12.859","14.956","155536","5.637","5.894","18.254","1","2","12.424","linux","current","candidate","0"
"etherbird","1","2","2000","12.358","14.420","161839","5.648","5.747","13.739","1","2","12.170","linux","current","candidate","0"
"etherbird","1","3","2000","13.388","15.493","149389","5.638","11.285","22.057","1","2","12.980","linux","current","candidate","0"
"etherbird","1","4","2000","12.490","14.548","160134","5.638","5.795","20.402","1","2","12.114","linux","current","candidate","0"
"etherbird","1","5","2000","12.424","14.516","160984","5.647","6.012","18.933","1","2","11.978","linux","current","candidate","0"
"etherbird","3","1","6000","28.286","30.342","212116","12.645","17.267","43.090","1","2","27.847","linux","current","candidate","0"
"etherbird","3","2","6000","26.553","28.616","225964","12.646","13.296","35.867","1","2","26.107","linux","current","candidate","0"
"etherbird","3","3","6000","27.270","29.336","220024","12.665","14.735","34.969","1","2","26.911","linux","current","candidate","0"
"etherbird","3","4","6000","29.173","31.240","205667","12.655","16.322","57.047","1","2","28.677","linux","current","candidate","0"
"etherbird","3","5","6000","27.916","29.998","214930","12.636","14.794","44.923","1","2","27.215","linux","current","candidate","0"
"etherbird","16","1","32000","100.580","102.646","318153","46.323","67.119","103.463","1","2","100.088","linux","current","candidate","0"
"etherbird","16","2","32000","104.497","106.562","306230","46.481","77.883","152.917","1","2","104.023","linux","current","candidate","0"
"etherbird","16","3","32000","102.060","104.145","313542","46.462","74.335","117.504","1","2","102.380","linux","current","candidate","0"
"etherbird","16","4","32000","100.873","102.950","317229","46.452","73.152","107.323","1","2","100.513","linux","current","candidate","0"
"etherbird","16","5","32000","103.822","105.885","308221","46.432","76.542","155.591","1","2","103.349","linux","current","candidate","0"
"etherbird","1","1","2000","12.042","14.168","166081","5.658","5.796","12.412","1","3","11.706","linux","current","candidate","1"
"etherbird","1","2","2000","13.676","15.727","146242","5.658","11.306","24.192","1","2","13.207","linux","current","candidate","1"
"etherbird","1","3","2000","12.083","14.142","165527","5.677","5.777","11.879","1","2","11.645","linux","current","candidate","1"
"etherbird","1","4","2000","12.332","14.417","162179","5.667","5.806","16.954","1","2","11.912","linux","current","candidate","1"
"etherbird","1","5","2000","13.011","15.063","153711","5.658","8.215","23.826","1","2","12.613","linux","current","candidate","1"
"etherbird","3","1","6000","27.770","29.834","216060","12.768","13.863","44.384","1","2","27.313","linux","current","candidate","1"
"etherbird","3","2","6000","28.215","30.281","212650","12.758","15.196","41.087","1","2","27.773","linux","current","candidate","1"
"etherbird","3","3","6000","28.391","30.464","211333","12.767","17.093","38.094","1","2","27.943","linux","current","candidate","1"
"etherbird","3","4","6000","27.540","29.625","217864","12.768","18.386","39.684","1","2","27.078","linux","current","candidate","1"
"etherbird","3","5","6000","27.392","29.455","219045","12.777","18.139","40.632","1","2","27.012","linux","current","candidate","1"
"etherbird","16","1","32000","99.720","101.810","320898","46.721","64.622","94.900","1","2","99.185","linux","current","candidate","1"
"etherbird","16","2","32000","100.544","102.632","318269","46.879","71.347","95.379","1","2","100.145","linux","current","candidate","1"
"etherbird","16","3","32000","101.759","103.841","314469","46.869","73.730","98.228","1","2","101.362","linux","current","candidate","1"
"etherbird","16","4","32000","99.588","101.658","321325","46.829","64.265","94.974","1","2","99.262","linux","current","candidate","1"
"etherbird","16","5","32000","100.389","102.466","318759","46.800","68.725","97.011","1","2","99.988","linux","current","candidate","1"
"supervisor","1","1","2000","3.338","5.433","599120","0.227","22.599","22.866","1","3","3.502","linux","current","candidate","0"
"supervisor","1","2","2000","3.316","5.426","603112","0.227","22.551","22.797","1","3","3.460","linux","current","candidate","0"
"supervisor","1","3","2000","3.287","5.370","608502","0.227","22.590","22.945","1","3","3.423","linux","current","candidate","0"
"supervisor","1","4","2000","3.659","5.734","546525","0.227","22.619","23.093","1","3","3.781","linux","current","candidate","0"
"supervisor","1","5","2000","3.247","5.342","615938","0.227","22.571","22.866","1","3","3.435","linux","current","candidate","0"
"supervisor","3","1","6000","10.981","13.055","546395","0.227","28.178","33.747","1","3","11.030","linux","current","candidate","0"
"supervisor","3","2","6000","10.829","12.905","554090","0.227","28.129","58.515","1","3","10.912","linux","current","candidate","0"
"supervisor","3","3","6000","10.042","12.133","597483","0.227","28.080","30.850","1","3","10.112","linux","current","candidate","0"
"supervisor","3","4","6000","9.697","11.777","618746","0.227","27.962","29.548","1","3","9.789","linux","current","candidate","0"
"supervisor","3","5","6000","10.812","12.932","554924","0.227","28.337","50.877","1","3","10.998","linux","current","candidate","0"
"supervisor","16","1","32000","53.769","55.856","595141","0.237","48.649","94.246","1","3","53.526","linux","current","candidate","0"
"supervisor","16","2","32000","52.229","54.310","612682","0.237","47.949","69.850","1","3","52.127","linux","current","candidate","0"
"supervisor","16","3","32000","52.248","54.328","612459","0.237","47.811","70.679","1","3","52.137","linux","current","candidate","0"
"supervisor","16","4","32000","53.787","55.911","594945","0.237","48.117","89.114","1","3","53.666","linux","current","candidate","0"
"supervisor","16","5","32000","54.137","56.211","591096","0.237","47.712","73.701","1","3","53.998","linux","current","candidate","0"
"supervisor","1","1","2000","3.312","5.424","603952","0.228","22.678","22.925","1","3","3.461","linux","current","candidate","1"
"supervisor","1","2","2000","3.228","5.321","619571","0.228","22.737","23.113","1","3","3.383","linux","current","candidate","1"
"supervisor","1","3","2000","3.304","5.467","605270","0.228","22.658","23.094","1","4","3.428","linux","current","candidate","1"
"supervisor","1","4","2000","3.707","5.881","539516","0.228","22.698","23.212","1","3","3.911","linux","current","candidate","1"
"supervisor","1","5","2000","3.262","5.345","613068","0.228","22.648","22.975","1","3","3.389","linux","current","candidate","1"
"supervisor","3","1","6000","9.762","11.866","614601","0.228","28.207","29.779","1","3","9.823","linux","current","candidate","1"
"supervisor","3","2","6000","10.164","12.266","590298","0.228","28.453","42.656","1","3","10.311","linux","current","candidate","1"
"supervisor","3","3","6000","9.785","11.877","613162","0.228","28.285","29.720","1","3","9.862","linux","current","candidate","1"
"supervisor","3","4","6000","10.693","12.777","561139","0.228","29.264","42.597","1","3","10.743","linux","current","candidate","1"
"supervisor","3","5","6000","11.185","13.277","536418","0.228","28.454","42.823","1","3","11.274","linux","current","candidate","1"
"supervisor","16","1","32000","52.493","54.596","609600","0.238","47.937","66.807","1","3","52.247","linux","current","candidate","1"
"supervisor","16","2","32000","51.470","53.554","621725","0.238","48.066","65.818","1","3","51.378","linux","current","candidate","1"
"supervisor","16","3","32000","52.529","54.615","609188","0.238","47.848","76.342","1","3","52.406","linux","current","candidate","1"
"supervisor","16","4","32000","52.041","54.124","614894","0.238","47.798","76.747","1","3","51.923","linux","current","candidate","1"
"supervisor","16","5","32000","52.401","54.601","610677","0.238","47.769","78.536","1","3","52.353","linux","current","candidate","1"
"manual","1","1","2000","5.394","8.303","370789","0.404","4.428","48.751","16","136","7.508","linux","default","baseline","0"
"manual","1","2","2000","9.790","51.371","204287","0.344","43.565","57.022","16","257","12.735","linux","default","baseline","0"
"manual","1","3","2000","3.929","5.246","509008","0.303","3.721","51.521","16","78","5.471","linux","default","baseline","0"
"manual","1","4","2000","3.951","6.635","506156","0.304","3.801","43.928","16","97","6.195","linux","default","baseline","0"
"manual","1","5","2000","5.098","7.627","392331","0.314","5.247","45.425","16","115","6.759","linux","default","baseline","0"
"manual","3","1","6000","9.218","11.407","650873","1.102","14.710","57.072","16","216","14.934","linux","default","baseline","0"
"manual","3","2","6000","15.015","17.323","399607","1.223","36.983","132.493","16","323","21.899","linux","default","baseline","0"
"manual","3","3","6000","10.890","12.381","550947","1.052","26.569","57.365","16","249","17.414","linux","default","baseline","0"
"manual","3","4","6000","9.360","11.575","641032","1.061","18.703","61.105","16","216","15.243","linux","default","baseline","0"
"manual","3","5","6000","10.010","12.655","599373","0.789","24.103","56.748","16","225","15.470","linux","default","baseline","0"
"manual","16","1","32000","42.002","44.225","761865","10.737","61.680","96.269","16","849","78.178","linux","default","baseline","0"
"manual","16","2","32000","28.517","34.435","1122136","10.504","48.519","69.498","16","780","60.543","linux","default","baseline","0"
"manual","16","3","32000","28.525","35.111","1121821","10.596","46.891","77.657","16","773","60.220","linux","default","baseline","0"
"manual","16","4","32000","30.158","36.249","1061080","10.484","49.793","77.545","16","779","62.916","linux","default","baseline","0"
"manual","16","5","32000","28.011","34.060","1142424","10.615","47.902","68.992","16","764","59.676","linux","default","baseline","0"
"manual","1","1","2000","4.729","7.118","422944","0.309","4.292","47.721","16","100","6.809","linux","default","baseline","1"
"manual","1","2","2000","7.713","9.376","259311","0.310","42.491","45.075","16","183","10.465","linux","default","baseline","1"
"manual","1","3","2000","6.945","9.113","287996","0.430","40.843","50.346","16","171","9.943","linux","default","baseline","1"
"manual","1","4","2000","5.444","7.673","367386","0.310","4.461","45.165","16","127","8.389","linux","default","baseline","1"
"manual","1","5","2000","12.470","13.792","160381","0.449","43.519","82.019","16","267","16.357","linux","default","baseline","1"
"manual","3","1","6000","8.842","11.394","678609","1.177","7.296","65.100","16","204","14.198","linux","default","baseline","1"
"manual","3","2","6000","9.070","11.372","661527","1.178","7.946","55.196","16","210","15.703","linux","default","baseline","1"
"manual","3","3","6000","14.129","16.417","424649","1.178","34.785","129.446","16","334","20.545","linux","default","baseline","1"
"manual","3","4","6000","8.942","11.164","670977","1.198","11.659","55.456","16","215","15.082","linux","default","baseline","1"
"manual","3","5","6000","12.098","14.659","495958","1.168","24.893","86.178","16","260","17.956","linux","default","baseline","1"
"manual","16","1","32000","32.932","39.462","971703","10.481","52.112","91.927","16","867","66.260","linux","default","baseline","1"
"manual","16","2","32000","33.386","39.648","958487","10.520","55.056","76.796","16","775","68.848","linux","default","baseline","1"
"manual","16","3","32000","34.821","38.891","918979","10.431","55.705","80.918","16","775","70.500","linux","default","baseline","1"
"manual","16","4","32000","30.945","37.061","1034103","10.431","53.140","87.635","16","813","62.752","linux","default","baseline","1"
"manual","16","5","32000","28.003","35.230","1142749","10.440","44.247","69.021","16","801","59.635","linux","default","baseline","1"
"etherbird","1","1","2000","128.372","128.373","15580","62.531","85.953","126.529","16","5468","180.398","linux","default","baseline","0"
"etherbird","1","2","2000","130.086","132.320","15374","62.923","87.241","137.393","16","5531","181.053","linux","default","baseline","0"
"etherbird","1","3","2000","130.278","132.477","15352","63.089","88.638","128.437","16","5486","181.421","linux","default","baseline","0"
"etherbird","1","4","2000","131.997","134.187","15152","63.689","90.546","140.618","16","5526","180.837","linux","default","baseline","0"
"etherbird","1","5","2000","136.929","139.118","14606","65.733","97.772","143.128","16","5511","190.354","linux","default","baseline","0"
"etherbird","3","1","6000","159.745","161.884","37560","64.677","126.788","189.621","16","7899","277.373","linux","default","baseline","0"
"etherbird","3","2","6000","158.632","160.792","37823","64.923","126.869","176.201","16","7907","275.733","linux","default","baseline","0"
"etherbird","3","3","6000","160.109","162.297","37474","64.384","128.289","171.688","16","7874","281.270","linux","default","baseline","0"
"etherbird","3","4","6000","158.042","160.210","37965","65.625","127.522","197.714","16","7892","271.866","linux","default","baseline","0"
"etherbird","3","5","6000","158.676","160.823","37813","64.895","130.567","193.117","16","7997","278.447","linux","default","baseline","0"
"etherbird","16","1","32000","304.193","304.195","105196","132.512","263.139","345.903","16","17002","634.392","linux","default","baseline","0"
"etherbird","16","2","32000","302.728","304.831","105705","132.934","259.067","353.192","16","16812","635.867","linux","default","baseline","0"
"etherbird","16","3","32000","303.152","305.298","105558","131.727","256.512","356.294","16","16714","636.101","linux","default","baseline","0"
"etherbird","16","4","32000","298.204","300.325","107309","130.434","255.802","340.004","16","16504","626.291","linux","default","baseline","0"
"etherbird","16","5","32000","306.187","308.328","104511","134.523","261.763","356.851","16","17010","644.740","linux","default","baseline","0"
"etherbird","1","1","2000","127.481","129.623","15689","61.879","86.659","133.074","16","5472","174.561","linux","default","baseline","1"
"etherbird","1","2","2000","127.868","129.986","15641","61.799","82.735","138.764","16","5589","176.523","linux","default","baseline","1"
"etherbird","1","3","2000","130.000","132.136","15385","61.949","90.053","138.454","16","5435","178.443","linux","default","baseline","1"
"etherbird","1","4","2000","129.766","131.910","15412","62.617","82.605","138.454","16","5433","178.280","linux","default","baseline","1"
"etherbird","1","5","2000","133.231","134.387","15012","64.216","87.856","130.127","16","5490","182.020","linux","default","baseline","1"
"etherbird","3","1","6000","156.631","158.740","38307","63.187","129.162","200.676","16","7847","269.549","linux","default","baseline","1"
"etherbird","3","2","6000","153.524","155.678","39082","63.258","127.210","204.721","16","7789","261.865","linux","default","baseline","1"
"etherbird","3","3","6000","153.012","153.014","39213","63.131","125.183","169.800","16","7754","268.324","linux","default","baseline","1"
"etherbird","3","4","6000","146.492","147.627","40958","61.803","120.240","167.063","16","7859","251.375","linux","default","baseline","1"
"etherbird","3","5","6000","147.675","149.896","40630","61.353","120.420","174.942","16","7787","257.005","linux","default","baseline","1"
"etherbird","16","1","32000","295.942","295.943","108129","129.726","251.414","339.365","16","16485","618.472","linux","default","baseline","1"
"etherbird","16","2","32000","293.490","293.491","109033","126.875","247.197","333.262","16","16372","614.706","linux","default","baseline","1"
"etherbird","16","3","32000","294.621","296.780","108614","127.444","250.144","341.666","16","16439","617.244","linux","default","baseline","1"
"etherbird","16","4","32000","292.498","294.638","109403","126.075","244.680","326.291","16","16424","611.914","linux","default","baseline","1"
"etherbird","16","5","32000","296.570","298.696","107900","125.587","254.501","359.391","16","16648","616.639","linux","default","baseline","1"
"supervisor","1","1","2000","4.230","6.691","472826","0.333","4.034","47.831","16","101","6.025","linux","default","baseline","0"
"supervisor","1","2","2000","6.115","8.254","327071","0.374","25.760","46.405","16","131","8.646","linux","default","baseline","0"
"supervisor","1","3","2000","4.206","6.384","475484","0.344","3.883","45.495","16","93","6.095","linux","default","baseline","0"
"supervisor","1","4","2000","5.952","7.780","336006","0.364","17.309","47.690","16","123","8.120","linux","default","baseline","0"
"supervisor","1","5","2000","3.313","5.514","603635","0.506","2.598","43.868","16","78","5.203","linux","default","baseline","0"
"supervisor","3","1","6000","8.873","10.878","676175","0.799","6.885","59.954","16","195","14.103","linux","default","baseline","0"
"supervisor","3","2","6000","10.028","12.052","598305","0.879","15.641","74.768","16","197","15.555","linux","default","baseline","0"
"supervisor","3","3","6000","11.237","13.188","533973","0.799","24.861","89.960","16","255","17.067","linux","default","baseline","0"
"supervisor","3","4","6000","8.692","11.042","690252","1.173","6.551","55.879","16","191","13.571","linux","default","baseline","0"
"supervisor","3","5","6000","8.694","11.149","690154","1.294","5.783","58.285","16","197","14.114","linux","default","baseline","0"
"supervisor","16","1","32000","27.576","35.720","1160428","10.635","43.625","72.004","16","762","59.351","linux","default","baseline","0"
"supervisor","16","2","32000","27.431","35.989","1166578","10.545","46.193","74.592","16","771","59.637","linux","default","baseline","0"
"supervisor","16","3","32000","31.006","38.344","1032067","10.858","53.159","73.652","16","780","66.533","linux","default","baseline","0"
"supervisor","16","4","32000","36.946","40.759","866135","10.707","61.004","94.055","16","794","73.013","linux","default","baseline","0"
"supervisor","16","5","32000","31.284","35.875","1022873","10.585","53.392","82.247","16","802","62.867","linux","default","baseline","0"
"supervisor","1","1","2000","6.461","8.606","309558","0.340","33.427","48.469","16","146","8.606","linux","default","baseline","1"
"supervisor","1","2","2000","2.937","5.852","681043","0.350","2.725","35.633","16","73","4.679","linux","default","baseline","1"
"supervisor","1","3","2000","5.795","6.923","345131","0.340","17.208","46.739","16","150","7.845","linux","default","baseline","1"
"supervisor","1","4","2000","16.718","18.671","119634","0.429","43.389","53.509","16","390","21.096","linux","default","baseline","1"
"supervisor","1","5","2000","12.366","14.600","161733","0.339","44.007","82.326","16","283","16.442","linux","default","baseline","1"
"supervisor","3","1","6000","8.257","10.371","726614","0.768","7.386","55.805","16","194","13.292","linux","default","baseline","1"
"supervisor","3","2","6000","12.279","14.064","488650","1.278","25.917","130.964","16","259","18.407","linux","default","baseline","1"
"supervisor","3","3","6000","9.463","11.650","634063","0.849","17.282","61.998","16","236","15.407","linux","default","baseline","1"
"supervisor","3","4","6000","12.637","15.074","474801","1.218","26.207","130.457","16","285","18.612","linux","default","baseline","1"
"supervisor","3","5","6000","8.193","10.384","732322","1.008","7.437","50.807","16","207","14.497","linux","default","baseline","1"
"supervisor","16","1","32000","29.069","35.588","1100843","10.313","48.641","74.621","16","786","60.466","linux","default","baseline","1"
"supervisor","16","2","32000","28.469","33.711","1124012","10.423","47.762","67.011","16","765","60.602","linux","default","baseline","1"
"supervisor","16","3","32000","29.381","35.627","1089133","10.113","46.395","79.321","16","810","61.061","linux","default","baseline","1"
"supervisor","16","4","32000","27.423","33.635","1166891","10.204","50.139","71.673","16","767","57.937","linux","default","baseline","1"
"supervisor","16","5","32000","28.558","31.666","1120543","10.144","50.408","80.010","16","749","59.417","linux","default","baseline","1"
"manual","1","1","2000","4.291","6.721","466065","0.399","3.618","53.644","16","82","5.525","linux","default","candidate","0"
"manual","1","2","2000","4.999","6.928","400075","0.318","4.306","43.557","16","130","7.190","linux","default","candidate","0"
"manual","1","3","2000","3.443","45.536","580907","0.438","2.671","41.344","16","130","5.511","linux","default","candidate","0"
"manual","1","4","2000","4.428","5.984","451653","0.329","4.057","44.085","16","106","6.289","linux","default","candidate","0"
"manual","1","5","2000","9.997","12.174","200056","0.319","42.999","49.787","16","235","13.441","linux","default","candidate","0"
"manual","3","1","6000","13.600","15.201","441178","0.997","32.453","130.362","16","311","19.968","linux","default","candidate","0"
"manual","3","2","6000","11.626","12.809","516073","1.196","25.297","95.826","16","256","17.347","linux","default","candidate","0"
"manual","3","3","6000","7.512","8.815","798729","1.196","6.020","48.920","16","182","13.004","linux","default","candidate","0"
"manual","3","4","6000","17.403","19.262","344768","1.166","46.697","130.442","16","403","24.876","linux","default","candidate","0"
"manual","3","5","6000","8.618","10.844","696217","0.977","10.894","55.777","16","198","14.283","linux","default","candidate","0"
"manual","16","1","32000","33.274","37.626","961704","10.366","53.395","86.815","16","812","66.193","linux","default","candidate","0"
"manual","16","2","32000","30.620","36.573","1045071","10.336","49.248","70.878","16","852","61.848","linux","default","candidate","0"
"manual","16","3","32000","28.623","35.100","1117977","10.485","49.139","65.765","16","804","59.383","linux","default","candidate","0"
"manual","16","4","32000","27.538","35.200","1162016","10.306","44.952","69.701","16","806","58.641","linux","default","candidate","0"
"manual","16","5","32000","29.623","36.170","1080237","10.301","48.032","70.040","16","869","61.519","linux","default","candidate","0"
"manual","1","1","2000","8.171","10.463","244758","0.327","44.025","51.786","16","180","10.848","linux","default","candidate","1"
"manual","1","2","2000","12.162","57.827","164446","0.368","44.290","70.562","16","295","16.797","linux","default","candidate","1"
"manual","1","3","2000","7.763","10.072","257636","0.439","42.909","58.800","16","176","11.185","linux","default","candidate","1"
"manual","1","4","2000","8.025","10.255","249233","0.320","42.859","53.779","16","199","10.882","linux","default","candidate","1"
"manual","1","5","2000","3.036","4.725","658717","0.300","3.563","36.432","16","75","5.065","linux","default","candidate","1"
"manual","3","1","6000","13.386","15.189","448234","1.028","34.037","130.555","16","299","19.167","linux","default","candidate","1"
"manual","3","2","6000","9.139","11.302","656512","0.799","15.162","67.463","16","212","14.614","linux","default","candidate","1"
"manual","3","3","6000","14.113","16.800","425125","0.579","35.313","128.140","16","314","19.991","linux","default","candidate","1"
"manual","3","4","6000","12.574","14.686","477168","0.898","30.044","92.227","16","298","19.491","linux","default","candidate","1"
"manual","3","5","6000","12.859","54.781","466605","0.938","27.578","97.407","16","323","18.679","linux","default","candidate","1"
"manual","16","1","32000","31.288","35.650","1022756","10.451","53.849","86.767","16","800","63.205","linux","default","candidate","1"
"manual","16","2","32000","28.400","38.074","1126768","10.371","49.637","73.701","16","791","62.959","linux","default","candidate","1"
"manual","16","3","32000","33.633","39.557","951435","10.420","50.755","97.816","16","877","67.668","linux","default","candidate","1"
"manual","16","4","32000","27.347","36.091","1170132","10.480","42.770","65.856","16","789","59.921","linux","default","candidate","1"
"manual","16","5","32000","30.278","36.532","1056874","10.400","50.156","79.191","16","802","63.570","linux","default","candidate","1"
"etherbird","1","1","2000","127.753","129.929","15655","65.567","79.894","97.716","16","4525","176.204","linux","default","candidate","0"
"etherbird","1","2","2000","128.572","130.709","15555","65.617","81.578","101.429","16","4589","176.855","linux","default","candidate","0"
"etherbird","1","3","2000","124.222","126.352","16100","64.272","78.500","94.631","16","4548","172.090","linux","default","candidate","0"
"etherbird","1","4","2000","128.619","130.770","15550","65.596","82.324","108.033","16","4564","177.453","linux","default","candidate","0"
"etherbird","1","5","2000","129.950","132.078","15391","66.612","83.669","110.034","16","4513","179.335","linux","default","candidate","0"
"etherbird","3","1","6000","102.139","104.291","58744","49.825","84.355","118.349","16","3930","161.172","linux","default","candidate","0"
"etherbird","3","2","6000","108.390","110.543","55356","51.039","83.688","113.510","16","3869","160.727","linux","default","candidate","0"
"etherbird","3","3","6000","113.292","115.454","52960","55.023","87.980","130.476","16","4275","174.924","linux","default","candidate","0"
"etherbird","3","4","6000","113.340","115.537","52938","52.921","84.392","125.348","16","4008","168.513","linux","default","candidate","0"
"etherbird","3","5","6000","111.321","113.455","53898","53.240","88.546","129.144","16","4132","173.659","linux","default","candidate","0"
"etherbird","16","1","32000","212.591","212.592","150524","103.729","145.223","279.149","16","6508","330.165","linux","default","candidate","0"
"etherbird","16","2","32000","212.366","248.219","150684","104.685","142.602","221.426","16","6423","327.250","linux","default","candidate","0"
"etherbird","16","3","32000","206.534","208.007","154938","102.684","138.737","187.394","16","6251","316.259","linux","default","candidate","0"
"etherbird","16","4","32000","210.607","210.608","151942","103.380","142.443","218.038","16","6595","332.182","linux","default","candidate","0"
"etherbird","16","5","32000","212.598","214.719","150519","105.095","143.808","200.781","16","6798","336.513","linux","default","candidate","0"
"etherbird","1","1","2000","130.134","132.295","15369","67.025","81.706","109.823","16","4568","177.594","linux","default","candidate","1"
"etherbird","1","2","2000","129.456","130.591","15449","67.218","78.609","100.961","16","4565","178.240","linux","default","candidate","1"
"etherbird","1","3","2000","130.974","133.145","15270","66.470","82.381","109.667","16","4567","179.665","linux","default","candidate","1"
"etherbird","1","4","2000","135.479","137.602","14762","69.764","83.621","106.604","16","4586","185.177","linux","default","candidate","1"
"etherbird","1","5","2000","132.617","134.791","15081","67.976","78.476","108.128","16","4517","181.318","linux","default","candidate","1"
"etherbird","3","1","6000","112.798","114.957","53192","54.301","81.836","129.530","16","4349","176.098","linux","default","candidate","1"
"etherbird","3","2","6000","118.284","120.428","50725","57.635","87.350","130.119","16","4389","182.577","linux","default","candidate","1"
"etherbird","3","3","6000","122.084","124.343","49147","62.886","88.769","130.216","16","4502","187.482","linux","default","candidate","1"
"etherbird","3","4","6000","123.934","126.129","48413","62.947","87.336","129.359","16","4505","189.527","linux","default","candidate","1"
"etherbird","3","5","6000","121.234","154.998","49491","59.820","87.047","125.731","16","4329","182.203","linux","default","candidate","1"
"etherbird","16","1","32000","211.852","214.052","151049","103.543","141.082","213.828","16","6332","327.458","linux","default","candidate","1"
"etherbird","16","2","32000","212.581","212.582","150531","103.839","144.772","211.350","16","6513","333.503","linux","default","candidate","1"
"etherbird","16","3","32000","217.155","252.625","147360","104.036","147.275","262.540","16","6309","330.017","linux","default","candidate","1"
"etherbird","16","4","32000","213.763","216.547","149698","104.570","144.896","222.598","16","6344","328.947","linux","default","candidate","1"
"etherbird","16","5","32000","219.482","259.246","145798","104.904","149.567","311.861","16","6157","332.035","linux","default","candidate","1"
"supervisor","1","1","2000","5.119","7.435","390726","0.339","4.425","50.335","16","123","7.018","linux","default","candidate","0"
"supervisor","1","2","2000","18.645","20.801","107266","0.528","45.332","71.486","16","404","23.926","linux","default","candidate","0"
"supervisor","1","3","2000","3.484","5.148","574119","0.359","3.130","42.909","16","90","5.308","linux","default","candidate","0"
"supervisor","1","4","2000","4.539","6.711","440604","0.339","4.316","45.371","16","99","6.691","linux","default","candidate","0"
"supervisor","1","5","2000","7.818","52.314","255809","0.379","44.145","47.983","16","235","11.036","linux","default","candidate","0"
"supervisor","3","1","6000","12.068","14.232","497164","0.768","22.436","96.274","16","241","17.656","linux","default","candidate","0"
"supervisor","3","2","6000","12.435","14.710","482494","0.867","31.606","114.952","16","303","19.966","linux","default","candidate","0"
"supervisor","3","3","6000","8.482","10.259","707360","0.568","6.897","61.299","16","197","14.333","linux","default","candidate","0"
"supervisor","3","4","6000","8.786","11.028","682871","0.698","6.409","56.146","16","202","14.625","linux","default","candidate","0"
"supervisor","3","5","6000","12.374","14.170","484898","0.698","27.919","131.688","16","311","19.582","linux","default","candidate","0"
"supervisor","16","1","32000","29.165","35.632","1097199","10.993","46.627","84.393","16","784","60.832","linux","default","candidate","0"
"supervisor","16","2","32000","28.084","35.060","1139421","10.535","46.547","76.808","16","801","58.418","linux","default","candidate","0"
"supervisor","16","3","32000","28.776","36.909","1112042","10.525","44.355","70.240","16","825","60.573","linux","default","candidate","0"
"supervisor","16","4","32000","26.985","32.375","1185841","10.495","43.886","72.591","16","773","58.436","linux","default","candidate","0"
"supervisor","16","5","32000","28.608","35.100","1118579","10.535","50.235","77.535","16","804","59.888","linux","default","candidate","0"
"supervisor","1","1","2000","4.132","6.365","484049","0.337","4.294","49.400","16","107","6.880","linux","default","candidate","1"
"supervisor","1","2","2000","13.323","57.829","150112","0.368","45.710","55.872","16","348","17.434","linux","default","candidate","1"
"supervisor","1","3","2000","4.298","6.617","465314","0.327","3.957","45.290","16","79","5.973","linux","default","candidate","1"
"supervisor","1","4","2000","4.172","5.994","479416","0.358","3.455","45.843","16","100","7.034","linux","default","candidate","1"
"supervisor","1","5","2000","7.651","9.408","261396","0.347","43.267","51.906","16","165","10.626","linux","default","candidate","1"
"supervisor","3","1","6000","14.231","57.849","421628","1.166","35.946","136.986","16","343","20.587","linux","default","candidate","1"
"supervisor","3","2","6000","8.765","11.205","684544","0.583","6.513","57.938","16","178","14.273","linux","default","candidate","1"
"supervisor","3","3","6000","19.199","21.995","312515","0.982","48.429","121.170","16","400","26.282","linux","default","candidate","1"
"supervisor","3","4","6000","13.131","15.603","456937","0.563","27.359","135.472","16","288","20.219","linux","default","candidate","1"
"supervisor","3","5","6000","8.003","9.218","749726","0.838","5.766","54.696","16","179","13.660","linux","default","candidate","1"
"supervisor","16","1","32000","28.876","37.150","1108205","11.153","48.521","83.823","16","769","62.430","linux","default","candidate","1"
"supervisor","16","2","32000","28.146","33.792","1136927","11.062","45.853","72.066","16","713","59.799","linux","default","candidate","1"
"supervisor","16","3","32000","29.689","37.917","1077844","10.684","45.934","71.422","16","819","62.935","linux","default","candidate","1"
"supervisor","16","4","32000","29.059","35.065","1101210","10.653","49.932","77.382","16","783","61.488","linux","default","candidate","1"
"supervisor","16","5","32000","29.535","33.811","1083442","10.592","47.041","76.750","16","745","60.678","linux","default","candidate","1"
"manual","1","1","2000","5.359","7.186","373218","0.407","4.348","56.784","2","103","7.310","linux","two","baseline","0"
"manual","1","2","2000","4.649","7.226","430233","0.298","5.628","44.095","2","95","6.204","linux","two","baseline","0"
"manual","1","3","2000","5.134","7.678","389533","0.298","15.148","48.293","2","89","6.811","linux","two","baseline","0"
"manual","1","4","2000","2.561","5.105","781041","0.298","2.730","26.236","2","35","3.842","linux","two","baseline","0"
"manual","1","5","2000","3.310","5.611","604311","0.368","2.640","42.020","2","47","4.322","linux","two","baseline","0"
"manual","3","1","6000","10.054","53.712","596786","1.202","16.627","83.563","2","184","14.184","linux","two","baseline","0"
"manual","3","2","6000","8.005","9.427","749540","0.477","7.871","81.607","2","100","12.232","linux","two","baseline","0"
"manual","3","3","6000","10.160","58.865","590532","1.221","6.730","55.910","2","156","14.237","linux","two","baseline","0"
"manual","3","4","6000","17.815","62.682","336799","1.181","42.466","128.878","2","339","23.355","linux","two","baseline","0"
"manual","3","5","6000","9.521","52.612","630162","1.221","6.691","54.606","2","161","14.219","linux","two","baseline","0"
"manual","16","1","32000","28.016","30.291","1142199","10.294","39.429","63.560","2","131","47.418","linux","two","baseline","0"
"manual","16","2","32000","28.916","31.141","1106656","10.473","47.956","62.429","2","126","49.002","linux","two","baseline","0"
"manual","16","3","32000","30.063","32.171","1064445","10.314","45.861","67.194","2","151","50.149","linux","two","baseline","0"
"manual","16","4","32000","28.115","29.960","1138170","10.443","46.080","63.242","2","139","47.029","linux","two","baseline","0"
"manual","16","5","32000","30.650","32.391","1044043","10.334","52.631","91.653","2","169","49.646","linux","two","baseline","0"
"manual","1","1","2000","17.447","19.898","114631","0.345","43.371","74.856","2","383","21.773","linux","two","baseline","1"
"manual","1","2","2000","11.629","13.438","171990","0.415","43.292","46.600","2","278","15.167","linux","two","baseline","1"
"manual","1","3","2000","4.174","45.941","479164","0.325","4.068","43.618","2","120","6.172","linux","two","baseline","1"
"manual","1","4","2000","9.728","11.584","205582","0.326","42.887","49.956","2","225","12.957","linux","two","baseline","1"
"manual","1","5","2000","5.340","7.320","374550","0.326","6.477","50.756","2","118","7.460","linux","two","baseline","1"
"manual","3","1","6000","24.223","68.319","247703","1.214","53.915","129.196","2","496","31.227","linux","two","baseline","1"
"manual","3","2","6000","13.910","16.102","431356","1.205","30.645","68.004","2","219","18.661","linux","two","baseline","1"
"manual","3","3","6000","15.240","61.161","393710","1.273","35.808","105.740","2","298","21.255","linux","two","baseline","1"
"manual","3","4","6000","8.536","9.879","702875","1.234","6.634","57.766","2","78","12.225","linux","two","baseline","1"
"manual","3","5","6000","16.926","61.302","354476","1.304","44.861","97.139","2","334","22.908","linux","two","baseline","1"
"manual","16","1","32000","32.036","34.019","998885","10.564","44.843","110.536","2","233","53.113","linux","two","baseline","1"
"manual","16","2","32000","28.823","31.375","1110230","10.169","45.049","85.795","2","134","49.159","linux","two","baseline","1"
"manual","16","3","32000","33.127","35.795","965971","10.416","51.102","111.809","2","268","53.603","linux","two","baseline","1"
"manual","16","4","32000","32.442","34.248","986384","10.248","50.489","121.130","2","258","53.193","linux","two","baseline","1"
"manual","16","5","32000","32.056","73.611","998255","10.386","51.526","97.543","2","253","52.183","linux","two","baseline","1"
"etherbird","1","1","2000","148.236","148.237","13492","71.847","103.682","141.670","2","5653","137.254","linux","two","baseline","0"
"etherbird","1","2","2000","144.663","144.664","13825","69.472","100.463","129.237","2","5613","135.419","linux","two","baseline","0"
"etherbird","1","3","2000","143.240","143.241","13963","68.488","96.827","138.010","2","5647","134.212","linux","two","baseline","0"
"etherbird","1","4","2000","152.074","152.075","13151","71.628","105.003","174.714","2","5699","142.231","linux","two","baseline","0"
"etherbird","1","5","2000","157.018","157.019","12737","78.703","107.934","157.435","2","5730","143.515","linux","two","baseline","0"
"etherbird","3","1","6000","138.952","138.953","43180","52.149","101.310","163.318","2","5474","180.379","linux","two","baseline","0"
"etherbird","3","2","6000","139.256","139.256","43086","51.531","97.800","149.092","2","5478","182.312","linux","two","baseline","0"
"etherbird","3","3","6000","136.843","136.844","43846","51.013","97.700","150.894","2","5419","180.025","linux","two","baseline","0"
"etherbird","3","4","6000","136.149","136.150","44069","50.874","96.359","145.502","2","5302","179.532","linux","two","baseline","0"
"etherbird","3","5","6000","132.644","132.644","45234","49.502","92.062","140.602","2","5295","174.654","linux","two","baseline","0"
"etherbird","16","1","32000","235.223","235.224","136041","94.310","194.009","329.027","2","8702","374.988","linux","two","baseline","0"
"etherbird","16","2","32000","229.462","229.463","139457","93.413","192.208","307.074","2","8609","365.853","linux","two","baseline","0"
"etherbird","16","3","32000","236.302","236.304","135420","97.154","203.741","325.196","2","9461","378.767","linux","two","baseline","0"
"etherbird","16","4","32000","231.693","231.694","138114","96.467","194.944","271.848","2","8935","370.271","linux","two","baseline","0"
"etherbird","16","5","32000","233.312","233.313","137155","96.706","197.243","286.823","2","9110","372.074","linux","two","baseline","0"
"etherbird","1","1","2000","150.431","150.432","13295","74.789","101.133","135.171","2","5698","138.976","linux","two","baseline","1"
"etherbird","1","2","2000","150.815","150.816","13261","74.661","99.877","144.584","2","5702","138.536","linux","two","baseline","1"
"etherbird","1","3","2000","155.109","155.110","12894","77.944","100.431","172.966","2","5636","141.901","linux","two","baseline","1"
"etherbird","1","4","2000","155.255","155.256","12882","77.756","103.378","167.507","2","5617","142.543","linux","two","baseline","1"
"etherbird","1","5","2000","153.537","155.635","13026","76.945","106.198","154.206","2","5655","143.138","linux","two","baseline","1"
"etherbird","3","1","6000","133.303","133.304","45010","46.237","96.384","143.036","2","5267","178.985","linux","two","baseline","1"
"etherbird","3","2","6000","135.226","135.227","44370","45.563","97.265","156.544","2","5269","178.401","linux","two","baseline","1"
"etherbird","3","3","6000","135.289","135.290","44350","47.157","97.563","164.694","2","5219","178.207","linux","two","baseline","1"
"etherbird","3","4","6000","130.732","130.733","45895","44.741","95.037","147.840","2","5119","172.380","linux","two","baseline","1"
"etherbird","3","5","6000","127.671","127.672","46996","45.097","92.938","129.895","2","5101","168.253","linux","two","baseline","1"
"etherbird","16","1","32000","223.751","223.752","143016","93.480","186.263","265.586","2","8974","360.625","linux","two","baseline","1"
"etherbird","16","2","32000","227.017","227.018","140959","96.603","188.209","266.686","2","9169","366.069","linux","two","baseline","1"
"etherbird","16","3","32000","223.365","223.366","143263","93.440","189.339","270.761","2","9398","362.163","linux","two","baseline","1"
"etherbird","16","4","32000","226.111","226.112","141524","94.639","188.645","293.546","2","8960","364.356","linux","two","baseline","1"
"etherbird","16","5","32000","237.343","237.344","134826","97.293","197.905","304.314","2","8929","376.094","linux","two","baseline","1"
"supervisor","1","1","2000","6.038","8.085","331232","0.437","28.301","47.856","2","121","8.272","linux","two","baseline","0"
"supervisor","1","2","2000","9.835","54.668","203354","0.466","42.386","45.633","2","246","13.193","linux","two","baseline","0"
"supervisor","1","3","2000","9.422","11.245","212268","0.367","42.725","48.928","2","208","12.197","linux","two","baseline","0"
"supervisor","1","4","2000","6.179","7.810","323693","0.327","30.614","44.640","2","118","8.294","linux","two","baseline","0"
"supervisor","1","5","2000","6.869","9.035","291168","0.327","35.359","48.750","2","116","8.788","linux","two","baseline","0"
"supervisor","3","1","6000","8.256","52.586","726743","1.102","5.767","49.564","2","133","12.403","linux","two","baseline","0"
"supervisor","3","2","6000","11.953","14.685","501978","0.794","6.690","100.302","2","160","16.748","linux","two","baseline","0"
"supervisor","3","3","6000","25.354","27.564","236651","0.645","126.138","130.962","2","484","34.014","linux","two","baseline","0"
"supervisor","3","4","6000","16.012","17.961","374710","1.330","42.904","127.319","2","270","21.874","linux","two","baseline","0"
"supervisor","3","5","6000","15.045","17.171","398816","1.310","35.329","85.310","2","233","20.050","linux","two","baseline","0"
"supervisor","16","1","32000","29.859","32.051","1071686","10.056","48.491","75.512","2","172","50.498","linux","two","baseline","0"
"supervisor","16","2","32000","29.502","31.368","1084670","10.413","43.380","77.074","2","153","49.252","linux","two","baseline","0"
"supervisor","16","3","32000","36.547","38.887","875581","10.244","47.127","150.589","2","306","58.714","linux","two","baseline","0"
"supervisor","16","4","32000","28.418","31.050","1126027","10.294","42.596","73.983","2","162","49.760","linux","two","baseline","0"
"supervisor","16","5","32000","40.768","43.619","784935","9.896","52.661","319.182","2","383","62.912","linux","two","baseline","0"
"supervisor","1","1","2000","6.751","9.045","296271","0.355","26.103","60.500","2","120","8.544","linux","two","baseline","1"
"supervisor","1","2","2000","7.884","9.996","253663","0.464","41.137","47.659","2","166","10.506","linux","two","baseline","1"
"supervisor","1","3","2000","4.223","6.656","473630","0.365","3.663","44.507","2","73","5.901","linux","two","baseline","1"
"supervisor","1","4","2000","2.921","4.436","684705","0.434","2.557","40.782","2","46","4.233","linux","two","baseline","1"
"supervisor","1","5","2000","2.478","4.612","806946","0.325","2.567","25.117","2","23","3.609","linux","two","baseline","1"
"supervisor","3","1","6000","12.428","14.044","482785","0.910","26.542","127.813","2","198","17.868","linux","two","baseline","1"
"supervisor","3","2","6000","10.705","13.334","560473","1.316","11.817","114.809","2","144","15.169","linux","two","baseline","1"
"supervisor","3","3","6000","24.499","26.635","244911","1.315","86.082","130.156","2","456","32.021","linux","two","baseline","1"
"supervisor","3","4","6000","23.413","72.546","256265","1.246","71.229","132.441","2","471","29.838","linux","two","baseline","1"
"supervisor","3","5","6000","12.703","14.690","472322","1.296","27.985","128.120","2","203","18.108","linux","two","baseline","1"
"supervisor","16","1","32000","31.509","32.772","1015578","10.245","47.614","74.562","2","157","51.965","linux","two","baseline","1"
"supervisor","16","2","32000","32.544","35.236","983291","10.067","50.769","149.222","2","262","53.762","linux","two","baseline","1"
"supervisor","16","3","32000","35.551","37.399","900112","10.314","50.878","121.642","2","268","57.380","linux","two","baseline","1"
"supervisor","16","4","32000","31.322","33.821","1021639","10.106","48.189","82.106","2","226","51.411","linux","two","baseline","1"
"supervisor","16","5","32000","37.798","80.780","846609","10.343","52.094","194.315","2","394","60.261","linux","two","baseline","1"
"manual","1","1","2000","3.446","6.082","580321","0.326","3.014","45.453","2","52","4.840","linux","two","candidate","0"
"manual","1","2","2000","10.869","13.877","184013","0.336","45.033","59.008","2","218","14.126","linux","two","candidate","0"
"manual","1","3","2000","8.723","11.099","229284","0.420","44.634","49.602","2","182","11.667","linux","two","candidate","0"
"manual","1","4","2000","3.426","6.403","583769","0.431","2.836","45.316","2","58","4.789","linux","two","candidate","0"
"manual","1","5","2000","4.208","47.877","475326","0.472","2.898","44.886","2","116","6.347","linux","two","candidate","0"
"manual","3","1","6000","13.645","17.007","439720","1.376","26.686","135.214","2","194","19.195","linux","two","candidate","0"
"manual","3","2","6000","18.664","21.571","321479","1.292","52.122","135.267","2","311","25.150","linux","two","candidate","0"
"manual","3","3","6000","10.338","12.734","580398","1.334","6.826","59.351","2","86","14.329","linux","two","candidate","0"
"manual","3","4","6000","19.856","64.069","302182","0.472","75.979","137.095","2","387","26.219","linux","two","candidate","0"
"manual","3","5","6000","16.666","61.978","360009","1.313","44.981","135.246","2","303","22.203","linux","two","candidate","0"
"manual","16","1","32000","36.413","38.867","878810","10.954","54.191","118.684","2","259","58.297","linux","two","candidate","0"
"manual","16","2","32000","34.371","36.490","931020","10.972","55.101","82.014","2","214","56.848","linux","two","candidate","0"
"manual","16","3","32000","28.338","30.916","1129230","11.014","40.988","70.484","2","83","49.853","linux","two","candidate","0"
"manual","16","4","32000","33.075","35.097","967506","11.035","55.732","101.926","2","188","54.949","linux","two","candidate","0"
"manual","16","5","32000","34.538","75.666","926509","10.971","48.730","94.797","2","256","56.350","linux","two","candidate","0"
"manual","1","1","2000","3.073","4.563","650800","0.345","2.680","41.074","2","53","4.473","linux","two","candidate","1"
"manual","1","2","2000","8.530","51.167","234480","0.325","42.483","47.420","2","206","11.030","linux","two","candidate","1"
"manual","1","3","2000","6.921","8.683","288967","0.325","37.792","49.627","2","144","9.150","linux","two","candidate","1"
"manual","1","4","2000","4.941","6.693","404808","0.335","6.238","49.242","2","118","7.036","linux","two","candidate","1"
"manual","1","5","2000","3.269","4.694","611872","0.325","2.650","41.221","2","47","4.013","linux","two","candidate","1"
"manual","3","1","6000","23.112","25.343","259602","1.222","42.818","85.399","2","435","30.284","linux","two","candidate","1"
"manual","3","2","6000","11.922","13.315","503257","1.310","25.316","85.813","2","159","15.982","linux","two","candidate","1"
"manual","3","3","6000","7.921","10.238","757504","1.173","6.259","54.633","2","73","11.906","linux","two","candidate","1"
"manual","3","4","6000","9.316","11.933","644054","1.323","6.279","65.148","2","93","13.208","linux","two","candidate","1"
"manual","3","5","6000","9.766","11.478","614406","1.234","8.115","67.718","2","126","13.867","linux","two","candidate","1"
"manual","16","1","32000","37.258","38.681","858875","10.287","50.855","134.616","2","336","59.072","linux","two","candidate","1"
"manual","16","2","32000","28.015","70.958","1142238","10.307","40.587","65.595","2","153","47.250","linux","two","candidate","1"
"manual","16","3","32000","41.570","43.830","769791","10.435","51.645","392.354","2","445","64.187","linux","two","candidate","1"
"manual","16","4","32000","37.451","39.212","854440","10.228","52.405","108.265","2","363","58.736","linux","two","candidate","1"
"manual","16","5","32000","36.120","80.504","885942","10.218","53.629","130.203","2","379","57.756","linux","two","candidate","1"
"etherbird","1","1","2000","108.162","109.305","18491","51.527","69.082","108.737","2","2565","125.307","linux","two","candidate","0"
"etherbird","1","2","2000","110.801","112.972","18050","53.262","72.679","105.280","2","2489","130.081","linux","two","candidate","0"
"etherbird","1","3","2000","110.761","112.887","18057","53.411","73.954","103.379","2","2843","129.381","linux","two","candidate","0"
"etherbird","1","4","2000","106.987","109.136","18694","51.888","68.895","99.067","2","3120","124.694","linux","two","candidate","0"
"etherbird","1","5","2000","109.692","111.820","18233","52.346","72.759","114.610","2","2966","127.782","linux","two","candidate","0"
"etherbird","3","1","6000","117.361","119.465","51124","58.490","78.395","126.887","2","4313","146.166","linux","two","candidate","0"
"etherbird","3","2","6000","117.302","119.418","51150","59.147","84.529","127.236","2","4163","150.812","linux","two","candidate","0"
"etherbird","3","3","6000","116.905","119.063","51324","58.051","78.118","123.583","2","4599","146.839","linux","two","candidate","0"
"etherbird","3","4","6000","118.619","120.753","50582","58.856","74.448","113.322","2","4253","149.329","linux","two","candidate","0"
"etherbird","3","5","6000","116.557","118.717","51477","58.736","79.638","122.683","2","4306","147.662","linux","two","candidate","0"
"etherbird","16","1","32000","197.122","197.123","162336","94.783","130.013","197.280","2","4493","251.375","linux","two","candidate","0"
"etherbird","16","2","32000","194.301","196.470","164693","92.060","126.783","196.380","2","4636","249.120","linux","two","candidate","0"
"etherbird","16","3","32000","193.810","195.952","165110","93.109","124.813","208.151","2","4441","246.777","linux","two","candidate","0"
"etherbird","16","4","32000","191.038","193.159","167506","89.569","123.523","204.751","2","4905","246.312","linux","two","candidate","0"
"etherbird","16","5","32000","197.092","197.093","162361","95.563","122.171","200.973","2","4446","250.438","linux","two","candidate","0"
"etherbird","1","1","2000","104.908","107.011","19064","49.637","69.423","104.874","2","2644","122.098","linux","two","candidate","1"
"etherbird","1","2","2000","104.432","106.545","19151","49.548","66.342","101.346","2","2805","122.017","linux","two","candidate","1"
"etherbird","1","3","2000","104.258","106.355","19183","49.754","71.071","104.573","2","2690","121.390","linux","two","candidate","1"
"etherbird","1","4","2000","109.595","111.719","18249","51.530","73.140","109.279","2","2589","126.990","linux","two","candidate","1"
"etherbird","1","5","2000","108.375","110.463","18454","51.588","70.737","102.893","2","2696","126.673","linux","two","candidate","1"
"etherbird","3","1","6000","116.428","116.429","51534","58.220","75.175","117.980","2","4492","147.892","linux","two","candidate","1"
"etherbird","3","2","6000","111.851","113.992","53643","56.533","75.177","113.459","2","4326","141.102","linux","two","candidate","1"
"etherbird","3","3","6000","114.905","116.977","52217","56.778","73.437","119.330","2","4117","144.653","linux","two","candidate","1"
"etherbird","3","4","6000","112.588","114.713","53292","56.562","70.340","115.593","2","4410","142.681","linux","two","candidate","1"
"etherbird","3","5","6000","115.551","117.651","51925","57.526","74.971","117.914","2","3914","146.080","linux","two","candidate","1"
"etherbird","16","1","32000","192.764","192.765","166006","93.733","122.604","173.454","2","4383","245.715","linux","two","candidate","1"
"etherbird","16","2","32000","190.239","190.240","168209","91.187","120.825","185.332","2","4599","244.424","linux","two","candidate","1"
"etherbird","16","3","32000","189.727","189.728","168663","91.766","125.544","167.121","2","4644","244.201","linux","two","candidate","1"
"etherbird","16","4","32000","192.140","192.141","166545","91.745","123.329","209.860","2","4614","245.148","linux","two","candidate","1"
"etherbird","16","5","32000","189.359","189.360","168991","91.036","120.570","179.637","2","4618","243.197","linux","two","candidate","1"
"supervisor","1","1","2000","9.152","52.144","218520","0.451","41.672","62.501","2","201","10.571","linux","two","candidate","0"
"supervisor","1","2","2000","7.103","55.532","281558","0.430","39.992","49.549","2","166","9.872","linux","two","candidate","0"
"supervisor","1","3","2000","6.171","8.587","324072","0.367","5.797","56.910","2","92","7.867","linux","two","candidate","0"
"supervisor","1","4","2000","10.261","12.536","194914","0.368","46.441","52.521","2","219","13.803","linux","two","candidate","0"
"supervisor","1","5","2000","3.709","6.216","539203","0.347","3.802","46.493","2","56","5.215","linux","two","candidate","0"
"supervisor","3","1","6000","8.809","53.744","681143","1.450","6.280","54.527","2","131","13.203","linux","two","candidate","0"
"supervisor","3","2","6000","12.511","14.564","479569","1.281","27.054","134.753","2","177","17.579","linux","two","candidate","0"
"supervisor","3","3","6000","12.530","14.278","478861","1.102","28.650","134.805","2","188","18.303","linux","two","candidate","0"
"supervisor","3","4","6000","16.202","18.094","370332","1.407","43.289","135.351","2","263","21.603","linux","two","candidate","0"
"supervisor","3","5","6000","15.136","17.196","396406","1.408","35.528","135.088","2","243","21.539","linux","two","candidate","0"
"supervisor","16","1","32000","34.085","36.344","938825","10.933","49.853","98.538","2","171","56.542","linux","two","candidate","0"
"supervisor","16","2","32000","28.578","30.445","1119727","10.891","43.153","97.323","2","106","50.024","linux","two","candidate","0"
"supervisor","16","3","32000","31.943","33.544","1001773","10.933","51.954","95.443","2","124","54.554","linux","two","candidate","0"
"supervisor","16","4","32000","36.018","82.607","888438","10.964","54.170","108.161","2","252","57.525","linux","two","candidate","0"
"supervisor","16","5","32000","34.556","36.502","926043","10.744","53.792","127.338","2","214","56.880","linux","two","candidate","0"
"supervisor","1","1","2000","7.056","9.167","283449","0.325","41.872","45.833","2","136","9.162","linux","two","candidate","1"
"supervisor","1","2","2000","10.351","12.617","193218","0.335","42.217","53.106","2","201","13.204","linux","two","candidate","1"
"supervisor","1","3","2000","18.676","21.090","107091","0.414","42.365","56.279","2","400","23.955","linux","two","candidate","1"
"supervisor","1","4","2000","3.109","5.036","643387","0.444","2.632","42.167","2","63","4.870","linux","two","candidate","1"
"supervisor","1","5","2000","13.153","15.983","152062","0.335","42.187","49.992","2","295","16.796","linux","two","candidate","1"
"supervisor","3","1","6000","15.201","17.333","394708","1.290","34.145","128.206","2","254","20.445","linux","two","candidate","1"
"supervisor","3","2","6000","12.483","14.587","480663","1.320","27.829","128.423","2","174","16.795","linux","two","candidate","1"
"supervisor","3","3","6000","12.458","13.814","481607","0.749","26.509","128.157","2","189","17.500","linux","two","candidate","1"
"supervisor","3","4","6000","16.464","61.040","364426","1.261","38.028","78.402","2","312","22.410","linux","two","candidate","1"
"supervisor","3","5","6000","13.306","15.444","450910","1.025","28.755","128.463","2","196","18.677","linux","two","candidate","1"
"supervisor","16","1","32000","44.231","88.381","723477","10.357","53.263","502.863","2","526","68.455","linux","two","candidate","1"
"supervisor","16","2","32000","31.195","33.637","1025816","10.327","51.036","69.927","2","191","50.764","linux","two","candidate","1"
"supervisor","16","3","32000","34.349","36.796","931608","10.357","52.091","90.523","2","269","55.017","linux","two","candidate","1"
"supervisor","16","4","32000","32.423","33.996","986955","10.268","51.411","105.098","2","225","51.970","linux","two","candidate","1"
"supervisor","16","5","32000","36.729","38.644","871254","10.308","48.563","147.482","2","329","57.471","linux","two","candidate","1"
"manual","1","1","2000","15.398","30.672","129887","0.300","121.600","124.400","1","3","15.380","windows","current","baseline","0"
"manual","1","2","2000","15.158","31.956","131940","0.300","121.100","125.400","1","3","15.040","windows","current","baseline","0"
"manual","1","3","2000","15.768","30.701","126843","0.300","121.300","123.700","1","3","15.751","windows","current","baseline","0"
"manual","1","4","2000","15.828","30.762","126355","0.300","121.400","123.000","1","3","15.750","windows","current","baseline","0"
"manual","1","5","2000","15.169","30.407","131849","0.300","121.600","123.000","1","3","15.056","windows","current","baseline","0"
"manual","3","1","6000","46.816","62.454","128163","0.300","138.800","147.100","1","3","46.180","windows","current","baseline","0"
"manual","3","2","6000","45.808","62.014","130981","0.300","140.000","151.500","1","3","45.220","windows","current","baseline","0"
"manual","3","3","6000","46.085","62.052","130194","0.300","139.300","147.300","1","3","45.523","windows","current","baseline","0"
"manual","3","4","6000","47.580","64.100","126103","0.300","139.100","147.900","1","3","46.969","windows","current","baseline","0"
"manual","3","5","6000","45.940","62.311","130607","0.300","138.400","146.400","1","3","45.382","windows","current","baseline","0"
"manual","16","1","32000","241.548","250.297","132479","0.300","243.200","279.800","1","3","238.895","windows","current","baseline","0"
"manual","16","2","32000","244.800","246.258","130719","0.300","231.600","342.200","1","3","241.996","windows","current","baseline","0"
"manual","16","3","32000","239.255","248.279","133749","0.300","231.400","267.200","1","3","236.651","windows","current","baseline","0"
"manual","16","4","32000","240.698","248.097","132947","0.300","230.600","304.300","1","3","237.792","windows","current","baseline","0"
"manual","16","5","32000","240.533","250.718","133038","0.300","231.400","317.700","1","3","237.931","windows","current","baseline","0"
"manual","1","1","2000","14.965","31.623","133644","0.300","118.600","121.800","1","3","14.843","windows","current","baseline","1"
"manual","1","2","2000","15.112","31.982","132344","0.300","118.300","119.000","1","3","15.017","windows","current","baseline","1"
"manual","1","3","2000","14.930","30.687","133959","0.300","118.100","118.900","1","3","14.851","windows","current","baseline","1"
"manual","1","4","2000","15.167","30.867","131862","0.300","118.700","119.800","1","3","15.162","windows","current","baseline","1"
"manual","1","5","2000","15.176","31.701","131788","0.300","118.400","119.000","1","3","15.051","windows","current","baseline","1"
"manual","3","1","6000","43.953","47.137","136509","0.300","133.200","138.600","1","3","43.377","windows","current","baseline","1"
"manual","3","2","6000","43.774","45.934","137067","0.300","132.800","138.500","1","3","43.262","windows","current","baseline","1"
"manual","3","3","6000","45.433","61.279","132063","0.300","133.300","140.700","1","3","44.898","windows","current","baseline","1"
"manual","3","4","6000","45.198","61.940","132748","0.300","133.500","139.800","1","3","43.971","windows","current","baseline","1"
"manual","3","5","6000","43.855","47.275","136815","0.300","132.800","139.900","1","3","43.358","windows","current","baseline","1"
"manual","16","1","32000","239.788","250.165","133451","0.300","231.400","273.900","1","3","237.220","windows","current","baseline","1"
"manual","16","2","32000","239.630","251.703","133539","0.300","231.100","269.500","1","3","237.181","windows","current","baseline","1"
"manual","16","3","32000","239.304","250.433","133721","0.300","231.100","264.300","1","3","236.896","windows","current","baseline","1"
"manual","16","4","32000","239.867","251.099","133408","0.300","231.800","290.400","1","3","237.392","windows","current","baseline","1"
"manual","16","5","32000","239.436","248.524","133648","0.300","231.100","309.800","1","3","236.544","windows","current","baseline","1"
"etherbird","1","1","2000","24.380","31.156","82035","12.000","12.300","16.700","1","2","20.602","windows","current","baseline","0"
"etherbird","1","2","2000","23.985","31.490","83384","11.700","12.400","15.900","1","2","20.272","windows","current","baseline","0"
"etherbird","1","3","2000","24.947","29.011","80170","11.700","13.700","24.500","1","2","21.515","windows","current","baseline","0"
"etherbird","1","4","2000","25.047","31.572","79848","11.600","16.500","18.100","1","2","20.913","windows","current","baseline","0"
"etherbird","1","5","2000","25.150","30.927","79524","11.600","12.100","24.200","1","2","21.076","windows","current","baseline","0"
"etherbird","3","1","6000","62.116","76.020","96593","29.900","31.000","45.300","1","2","58.426","windows","current","baseline","0"
"etherbird","3","2","6000","62.071","78.664","96664","30.000","35.400","51.800","1","2","58.363","windows","current","baseline","0"
"etherbird","3","3","6000","62.320","76.089","96278","30.100","32.000","47.800","1","2","58.515","windows","current","baseline","0"
"etherbird","3","4","6000","62.640","78.313","95786","30.000","32.800","61.100","1","2","58.524","windows","current","baseline","0"
"etherbird","3","5","6000","62.413","76.547","96134","30.000","31.600","61.000","1","2","58.683","windows","current","baseline","0"
"etherbird","16","1","32000","311.191","326.119","102831","149.400","169.700","313.100","1","2","307.051","windows","current","baseline","0"
"etherbird","16","2","32000","310.014","311.429","103221","149.300","169.700","299.000","1","2","305.495","windows","current","baseline","0"
"etherbird","16","3","32000","310.366","326.165","103104","149.300","163.600","313.300","1","2","306.101","windows","current","baseline","0"
"etherbird","16","4","32000","306.183","311.230","104513","149.300","161.600","260.600","1","2","302.230","windows","current","baseline","0"
"etherbird","16","5","32000","310.271","324.560","103136","149.300","162.100","312.200","1","2","305.785","windows","current","baseline","0"
"etherbird","1","1","2000","24.650","31.368","81137","11.900","12.300","24.500","1","2","20.853","windows","current","baseline","1"
"etherbird","1","2","2000","24.487","31.020","81675","11.600","12.100","17.000","1","2","19.988","windows","current","baseline","1"
"etherbird","1","3","2000","23.970","30.189","83437","11.600","14.400","17.100","1","2","20.159","windows","current","baseline","1"
"etherbird","1","4","2000","24.205","31.284","82629","11.600","13.500","23.600","1","2","20.437","windows","current","baseline","1"
"etherbird","1","5","2000","23.643","31.237","84593","11.600","11.900","15.400","1","2","19.949","windows","current","baseline","1"
"etherbird","3","1","6000","60.980","78.247","98393","29.900","30.500","43.900","1","3","57.259","windows","current","baseline","1"
"etherbird","3","2","6000","63.952","78.204","93820","30.000","31.800","62.700","1","2","59.857","windows","current","baseline","1"
"etherbird","3","3","6000","62.793","76.975","95552","29.900","32.000","61.600","1","2","58.928","windows","current","baseline","1"
"etherbird","3","4","6000","63.438","77.168","94580","30.100","31.700","70.400","1","2","59.226","windows","current","baseline","1"
"etherbird","3","5","6000","63.227","77.546","94896","29.900","34.900","60.700","1","2","59.359","windows","current","baseline","1"
"etherbird","16","1","32000","307.435","312.020","104087","149.000","163.400","301.200","1","2","303.307","windows","current","baseline","1"
"etherbird","16","2","32000","314.621","325.829","101710","149.100","201.600","317.300","1","2","309.543","windows","current","baseline","1"
"etherbird","16","3","32000","303.927","310.888","105289","149.000","162.000","210.200","1","2","299.795","windows","current","baseline","1"
"etherbird","16","4","32000","306.973","314.808","104244","149.200","158.300","294.900","1","2","302.196","windows","current","baseline","1"
"etherbird","16","5","32000","311.422","327.488","102754","149.100","176.600","313.400","1","2","306.786","windows","current","baseline","1"
"supervisor","1","1","2000","15.020","31.573","133154","0.300","118.900","121.000","1","3","14.885","windows","current","baseline","0"
"supervisor","1","2","2000","15.375","30.591","130080","0.300","118.000","120.200","1","3","15.244","windows","current","baseline","0"
"supervisor","1","3","2000","15.611","31.438","128114","0.300","118.400","121.500","1","3","15.472","windows","current","baseline","0"
"supervisor","1","4","2000","15.627","30.822","127988","0.300","118.500","121.600","1","3","15.463","windows","current","baseline","0"
"supervisor","1","5","2000","14.995","30.819","133379","0.300","118.000","120.000","1","3","14.857","windows","current","baseline","0"
"supervisor","3","1","6000","44.637","61.257","134417","0.300","132.800","139.600","1","3","44.036","windows","current","baseline","0"
"supervisor","3","2","6000","45.617","61.887","131530","0.300","133.200","138.700","1","3","45.091","windows","current","baseline","0"
"supervisor","3","3","6000","45.213","47.649","132706","0.300","133.800","140.500","1","3","44.639","windows","current","baseline","0"
"supervisor","3","4","6000","44.955","61.706","133468","0.300","132.800","139.700","1","3","44.394","windows","current","baseline","0"
"supervisor","3","5","6000","44.896","61.766","133643","0.300","133.400","138.600","1","3","44.402","windows","current","baseline","0"
"supervisor","16","1","32000","241.083","251.629","132734","0.300","232.100","273.300","1","3","237.855","windows","current","baseline","0"
"supervisor","16","2","32000","241.963","247.931","132252","0.300","232.200","301.600","1","3","239.367","windows","current","baseline","0"
"supervisor","16","3","32000","242.331","249.339","132051","0.300","231.800","318.700","1","3","239.292","windows","current","baseline","0"
"supervisor","16","4","32000","243.653","247.858","131334","0.300","232.200","357.900","1","3","240.834","windows","current","baseline","0"
"supervisor","16","5","32000","241.591","249.488","132455","0.300","232.900","289.100","1","3","238.407","windows","current","baseline","0"
"supervisor","1","1","2000","14.677","31.057","136270","0.300","118.000","121.300","1","3","14.585","windows","current","baseline","1"
"supervisor","1","2","2000","15.048","30.625","132912","0.300","118.100","119.700","1","3","14.944","windows","current","baseline","1"
"supervisor","1","3","2000","15.260","30.579","131060","0.300","117.800","118.500","1","3","15.142","windows","current","baseline","1"
"supervisor","1","4","2000","14.418","30.294","138720","0.300","117.500","118.100","1","3","14.311","windows","current","baseline","1"
"supervisor","1","5","2000","14.628","31.886","136719","0.300","117.800","118.700","1","3","14.539","windows","current","baseline","1"
"supervisor","3","1","6000","43.902","60.137","136667","0.300","132.400","137.600","1","3","43.369","windows","current","baseline","1"
"supervisor","3","2","6000","44.830","61.414","133839","0.300","133.600","142.100","1","3","44.330","windows","current","baseline","1"
"supervisor","3","3","6000","45.639","62.133","131467","0.300","134.200","147.400","1","3","45.109","windows","current","baseline","1"
"supervisor","3","4","6000","44.762","47.217","134043","0.300","132.900","138.200","1","3","44.260","windows","current","baseline","1"
"supervisor","3","5","6000","45.419","61.928","132105","0.300","132.500","139.400","1","3","44.742","windows","current","baseline","1"
"supervisor","16","1","32000","242.491","247.964","131964","0.300","231.900","288.100","1","3","239.669","windows","current","baseline","1"
"supervisor","16","2","32000","237.763","247.630","134588","0.300","231.900","269.800","1","3","235.011","windows","current","baseline","1"
"supervisor","16","3","32000","253.944","261.926","126012","0.300","235.900","348.700","1","3","250.521","windows","current","baseline","1"
"supervisor","16","4","32000","238.348","248.333","134257","0.300","231.800","257.400","1","3","235.870","windows","current","baseline","1"
"supervisor","16","5","32000","241.186","250.386","132678","0.300","232.300","274.900","1","3","238.739","windows","current","baseline","1"
"manual","1","1","2000","15.536","30.885","128735","0.300","119.300","123.100","1","3","15.472","windows","current","candidate","0"
"manual","1","2","2000","15.385","30.149","129995","0.300","118.600","120.800","1","3","15.208","windows","current","candidate","0"
"manual","1","3","2000","14.838","30.772","134786","0.300","118.600","119.400","1","3","14.725","windows","current","candidate","0"
"manual","1","4","2000","14.821","16.005","134944","0.300","118.100","119.100","1","3","14.677","windows","current","candidate","0"
"manual","1","5","2000","14.913","31.188","134115","0.300","118.400","119.100","1","3","14.788","windows","current","candidate","0"
"manual","3","1","6000","45.227","61.735","132663","0.300","133.300","141.100","1","3","44.185","windows","current","candidate","0"
"manual","3","2","6000","45.771","46.988","131087","0.300","133.400","141.000","1","3","45.175","windows","current","candidate","0"
"manual","3","3","6000","44.194","46.560","135764","0.300","133.200","139.100","1","3","43.652","windows","current","candidate","0"
"manual","3","4","6000","44.996","48.295","133344","0.300","133.200","138.700","1","3","44.439","windows","current","candidate","0"
"manual","3","5","6000","45.704","61.535","131280","0.300","133.300","140.000","1","3","45.088","windows","current","candidate","0"
"manual","16","1","32000","240.015","248.508","133325","0.300","231.400","279.500","1","3","237.247","windows","current","candidate","0"
"manual","16","2","32000","250.680","264.308","127653","0.300","238.400","334.200","1","3","247.735","windows","current","candidate","0"
"manual","16","3","32000","241.994","252.989","132235","0.300","232.800","294.200","1","3","239.050","windows","current","candidate","0"
"manual","16","4","32000","241.989","248.283","132238","0.300","231.800","302.300","1","3","238.914","windows","current","candidate","0"
"manual","16","5","32000","245.608","247.676","130289","0.300","234.400","330.200","1","3","242.198","windows","current","candidate","0"
"manual","1","1","2000","15.059","31.691","132814","0.300","118.700","121.100","1","3","14.932","windows","current","candidate","1"
"manual","1","2","2000","14.982","30.976","133498","0.300","118.700","119.900","1","4","14.841","windows","current","candidate","1"
"manual","1","3","2000","14.532","30.956","137629","0.300","118.300","119.100","1","3","14.441","windows","current","candidate","1"
"manual","1","4","2000","14.983","16.060","133488","0.300","118.500","119.400","1","3","14.850","windows","current","candidate","1"
"manual","1","5","2000","16.088","29.972","124313","0.300","118.400","121.600","1","3","16.101","windows","current","candidate","1"
"manual","3","1","6000","46.100","63.001","130151","0.300","133.700","142.900","1","3","45.448","windows","current","candidate","1"
"manual","3","2","6000","45.882","60.827","130770","0.300","133.900","144.400","1","3","45.311","windows","current","candidate","1"
"manual","3","3","6000","44.721","47.614","134165","0.300","133.500","139.200","1","3","44.185","windows","current","candidate","1"
"manual","3","4","6000","45.099","61.948","133042","0.300","133.500","157.600","1","3","44.545","windows","current","candidate","1"
"manual","3","5","6000","45.221","61.931","132682","0.300","133.700","140.800","1","4","44.673","windows","current","candidate","1"
"manual","16","1","32000","237.698","249.839","134625","0.300","231.800","247.300","1","3","235.113","windows","current","candidate","1"
"manual","16","2","32000","244.928","249.859","130650","0.300","232.200","349.600","1","3","242.231","windows","current","candidate","1"
"manual","16","3","32000","242.229","251.220","132106","0.300","231.500","330.600","1","3","239.334","windows","current","candidate","1"
"manual","16","4","32000","239.412","247.604","133661","0.300","231.200","281.700","1","3","236.914","windows","current","candidate","1"
"manual","16","5","32000","243.641","248.338","131341","0.300","232.300","298.500","1","3","240.920","windows","current","candidate","1"
"etherbird","1","1","2000","24.293","31.136","82328","11.700","12.300","23.700","1","2","20.326","windows","current","candidate","0"
"etherbird","1","2","2000","23.417","31.234","85408","11.400","11.800","16.600","1","2","19.512","windows","current","candidate","0"
"etherbird","1","3","2000","23.913","31.143","83635","11.400","11.600","15.800","1","2","19.988","windows","current","candidate","0"
"etherbird","1","4","2000","24.238","31.051","82514","11.300","12.100","23.400","1","2","20.281","windows","current","candidate","0"
"etherbird","1","5","2000","23.418","30.885","85403","11.300","11.900","17.000","1","2","19.543","windows","current","candidate","0"
"etherbird","3","1","6000","58.519","61.144","102530","28.500","29.600","43.000","1","2","54.614","windows","current","candidate","0"
"etherbird","3","2","6000","61.319","77.296","97850","28.500","41.400","59.400","1","2","57.227","windows","current","candidate","0"
"etherbird","3","3","6000","58.522","62.313","102526","28.500","30.400","57.200","1","2","54.670","windows","current","candidate","0"
"etherbird","3","4","6000","59.465","61.547","100900","28.600","34.000","42.600","1","2","55.561","windows","current","candidate","0"
"etherbird","3","5","6000","61.527","76.559","97519","28.500","32.900","62.100","1","2","57.579","windows","current","candidate","0"
"etherbird","16","1","32000","289.612","294.755","110493","139.500","152.300","286.400","1","2","285.295","windows","current","candidate","0"
"etherbird","16","2","32000","286.593","296.729","111657","139.600","150.400","229.700","1","2","281.932","windows","current","candidate","0"
"etherbird","16","3","32000","286.357","294.863","111748","139.400","147.300","234.000","1","2","282.264","windows","current","candidate","0"
"etherbird","16","4","32000","291.492","298.682","109780","139.800","154.000","301.800","1","2","287.198","windows","current","candidate","0"
"etherbird","16","5","32000","287.431","294.492","111331","139.500","149.900","270.000","1","2","282.665","windows","current","candidate","0"
"etherbird","1","1","2000","31.552","45.974","63388","15.400","16.600","30.500","1","2","26.263","windows","current","candidate","1"
"etherbird","1","2","2000","25.568","30.998","78222","11.500","15.400","29.000","1","2","21.118","windows","current","candidate","1"
"etherbird","1","3","2000","23.368","30.473","85587","11.300","11.700","14.000","1","2","19.571","windows","current","candidate","1"
"etherbird","1","4","2000","26.812","32.076","74593","11.300","16.000","23.200","1","2","22.105","windows","current","candidate","1"
"etherbird","1","5","2000","23.790","30.737","84069","11.300","11.700","14.800","1","2","19.895","windows","current","candidate","1"
"etherbird","3","1","6000","59.261","61.264","101247","28.500","30.900","58.000","1","2","55.240","windows","current","candidate","1"
"etherbird","3","2","6000","60.394","76.997","99347","28.400","30.800","65.900","1","3","56.369","windows","current","candidate","1"
"etherbird","3","3","6000","60.086","63.074","99857","28.600","37.200","57.800","1","2","55.758","windows","current","candidate","1"
"etherbird","3","4","6000","60.283","62.699","99530","28.600","37.900","49.400","1","2","55.966","windows","current","candidate","1"
"etherbird","3","5","6000","61.150","76.736","98119","28.500","37.400","59.000","1","2","56.382","windows","current","candidate","1"
"etherbird","16","1","32000","290.242","295.508","110253","139.300","157.200","284.400","1","2","285.824","windows","current","candidate","1"
"etherbird","16","2","32000","292.492","297.301","109405","139.100","186.600","286.900","1","2","288.157","windows","current","candidate","1"
"etherbird","16","3","32000","293.289","296.473","109107","139.400","184.800","285.300","1","2","288.800","windows","current","candidate","1"
"etherbird","16","4","32000","286.906","295.112","111535","139.300","153.000","220.200","1","2","282.060","windows","current","candidate","1"
"etherbird","16","5","32000","293.790","308.806","108921","139.300","185.400","286.200","1","2","289.317","windows","current","candidate","1"
"supervisor","1","1","2000","16.084","31.120","124351","0.300","119.700","124.100","1","3","16.033","windows","current","candidate","0"
"supervisor","1","2","2000","16.173","30.683","123664","0.300","118.200","120.900","1","3","16.025","windows","current","candidate","0"
"supervisor","1","3","2000","15.228","31.525","131334","0.300","118.100","119.500","1","3","15.100","windows","current","candidate","0"
"supervisor","1","4","2000","14.518","16.516","137755","0.300","118.000","120.400","1","3","14.396","windows","current","candidate","0"
"supervisor","1","5","2000","14.812","30.967","135024","0.300","118.200","119.300","1","3","14.727","windows","current","candidate","0"
"supervisor","3","1","6000","44.849","47.034","133782","0.300","132.900","139.300","1","3","44.275","windows","current","candidate","0"
"supervisor","3","2","6000","45.479","60.898","131928","0.300","132.700","141.400","1","3","44.954","windows","current","candidate","0"
"supervisor","3","3","6000","45.344","61.847","132321","0.300","133.200","140.900","1","4","44.724","windows","current","candidate","0"
"supervisor","3","4","6000","45.198","61.888","132751","0.300","132.800","141.500","1","3","44.611","windows","current","candidate","0"
"supervisor","3","5","6000","44.534","46.689","134729","0.300","133.200","141.600","1","3","43.917","windows","current","candidate","0"
"supervisor","16","1","32000","240.437","246.047","133091","0.300","231.100","274.400","1","3","237.641","windows","current","candidate","0"
"supervisor","16","2","32000","240.113","247.169","133271","0.300","231.400","275.000","1","3","237.061","windows","current","candidate","0"
"supervisor","16","3","32000","238.268","246.407","134303","0.300","231.400","268.300","1","3","235.562","windows","current","candidate","0"
"supervisor","16","4","32000","242.467","249.013","131977","0.300","232.200","315.000","1","3","239.465","windows","current","candidate","0"
"supervisor","16","5","32000","256.063","262.392","124969","0.300","232.300","329.400","1","3","252.072","windows","current","candidate","0"
"supervisor","1","1","2000","15.189","31.125","131679","0.300","119.400","121.600","1","3","15.062","windows","current","candidate","1"
"supervisor","1","2","2000","15.210","31.576","131489","0.300","118.300","119.200","1","3","15.096","windows","current","candidate","1"
"supervisor","1","3","2000","15.021","31.774","133143","0.300","118.200","119.100","1","3","14.906","windows","current","candidate","1"
"supervisor","1","4","2000","15.422","30.326","129682","0.300","118.400","119.800","1","3","15.273","windows","current","candidate","1"
"supervisor","1","5","2000","15.060","30.298","132802","0.300","118.300","119.400","1","3","14.908","windows","current","candidate","1"
"supervisor","3","1","6000","44.103","47.107","136045","0.300","133.200","138.300","1","3","43.492","windows","current","candidate","1"
"supervisor","3","2","6000","46.109","62.862","130125","0.300","133.300","144.300","1","3","45.501","windows","current","candidate","1"
"supervisor","3","3","6000","44.899","46.722","133634","0.300","133.500","141.500","1","3","44.332","windows","current","candidate","1"
"supervisor","3","4","6000","45.063","47.658","133145","0.300","133.400","138.700","1","3","44.527","windows","current","candidate","1"
"supervisor","3","5","6000","44.630","46.802","134438","0.300","133.300","141.000","1","3","44.034","windows","current","candidate","1"
"supervisor","16","1","32000","239.466","249.992","133631","0.300","232.600","282.900","1","3","236.645","windows","current","candidate","1"
"supervisor","16","2","32000","242.105","248.063","132174","0.300","231.900","316.400","1","3","239.188","windows","current","candidate","1"
"supervisor","16","3","32000","237.602","249.292","134679","0.300","232.100","247.100","1","3","235.038","windows","current","candidate","1"
"supervisor","16","4","32000","237.912","247.241","134504","0.300","232.100","263.900","1","3","235.357","windows","current","candidate","1"
"supervisor","16","5","32000","242.024","249.594","132219","0.300","232.400","308.100","1","3","239.530","windows","current","candidate","1"
"manual","1","1","2000","15.894","31.616","125831","8.600","15.500","21.800","16","3231","20.264","windows","default","baseline","0"
"manual","1","2","2000","15.187","30.290","131693","7.600","11.900","16.200","16","3300","19.617","windows","default","baseline","0"
"manual","1","3","2000","15.283","32.024","130865","8.500","13.200","19.200","16","3504","19.464","windows","default","baseline","0"
"manual","1","4","2000","14.751","31.074","135582","8.500","13.100","20.900","16","3378","18.860","windows","default","baseline","0"
"manual","1","5","2000","14.422","30.602","138674","8.500","11.500","18.700","16","3103","18.813","windows","default","baseline","0"
"manual","3","1","6000","44.211","46.499","135713","21.700","27.300","41.600","16","9329","57.349","windows","default","baseline","0"
"manual","3","2","6000","45.050","46.901","133187","22.200","28.000","37.700","16","10185","57.814","windows","default","baseline","0"
"manual","3","3","6000","43.924","47.272","136601","21.600","29.200","35.800","16","10190","56.991","windows","default","baseline","0"
"manual","3","4","6000","44.357","60.976","135265","21.800","26.000","35.200","16","10022","56.330","windows","default","baseline","0"
"manual","3","5","6000","44.789","46.956","133961","21.500","26.200","44.800","16","10377","57.090","windows","default","baseline","0"
"manual","16","1","32000","234.101","235.658","136693","113.300","128.300","255.900","16","52756","298.833","windows","default","baseline","0"
"manual","16","2","32000","234.011","248.774","136746","113.500","125.400","264.500","16","54131","299.635","windows","default","baseline","0"
"manual","16","3","32000","237.295","249.574","134853","117.300","127.400","191.800","16","54425","304.119","windows","default","baseline","0"
"manual","16","4","32000","238.350","248.137","134256","116.000","128.400","264.600","16","53810","305.404","windows","default","baseline","0"
"manual","16","5","32000","240.762","249.571","132911","118.000","127.200","264.900","16","54903","306.150","windows","default","baseline","0"
"manual","1","1","2000","16.101","30.313","124218","7.900","13.900","19.100","16","3551","20.414","windows","default","baseline","1"
"manual","1","2","2000","15.486","31.083","129145","8.700","11.600","17.500","16","3395","19.829","windows","default","baseline","1"
"manual","1","3","2000","15.492","31.936","129098","7.900","11.300","18.500","16","3335","19.829","windows","default","baseline","1"
"manual","1","4","2000","15.675","31.402","127596","7.900","13.900","19.700","16","3338","19.767","windows","default","baseline","1"
"manual","1","5","2000","15.744","30.830","127029","8.800","15.500","19.800","16","3234","19.926","windows","default","baseline","1"
"manual","3","1","6000","44.963","61.353","133444","21.500","26.000","34.900","16","10562","57.287","windows","default","baseline","1"
"manual","3","2","6000","46.856","62.272","128051","21.700","27.000","54.500","16","10513","59.279","windows","default","baseline","1"
"manual","3","3","6000","46.329","62.185","129509","22.500","26.700","35.800","16","10565","58.864","windows","default","baseline","1"
"manual","3","4","6000","45.513","61.476","131830","21.500","25.800","36.800","16","10563","57.838","windows","default","baseline","1"
"manual","3","5","6000","47.117","62.763","127342","22.400","27.500","50.700","16","10429","59.532","windows","default","baseline","1"
"manual","16","1","32000","238.777","251.923","134016","116.700","127.600","213.600","16","52269","306.490","windows","default","baseline","1"
"manual","16","2","32000","240.204","251.028","133220","118.200","129.100","213.400","16","53625","307.951","windows","default","baseline","1"
"manual","16","3","32000","233.419","250.054","137093","114.600","123.800","193.700","16","54419","300.130","windows","default","baseline","1"
"manual","16","4","32000","242.648","250.336","131878","117.600","129.000","366.800","16","55730","308.422","windows","default","baseline","1"
"manual","16","5","32000","242.371","249.554","132029","116.700","132.100","364.200","16","55361","308.115","windows","default","baseline","1"
"etherbird","1","1","2000","12.937","15.029","154598","3.000","12.500","110.300","16","4818","24.397","windows","default","baseline","0"
"etherbird","1","2","2000","13.071","15.998","153010","3.100","12.500","109.400","16","4807","24.929","windows","default","baseline","0"
"etherbird","1","3","2000","13.468","15.532","148505","3.200","12.700","34.900","16","4866","25.376","windows","default","baseline","0"
"etherbird","1","4","2000","13.277","15.486","150639","3.100","13.400","107.100","16","4839","25.049","windows","default","baseline","0"
"etherbird","1","5","2000","13.981","16.498","143047","3.100","14.400","110.500","16","4968","26.235","windows","default","baseline","0"
"etherbird","3","1","6000","39.957","47.059","150161","9.100","116.600","127.200","16","12407","73.640","windows","default","baseline","0"
"etherbird","3","2","6000","39.767","46.713","150880","9.100","116.000","124.200","16","12510","73.145","windows","default","baseline","0"
"etherbird","3","3","6000","39.832","46.533","150634","9.000","116.600","127.000","16","12704","72.930","windows","default","baseline","0"
"etherbird","3","4","6000","39.239","46.803","152910","8.800","116.200","124.900","16","12837","72.193","windows","default","baseline","0"
"etherbird","3","5","6000","39.263","46.843","152815","8.900","116.300","125.400","16","12589","72.059","windows","default","baseline","0"
"etherbird","16","1","32000","210.042","218.064","152350","62.300","172.900","240.700","16","66099","392.765","windows","default","baseline","0"
"etherbird","16","2","32000","208.883","216.066","153196","60.900","172.400","264.600","16","68213","393.436","windows","default","baseline","0"
"etherbird","16","3","32000","210.844","217.426","151771","64.300","176.200","282.300","16","66429","397.112","windows","default","baseline","0"
"etherbird","16","4","32000","207.884","207.885","153932","62.300","173.400","250.000","16","66331","394.369","windows","default","baseline","0"
"etherbird","16","5","32000","206.709","206.710","154807","64.300","173.300","219.200","16","66004","392.894","windows","default","baseline","0"
"etherbird","1","1","2000","13.842","29.954","144490","3.300","14.200","26.300","16","4877","26.219","windows","default","baseline","1"
"etherbird","1","2","2000","14.521","30.549","137727","3.500","15.900","29.200","16","4878","27.038","windows","default","baseline","1"
"etherbird","1","3","2000","13.604","30.649","147020","3.300","13.600","26.600","16","4807","25.773","windows","default","baseline","1"
"etherbird","1","4","2000","14.201","30.707","140835","3.400","14.300","30.200","16","5044","26.385","windows","default","baseline","1"
"etherbird","1","5","2000","14.657","30.304","136455","3.300","16.900","44.900","16","4924","27.087","windows","default","baseline","1"
"etherbird","3","1","6000","38.781","46.395","154716","9.100","113.300","125.400","16","12391","73.421","windows","default","baseline","1"
"etherbird","3","2","6000","38.503","47.117","155831","8.900","112.800","123.000","16","12830","72.572","windows","default","baseline","1"
"etherbird","3","3","6000","38.618","46.390","155369","9.100","112.000","123.800","16","12611","72.831","windows","default","baseline","1"
"etherbird","3","4","6000","38.210","46.656","157026","9.000","112.400","122.400","16","12682","72.572","windows","default","baseline","1"
"etherbird","3","5","6000","38.526","47.173","155737","9.300","112.900","123.600","16","12141","74.258","windows","default","baseline","1"
"etherbird","16","1","32000","203.936","203.937","156912","64.100","171.500","224.300","16","66900","390.907","windows","default","baseline","1"
"etherbird","16","2","32000","204.171","204.171","156732","63.500","171.500","218.700","16","66587","389.113","windows","default","baseline","1"
"etherbird","16","3","32000","210.803","218.521","151801","69.900","180.200","258.100","16","64476","403.649","windows","default","baseline","1"
"etherbird","16","4","32000","205.621","205.622","155626","65.800","172.900","230.100","16","66825","392.715","windows","default","baseline","1"
"etherbird","16","5","32000","206.280","217.768","155129","64.000","173.600","235.900","16","67249","392.368","windows","default","baseline","1"
"supervisor","1","1","2000","15.649","30.560","127806","7.600","11.500","16.000","16","3327","20.142","windows","default","baseline","0"
"supervisor","1","2","2000","15.176","31.494","131785","7.600","10.600","15.100","16","3256","19.405","windows","default","baseline","0"
"supervisor","1","3","2000","15.508","31.461","128967","7.700","10.800","16.800","16","3617","19.972","windows","default","baseline","0"
"supervisor","1","4","2000","15.402","30.739","129854","8.500","11.100","15.800","16","3582","19.616","windows","default","baseline","0"
"supervisor","1","5","2000","15.156","31.046","131957","8.000","12.000","18.500","16","3347","19.289","windows","default","baseline","0"
"supervisor","3","1","6000","45.432","49.117","132065","22.400","27.200","42.400","16","10256","57.603","windows","default","baseline","0"
"supervisor","3","2","6000","45.482","47.018","131921","21.700","26.700","46.200","16","9959","58.413","windows","default","baseline","0"
"supervisor","3","3","6000","45.334","60.797","132351","21.700","26.200","36.600","16","10661","57.565","windows","default","baseline","0"
"supervisor","3","4","6000","43.864","46.551","136788","21.600","26.900","34.800","16","10132","56.631","windows","default","baseline","0"
"supervisor","3","5","6000","45.326","60.117","132374","21.900","27.300","41.800","16","10054","57.682","windows","default","baseline","0"
"supervisor","16","1","32000","234.227","248.466","136620","113.300","125.200","264.900","16","54715","299.502","windows","default","baseline","0"
"supervisor","16","2","32000","239.961","246.480","133355","117.100","132.300","257.900","16","54240","306.556","windows","default","baseline","0"
"supervisor","16","3","32000","236.579","249.877","135262","114.200","125.800","267.800","16","54845","302.812","windows","default","baseline","0"
"supervisor","16","4","32000","235.787","249.140","135716","114.200","130.300","237.200","16","55085","300.634","windows","default","baseline","0"
"supervisor","16","5","32000","235.357","251.858","135964","114.100","125.300","245.700","16","54914","302.189","windows","default","baseline","0"
"supervisor","1","1","2000","15.592","30.365","128268","8.600","12.700","19.300","16","3514","19.770","windows","default","baseline","1"
"supervisor","1","2","2000","14.886","31.546","134350","8.400","10.800","16.700","16","3411","19.165","windows","default","baseline","1"
"supervisor","1","3","2000","15.040","31.455","132980","7.700","12.000","16.900","16","3590","19.415","windows","default","baseline","1"
"supervisor","1","4","2000","14.749","31.528","135600","8.400","11.900","16.400","16","3394","18.782","windows","default","baseline","1"
"supervisor","1","5","2000","15.305","31.176","130675","8.800","12.000","15.700","16","3402","19.564","windows","default","baseline","1"
"supervisor","3","1","6000","43.184","46.280","138942","21.500","26.800","32.800","16","10542","55.467","windows","default","baseline","1"
"supervisor","3","2","6000","44.942","47.054","133505","21.400","26.200","36.700","16","9911","57.452","windows","default","baseline","1"
"supervisor","3","3","6000","44.424","47.723","135062","22.000","26.300","47.700","16","9873","57.075","windows","default","baseline","1"
"supervisor","3","4","6000","43.256","46.560","138711","21.500","27.000","33.100","16","10337","55.721","windows","default","baseline","1"
"supervisor","3","5","6000","43.504","46.976","137919","21.500","26.900","34.000","16","10534","55.857","windows","default","baseline","1"
"supervisor","16","1","32000","236.796","248.165","135137","113.700","156.400","245.100","16","50193","306.362","windows","default","baseline","1"
"supervisor","16","2","32000","233.942","249.932","136786","114.200","125.200","225.500","16","54669","298.687","windows","default","baseline","1"
"supervisor","16","3","32000","248.964","262.050","128533","113.600","190.700","315.900","16","49224","321.047","windows","default","baseline","1"
"supervisor","16","4","32000","232.537","248.664","137612","113.300","126.000","229.300","16","53893","298.868","windows","default","baseline","1"
"supervisor","16","5","32000","234.418","246.512","136508","112.900","128.300","285.900","16","53556","300.393","windows","default","baseline","1"
"manual","1","1","2000","14.946","30.911","133818","7.200","10.700","15.900","16","3257","19.632","windows","default","candidate","0"
"manual","1","2","2000","15.506","30.743","128983","7.300","10.700","16.400","16","3489","19.543","windows","default","candidate","0"
"manual","1","3","2000","14.363","31.442","139243","8.500","10.800","15.800","16","3269","18.643","windows","default","candidate","0"
"manual","1","4","2000","14.797","31.575","135164","8.700","11.600","16.400","16","3351","19.175","windows","default","candidate","0"
"manual","1","5","2000","14.695","30.879","136097","7.700","11.900","15.400","16","3533","19.143","windows","default","candidate","0"
"manual","3","1","6000","44.031","46.590","136267","21.700","26.400","42.100","16","10227","57.060","windows","default","candidate","0"
"manual","3","2","6000","42.871","46.600","139956","21.500","25.600","30.900","16","10297","55.196","windows","default","candidate","0"
"manual","3","3","6000","43.868","47.107","136774","21.600","26.000","33.200","16","10231","56.249","windows","default","candidate","0"
"manual","3","4","6000","44.966","61.817","133434","21.500","25.800","34.100","16","10536","57.235","windows","default","candidate","0"
"manual","3","5","6000","45.677","61.968","131357","21.700","27.000","50.100","16","10466","57.660","windows","default","candidate","0"
"manual","16","1","32000","233.720","247.612","136916","113.900","126.900","217.800","16","54276","300.145","windows","default","candidate","0"
"manual","16","2","32000","235.918","247.688","135640","113.300","126.700","297.300","16","55099","302.423","windows","default","candidate","0"
"manual","16","3","32000","242.964","249.207","131707","115.700","155.600","295.600","16","54704","310.987","windows","default","candidate","0"
"manual","16","4","32000","237.684","246.663","134632","113.900","133.900","302.400","16","52430","304.864","windows","default","candidate","0"
"manual","16","5","32000","237.751","248.950","134594","114.000","128.400","344.800","16","54109","304.276","windows","default","candidate","0"
"manual","1","1","2000","15.032","30.829","133047","8.500","12.700","16.600","16","3514","19.292","windows","default","candidate","1"
"manual","1","2","2000","14.480","31.446","138125","8.500","11.700","16.200","16","3424","18.911","windows","default","candidate","1"
"manual","1","3","2000","15.297","31.742","130748","8.200","11.400","17.200","16","3515","19.349","windows","default","candidate","1"
"manual","1","4","2000","15.142","29.863","132083","8.500","11.700","20.800","16","3498","19.360","windows","default","candidate","1"
"manual","1","5","2000","14.638","29.905","136632","8.600","13.200","17.500","16","3401","19.019","windows","default","candidate","1"
"manual","3","1","6000","44.193","47.014","135767","21.700","27.400","34.700","16","10404","56.993","windows","default","candidate","1"
"manual","3","2","6000","44.592","47.505","134552","21.700","30.400","35.800","16","10137","57.581","windows","default","candidate","1"
"manual","3","3","6000","44.394","46.563","135155","21.600","26.400","39.100","16","10342","57.032","windows","default","candidate","1"
"manual","3","4","6000","43.676","47.119","137376","21.600","28.600","33.800","16","9844","56.536","windows","default","candidate","1"
"manual","3","5","6000","45.076","61.181","133108","21.900","27.300","41.200","16","10127","57.737","windows","default","candidate","1"
"manual","16","1","32000","239.033","247.528","133873","114.600","127.900","339.600","16","54819","305.820","windows","default","candidate","1"
"manual","16","2","32000","236.578","247.071","135262","115.000","127.800","249.200","16","54644","302.125","windows","default","candidate","1"
"manual","16","3","32000","238.504","249.279","134169","114.900","127.100","327.600","16","54686","304.411","windows","default","candidate","1"
"manual","16","4","32000","237.584","251.834","134689","116.600","126.500","232.900","16","54426","303.863","windows","default","candidate","1"
"manual","16","5","32000","231.491","248.932","138234","113.600","125.200","203.600","16","53663","297.139","windows","default","candidate","1"
"etherbird","1","1","2000","13.365","29.958","149648","3.000","14.000","108.700","16","5291","24.943","windows","default","candidate","0"
"etherbird","1","2","2000","13.820","30.314","144715","3.000","14.700","90.300","16","5604","25.348","windows","default","candidate","0"
"etherbird","1","3","2000","14.477","30.791","138148","3.200","15.200","30.000","16","5454","26.298","windows","default","candidate","0"
"etherbird","1","4","2000","13.559","15.328","147502","3.200","15.600","28.200","16","5226","25.408","windows","default","candidate","0"
"etherbird","1","5","2000","13.433","15.044","148886","3.300","14.900","26.100","16","5198","25.407","windows","default","candidate","0"
"etherbird","3","1","6000","41.363","46.114","145059","6.100","114.400","123.200","16","11648","67.504","windows","default","candidate","0"
"etherbird","3","2","6000","41.190","47.651","145667","6.200","114.400","123.700","16","11572","67.559","windows","default","candidate","0"
"etherbird","3","3","6000","40.209","46.919","149219","6.000","114.700","121.300","16","11415","65.596","windows","default","candidate","0"
"etherbird","3","4","6000","41.638","41.638","144101","6.500","114.300","124.400","16","11418","69.217","windows","default","candidate","0"
"etherbird","3","5","6000","40.714","52.228","147369","6.600","115.500","124.800","16","11229","68.820","windows","default","candidate","0"
"etherbird","16","1","32000","239.686","239.687","133508","142.000","165.500","208.700","16","55338","357.822","windows","default","candidate","0"
"etherbird","16","2","32000","237.272","237.273","134866","140.500","164.600","215.900","16","56219","352.571","windows","default","candidate","0"
"etherbird","16","3","32000","238.198","238.199","134342","140.800","165.900","225.600","16","56479","352.822","windows","default","candidate","0"
"etherbird","16","4","32000","236.682","236.683","135202","140.600","163.600","214.300","16","56599","352.336","windows","default","candidate","0"
"etherbird","16","5","32000","236.788","236.789","135142","140.600","164.800","205.600","16","56500","352.534","windows","default","candidate","0"
"etherbird","1","1","2000","13.477","15.932","148397","3.100","13.900","34.100","16","5219","25.143","windows","default","candidate","1"
"etherbird","1","2","2000","13.449","30.095","148714","3.200","14.000","32.900","16","5248","25.009","windows","default","candidate","1"
"etherbird","1","3","2000","14.444","16.071","138463","3.300","15.100","35.300","16","5531","26.693","windows","default","candidate","1"
"etherbird","1","4","2000","13.243","15.348","151029","3.100","13.100","106.800","16","5551","24.904","windows","default","candidate","1"
"etherbird","1","5","2000","12.845","14.974","155704","3.100","12.500","20.700","16","5582","24.189","windows","default","candidate","1"
"etherbird","3","1","6000","40.040","45.960","149849","6.600","112.500","119.800","16","10994","66.262","windows","default","candidate","1"
"etherbird","3","2","6000","40.460","46.526","148296","6.600","112.500","122.800","16","11707","67.772","windows","default","candidate","1"
"etherbird","3","3","6000","40.986","47.515","146391","6.600","112.300","120.700","16","11924","68.734","windows","default","candidate","1"
"etherbird","3","4","6000","41.609","46.202","144201","6.500","112.200","126.800","16","11806","68.677","windows","default","candidate","1"
"etherbird","3","5","6000","40.291","46.745","148918","6.400","111.700","119.100","16","12115","66.838","windows","default","candidate","1"
"etherbird","16","1","32000","239.735","249.159","133481","140.300","168.300","250.500","16","57245","358.574","windows","default","candidate","1"
"etherbird","16","2","32000","239.967","239.968","133352","140.200","167.200","278.200","16","57345","358.755","windows","default","candidate","1"
"etherbird","16","3","32000","243.201","254.585","131578","140.400","172.000","318.100","16","57222","362.944","windows","default","candidate","1"
"etherbird","16","4","32000","241.842","250.812","132318","140.700","167.200","331.500","16","57794","359.311","windows","default","candidate","1"
"etherbird","16","5","32000","240.666","248.816","132965","140.500","164.800","314.000","16","57434","359.681","windows","default","candidate","1"
"supervisor","1","1","2000","15.314","30.346","130600","8.500","12.200","17.600","16","3464","19.496","windows","default","candidate","0"
"supervisor","1","2","2000","15.556","30.966","128570","8.200","12.800","18.600","16","3335","19.611","windows","default","candidate","0"
"supervisor","1","3","2000","15.097","30.662","132478","7.800","12.400","16.500","16","3321","20.116","windows","default","candidate","0"
"supervisor","1","4","2000","15.362","30.176","130191","7.800","10.500","16.000","16","3451","19.688","windows","default","candidate","0"
"supervisor","1","5","2000","15.166","31.117","131874","8.300","11.800","16.100","16","3533","19.760","windows","default","candidate","0"
"supervisor","3","1","6000","45.657","61.574","131414","21.900","26.200","34.500","16","10475","57.470","windows","default","candidate","0"
"supervisor","3","2","6000","46.258","62.480","129706","22.600","26.700","43.000","16","10402","58.244","windows","default","candidate","0"
"supervisor","3","3","6000","43.481","47.479","137993","21.500","26.500","35.300","16","10423","55.918","windows","default","candidate","0"
"supervisor","3","4","6000","43.480","47.254","137996","21.500","26.500","38.500","16","10128","55.734","windows","default","candidate","0"
"supervisor","3","5","6000","45.953","61.286","130567","21.700","27.200","49.900","16","10033","58.278","windows","default","candidate","0"
"supervisor","16","1","32000","248.041","263.711","129011","116.600","174.400","278.400","16","51812","318.667","windows","default","candidate","0"
"supervisor","16","2","32000","239.723","249.533","133487","114.400","128.400","309.100","16","54428","306.662","windows","default","candidate","0"
"supervisor","16","3","32000","243.589","248.527","131369","112.500","181.200","333.200","16","48902","315.480","windows","default","candidate","0"
"supervisor","16","4","32000","234.595","248.062","136405","113.400","124.200","251.800","16","54751","299.598","windows","default","candidate","0"
"supervisor","16","5","32000","236.778","248.548","135148","116.700","127.200","200.100","16","54477","303.469","windows","default","candidate","0"
"supervisor","1","1","2000","14.773","30.901","135386","8.600","13.200","17.200","16","3346","19.169","windows","default","candidate","1"
"supervisor","1","2","2000","15.732","31.622","127130","8.500","14.200","21.100","16","3279","20.015","windows","default","candidate","1"
"supervisor","1","3","2000","14.473","30.351","138193","8.400","14.800","20.100","16","2931","18.755","windows","default","candidate","1"
"supervisor","1","4","2000","15.002","31.387","133312","8.500","11.500","15.500","16","3598","19.066","windows","default","candidate","1"
"supervisor","1","5","2000","14.769","30.774","135418","8.700","11.600","16.300","16","3322","19.226","windows","default","candidate","1"
"supervisor","3","1","6000","46.267","61.062","129681","22.200","27.100","47.200","16","10571","58.901","windows","default","candidate","1"
"supervisor","3","2","6000","46.970","62.547","127740","22.700","27.700","55.800","16","10537","59.763","windows","default","candidate","1"
"supervisor","3","3","6000","46.526","62.054","128959","21.700","26.300","53.000","16","10527","58.995","windows","default","candidate","1"
"supervisor","3","4","6000","46.368","61.059","129399","22.400","27.700","39.000","16","10527","58.422","windows","default","candidate","1"
"supervisor","3","5","6000","46.308","62.197","129568","21.600","27.000","51.100","16","10366","58.806","windows","default","candidate","1"
"supervisor","16","1","32000","239.708","250.666","133496","116.700","128.000","255.100","16","54042","305.591","windows","default","candidate","1"
"supervisor","16","2","32000","238.898","247.301","133949","114.500","125.100","365.900","16","54360","305.319","windows","default","candidate","1"
"supervisor","16","3","32000","243.908","249.447","131197","117.700","130.500","299.900","16","55002","310.796","windows","default","candidate","1"
"supervisor","16","4","32000","240.799","250.337","132891","116.700","128.300","281.200","16","53967","307.171","windows","default","candidate","1"
"supervisor","16","5","32000","240.446","245.827","133086","116.500","126.800","291.300","16","54796","306.341","windows","default","candidate","1"
"manual","1","1","2000","16.147","31.200","123860","8.500","12.500","17.300","2","3413","20.603","windows","two","baseline","0"
"manual","1","2","2000","15.064","31.166","132768","8.400","11.300","16.900","2","3543","19.196","windows","two","baseline","0"
"manual","1","3","2000","15.536","31.426","128731","7.900","12.200","17.800","2","3316","19.518","windows","two","baseline","0"
"manual","1","4","2000","15.382","31.412","130020","8.600","11.500","16.700","2","3537","19.503","windows","two","baseline","0"
"manual","1","5","2000","14.907","31.702","134163","8.600","11.100","14.600","2","3665","18.834","windows","two","baseline","0"
"manual","3","1","6000","44.690","46.638","134259","21.600","27.800","43.300","2","10178","57.040","windows","two","baseline","0"
"manual","3","2","6000","45.283","61.389","132500","21.600","26.200","44.700","2","10152","57.865","windows","two","baseline","0"
"manual","3","3","6000","46.796","63.109","128216","22.600","27.700","43.800","2","10801","58.616","windows","two","baseline","0"
"manual","3","4","6000","45.622","61.841","131516","22.000","27.300","42.700","2","9919","57.986","windows","two","baseline","0"
"manual","3","5","6000","46.145","62.551","130024","21.900","26.900","45.800","2","10253","59.141","windows","two","baseline","0"
"manual","16","1","32000","241.439","250.837","132539","117.300","128.100","271.900","2","55182","307.010","windows","two","baseline","0"
"manual","16","2","32000","240.938","247.929","132814","115.500","127.600","384.800","2","54768","305.227","windows","two","baseline","0"
"manual","16","3","32000","242.413","248.145","132006","116.600","130.200","325.200","2","55195","307.797","windows","two","baseline","0"
"manual","16","4","32000","240.822","252.279","132878","117.100","128.000","274.900","2","55341","305.543","windows","two","baseline","0"
"manual","16","5","32000","240.467","248.212","133075","116.800","135.900","245.800","2","53599","306.577","windows","two","baseline","0"
"manual","1","1","2000","16.324","30.257","122517","8.500","11.600","18.000","2","3547","20.552","windows","two","baseline","1"
"manual","1","2","2000","14.788","31.037","135242","8.700","11.600","16.600","2","3370","19.098","windows","two","baseline","1"
"manual","1","3","2000","14.935","30.618","133915","8.500","11.600","14.900","2","3529","19.316","windows","two","baseline","1"
"manual","1","4","2000","15.398","31.340","129890","8.200","11.900","17.700","2","3048","19.636","windows","two","baseline","1"
"manual","1","5","2000","15.650","30.886","127796","8.300","13.200","20.300","2","3551","19.727","windows","two","baseline","1"
"manual","3","1","6000","45.454","46.679","132002","21.500","26.500","46.700","2","10595","57.512","windows","two","baseline","1"
"manual","3","2","6000","45.736","46.908","131186","21.500","26.400","42.700","2","10220","57.927","windows","two","baseline","1"
"manual","3","3","6000","46.635","61.793","128660","21.600","26.600","56.300","2","10512","58.925","windows","two","baseline","1"
"manual","3","4","6000","44.412","61.595","135099","21.600","26.100","37.000","2","10500","56.726","windows","two","baseline","1"
"manual","3","5","6000","47.980","61.176","125051","23.000","28.000","52.400","2","10292","60.773","windows","two","baseline","1"
"manual","16","1","32000","242.229","250.044","132107","117.500","130.800","263.500","2","55274","308.484","windows","two","baseline","1"
"manual","16","2","32000","239.321","250.590","133712","116.800","129.100","256.200","2","53813","306.830","windows","two","baseline","1"
"manual","16","3","32000","241.738","249.944","132375","117.600","128.700","256.900","2","54894","308.035","windows","two","baseline","1"
"manual","16","4","32000","242.245","247.521","132098","119.800","128.800","245.600","2","55462","308.130","windows","two","baseline","1"
"manual","16","5","32000","242.172","250.621","132138","116.900","130.500","296.800","2","54352","308.919","windows","two","baseline","1"
"etherbird","1","1","2000","17.361","31.298","115199","8.800","13.800","27.900","2","2642","25.760","windows","two","baseline","0"
"etherbird","1","2","2000","16.848","30.929","118711","8.800","13.900","24.700","2","2615","25.139","windows","two","baseline","0"
"etherbird","1","3","2000","15.141","30.423","132089","8.600","12.600","19.800","2","2405","23.035","windows","two","baseline","0"
"etherbird","1","4","2000","16.282","30.742","122839","7.400","14.500","23.600","2","2338","24.396","windows","two","baseline","0"
"etherbird","1","5","2000","16.289","31.447","122778","8.400","14.300","26.000","2","2430","24.834","windows","two","baseline","0"
"etherbird","3","1","6000","38.674","45.363","155141","7.400","111.800","124.300","2","5478","63.544","windows","two","baseline","0"
"etherbird","3","2","6000","40.205","45.791","149234","7.600","112.400","135.500","2","4958","65.158","windows","two","baseline","0"
"etherbird","3","3","6000","39.739","47.285","150984","7.500","112.300","128.900","2","4333","65.202","windows","two","baseline","0"
"etherbird","3","4","6000","40.589","46.452","147824","7.600","112.200","131.900","2","5311","66.182","windows","two","baseline","0"
"etherbird","3","5","6000","40.519","40.519","148080","7.600","112.400","135.900","2","5273","65.819","windows","two","baseline","0"
"etherbird","16","1","32000","204.278","204.279","156649","80.800","169.200","301.000","2","24842","341.526","windows","two","baseline","0"
"etherbird","16","2","32000","206.496","220.066","154967","82.600","170.200","315.700","2","26007","342.658","windows","two","baseline","0"
"etherbird","16","3","32000","206.506","206.507","154959","88.200","171.700","306.200","2","25299","343.146","windows","two","baseline","0"
"etherbird","16","4","32000","205.409","208.528","155786","73.200","172.200","294.200","2","26285","342.309","windows","two","baseline","0"
"etherbird","16","5","32000","206.911","218.452","154656","79.100","170.500","318.400","2","26343","342.988","windows","two","baseline","0"
"etherbird","1","1","2000","14.537","31.148","137582","3.600","15.100","25.000","2","1752","23.559","windows","two","baseline","1"
"etherbird","1","2","2000","16.191","30.965","123525","8.700","15.800","26.500","2","2202","24.450","windows","two","baseline","1"
"etherbird","1","3","2000","14.694","31.281","136115","5.100","14.000","20.800","2","2037","23.015","windows","two","baseline","1"
"etherbird","1","4","2000","14.833","31.626","134837","8.400","14.900","21.000","2","2077","23.158","windows","two","baseline","1"
"etherbird","1","5","2000","17.959","31.587","111363","8.500","19.600","33.800","2","2330","26.132","windows","two","baseline","1"
"etherbird","3","1","6000","39.305","39.306","152652","7.500","116.200","130.400","2","4866","64.536","windows","two","baseline","1"
"etherbird","3","2","6000","40.961","55.594","146480","7.400","115.600","133.700","2","4806","66.726","windows","two","baseline","1"
"etherbird","3","3","6000","39.852","39.852","150558","7.400","114.800","129.900","2","4789","65.151","windows","two","baseline","1"
"etherbird","3","4","6000","44.460","53.510","134953","7.700","122.000","167.100","2","5367","71.807","windows","two","baseline","1"
"etherbird","3","5","6000","42.396","42.397","141523","7.400","115.800","164.100","2","5197","67.820","windows","two","baseline","1"
"etherbird","16","1","32000","216.972","221.422","147485","97.400","201.400","325.500","2","21751","355.322","windows","two","baseline","1"
"etherbird","16","2","32000","215.321","215.322","148615","82.200","200.200","323.300","2","25062","351.556","windows","two","baseline","1"
"etherbird","16","3","32000","210.999","210.999","151660","80.900","174.800","352.600","2","24687","346.863","windows","two","baseline","1"
"etherbird","16","4","32000","210.794","226.636","151807","76.700","175.000","329.000","2","25084","345.771","windows","two","baseline","1"
"etherbird","16","5","32000","210.910","210.911","151723","78.800","175.100","336.800","2","24088","347.672","windows","two","baseline","1"
"supervisor","1","1","2000","15.757","30.567","126928","7.600","10.700","15.100","2","3597","20.027","windows","two","baseline","0"
"supervisor","1","2","2000","15.326","30.888","130495","8.600","10.900","16.000","2","3319","19.324","windows","two","baseline","0"
"supervisor","1","3","2000","14.930","31.298","133958","8.600","12.700","17.600","2","3344","19.182","windows","two","baseline","0"
"supervisor","1","4","2000","15.008","31.679","133264","8.600","10.900","15.700","2","3570","19.210","windows","two","baseline","0"
"supervisor","1","5","2000","15.276","30.996","130923","7.700","12.000","16.800","2","3472","19.567","windows","two","baseline","0"
"supervisor","3","1","6000","45.974","61.976","130510","21.600","26.200","44.900","2","10472","58.429","windows","two","baseline","0"
"supervisor","3","2","6000","45.832","62.603","130912","21.800","27.000","49.600","2","10196","58.216","windows","two","baseline","0"
"supervisor","3","3","6000","44.999","46.628","133335","21.700","26.400","35.700","2","10332","57.838","windows","two","baseline","0"
"supervisor","3","4","6000","45.872","61.847","130798","21.900","26.500","49.300","2","10331","58.399","windows","two","baseline","0"
"supervisor","3","5","6000","45.117","61.230","132987","21.600","26.800","50.300","2","10371","56.864","windows","two","baseline","0"
"supervisor","16","1","32000","243.383","260.154","131480","116.500","134.000","343.500","2","54094","310.993","windows","two","baseline","0"
"supervisor","16","2","32000","237.251","247.824","134878","114.700","124.800","293.800","2","54506","302.364","windows","two","baseline","0"
"supervisor","16","3","32000","237.204","248.264","134905","114.300","142.400","254.500","2","52734","303.691","windows","two","baseline","0"
"supervisor","16","4","32000","237.307","246.693","134846","115.100","131.500","213.900","2","54572","302.905","windows","two","baseline","0"
"supervisor","16","5","32000","241.990","247.437","132237","119.300","130.200","209.200","2","54393","308.787","windows","two","baseline","0"
"supervisor","1","1","2000","15.341","31.553","130370","8.600","11.500","16.900","2","3448","19.595","windows","two","baseline","1"
"supervisor","1","2","2000","15.826","30.086","126374","8.500","13.100","21.200","2","3522","20.117","windows","two","baseline","1"
"supervisor","1","3","2000","14.712","31.148","135943","8.600","13.700","17.000","2","3249","18.972","windows","two","baseline","1"
"supervisor","1","4","2000","14.451","30.100","138397","8.500","14.600","17.300","2","3103","18.694","windows","two","baseline","1"
"supervisor","1","5","2000","19.002","30.129","105253","8.300","30.500","39.500","2","2418","24.540","windows","two","baseline","1"
"supervisor","3","1","6000","44.039","46.460","136242","21.500","27.400","43.500","2","9118","57.066","windows","two","baseline","1"
"supervisor","3","2","6000","44.842","46.837","133803","21.600","26.100","33.400","2","10524","56.816","windows","two","baseline","1"
"supervisor","3","3","6000","44.447","46.621","134992","21.500","27.100","43.100","2","10104","56.890","windows","two","baseline","1"
"supervisor","3","4","6000","44.483","46.827","134884","21.600","27.100","39.300","2","9910","56.726","windows","two","baseline","1"
"supervisor","3","5","6000","44.067","47.068","136156","21.600","28.600","39.500","2","9916","56.821","windows","two","baseline","1"
"supervisor","16","1","32000","256.730","261.328","124644","114.300","227.700","391.000","2","50224","329.118","windows","two","baseline","1"
"supervisor","16","2","32000","242.533","247.245","131941","114.800","148.000","392.900","2","54454","306.678","windows","two","baseline","1"
"supervisor","16","3","32000","230.867","245.938","138608","113.900","123.400","182.100","2","54673","295.802","windows","two","baseline","1"
"supervisor","16","4","32000","238.110","247.253","134391","113.600","154.300","237.700","2","50393","305.693","windows","two","baseline","1"
"supervisor","16","5","32000","239.695","250.097","133503","113.900","158.300","264.000","2","51919","307.202","windows","two","baseline","1"
"manual","1","1","2000","15.635","30.770","127917","8.000","10.900","15.800","2","3544","20.086","windows","two","candidate","0"
"manual","1","2","2000","14.711","30.969","135950","8.400","13.700","20.600","2","3257","19.138","windows","two","candidate","0"
"manual","1","3","2000","15.093","31.137","132514","8.200","12.200","17.800","2","3303","19.567","windows","two","candidate","0"
"manual","1","4","2000","14.956","30.435","133724","8.600","11.400","15.900","2","3442","19.231","windows","two","candidate","0"
"manual","1","5","2000","15.917","31.562","125653","7.800","11.100","18.100","2","3694","20.018","windows","two","candidate","0"
"manual","3","1","6000","44.497","46.641","134841","21.700","27.400","39.300","2","10384","56.811","windows","two","candidate","0"
"manual","3","2","6000","45.425","60.910","132085","21.600","26.400","34.000","2","10827","57.503","windows","two","candidate","0"
"manual","3","3","6000","46.170","62.278","129953","22.500","26.200","38.200","2","10312","58.518","windows","two","candidate","0"
"manual","3","4","6000","45.910","62.145","130691","21.700","26.700","40.800","2","10318","58.379","windows","two","candidate","0"
"manual","3","5","6000","45.941","60.978","130602","21.900","26.100","48.700","2","10239","58.182","windows","two","candidate","0"
"manual","16","1","32000","244.456","247.127","130903","114.400","161.100","385.000","2","53855","311.512","windows","two","candidate","0"
"manual","16","2","32000","238.791","249.181","134008","115.600","129.400","251.900","2","54099","303.493","windows","two","candidate","0"
"manual","16","3","32000","241.321","249.051","132604","116.200","129.900","295.700","2","55317","306.284","windows","two","candidate","0"
"manual","16","4","32000","239.752","246.234","133471","114.900","134.600","263.600","2","53766","304.493","windows","two","candidate","0"
"manual","16","5","32000","232.386","248.491","137702","113.700","125.900","216.700","2","54532","297.118","windows","two","candidate","0"
"manual","1","1","2000","15.969","31.006","125240","7.900","12.900","19.400","2","3184","19.965","windows","two","candidate","1"
"manual","1","2","2000","15.764","30.958","126872","7.700","11.700","16.300","2","3498","20.165","windows","two","candidate","1"
"manual","1","3","2000","14.993","31.180","133392","7.400","11.900","16.400","2","3031","19.207","windows","two","candidate","1"
"manual","1","4","2000","15.229","30.896","131326","8.500","11.700","16.800","2","3386","19.614","windows","two","candidate","1"
"manual","1","5","2000","15.522","30.799","128850","8.000","11.100","14.900","2","3674","19.527","windows","two","candidate","1"
"manual","3","1","6000","45.264","61.158","132555","21.700","27.900","47.700","2","10129","57.969","windows","two","candidate","1"
"manual","3","2","6000","46.434","61.182","129217","22.800","27.200","37.100","2","10204","59.147","windows","two","candidate","1"
"manual","3","3","6000","44.973","61.095","133412","21.700","26.400","37.800","2","10338","57.431","windows","two","candidate","1"
"manual","3","4","6000","44.856","46.670","133762","22.500","27.200","32.700","2","9936","57.695","windows","two","candidate","1"
"manual","3","5","6000","43.738","46.295","137180","21.800","26.100","30.100","2","10300","56.313","windows","two","candidate","1"
"manual","16","1","32000","236.030","246.721","135576","114.500","126.700","225.000","2","54489","301.808","windows","two","candidate","1"
"manual","16","2","32000","241.807","248.056","132337","114.500","130.000","370.500","2","54018","307.636","windows","two","candidate","1"
"manual","16","3","32000","240.886","247.862","132843","118.800","128.600","253.600","2","55025","307.430","windows","two","candidate","1"
"manual","16","4","32000","242.694","248.803","131854","119.200","129.000","262.400","2","53965","308.950","windows","two","candidate","1"
"manual","16","5","32000","239.699","247.134","133501","116.500","128.000","255.200","2","52747","307.449","windows","two","candidate","1"
"etherbird","1","1","2000","17.499","30.673","114292","8.900","15.100","31.100","2","2981","25.429","windows","two","candidate","0"
"etherbird","1","2","2000","16.552","29.945","120829","8.700","15.500","25.200","2","2871","24.374","windows","two","candidate","0"
"etherbird","1","3","2000","16.716","30.722","119644","8.300","13.400","26.300","2","2716","23.871","windows","two","candidate","0"
"etherbird","1","4","2000","14.417","29.217","138725","7.300","12.000","19.700","2","2655","22.179","windows","two","candidate","0"
"etherbird","1","5","2000","16.044","31.225","124656","7.700","15.000","28.700","2","2685","24.236","windows","two","candidate","0"
"etherbird","3","1","6000","41.519","46.123","144513","6.400","112.400","122.300","2","6706","63.142","windows","two","candidate","0"
"etherbird","3","2","6000","39.824","46.096","150663","6.500","112.100","121.200","2","6480","62.761","windows","two","candidate","0"
"etherbird","3","3","6000","39.849","39.850","150568","6.400","112.100","121.000","2","6384","62.102","windows","two","candidate","0"
"etherbird","3","4","6000","40.262","53.463","149025","6.300","112.600","122.500","2","6819","61.756","windows","two","candidate","0"
"etherbird","3","5","6000","42.023","42.024","142777","6.700","112.800","124.600","2","6451","64.458","windows","two","candidate","0"
"etherbird","16","1","32000","236.936","236.938","135057","139.100","170.200","307.400","2","42694","339.768","windows","two","candidate","0"
"etherbird","16","2","32000","237.794","244.410","134570","139.300","168.200","321.100","2","42410","341.368","windows","two","candidate","0"
"etherbird","16","3","32000","236.870","236.870","135095","139.200","165.400","315.300","2","41751","340.671","windows","two","candidate","0"
"etherbird","16","4","32000","238.227","240.272","134326","138.900","166.300","317.200","2","42973","340.457","windows","two","candidate","0"
"etherbird","16","5","32000","237.052","246.226","134991","139.300","165.400","311.700","2","42934","339.317","windows","two","candidate","0"
"etherbird","1","1","2000","17.352","17.353","115259","8.800","16.200","26.300","2","2877","24.366","windows","two","candidate","1"
"etherbird","1","2","2000","15.967","28.661","125262","8.900","14.200","19.800","2","2899","23.174","windows","two","candidate","1"
"etherbird","1","3","2000","17.702","29.856","112980","8.700","15.500","27.400","2","2876","24.194","windows","two","candidate","1"
"etherbird","1","4","2000","15.065","30.618","132762","7.400","11.900","20.600","2","2621","22.934","windows","two","candidate","1"
"etherbird","1","5","2000","16.939","30.983","118069","8.600","15.300","25.900","2","2761","25.223","windows","two","candidate","1"
"etherbird","3","1","6000","41.300","45.797","145278","6.600","111.400","122.100","2","6495","63.767","windows","two","candidate","1"
"etherbird","3","2","6000","39.357","39.358","152449","6.500","111.500","122.600","2","6306","61.324","windows","two","candidate","1"
"etherbird","3","3","6000","40.971","40.972","146444","6.300","112.000","120.000","2","6865","62.802","windows","two","candidate","1"
"etherbird","3","4","6000","40.270","43.523","148996","6.400","111.300","119.200","2","6612","62.165","windows","two","candidate","1"
"etherbird","3","5","6000","42.471","46.064","141272","7.000","112.100","133.000","2","6565","65.218","windows","two","candidate","1"
"etherbird","16","1","32000","238.037","238.038","134433","138.300","168.600","341.000","2","42043","341.945","windows","two","candidate","1"
"etherbird","16","2","32000","237.068","244.620","134982","138.300","166.500","329.500","2","42151","339.692","windows","two","candidate","1"
"etherbird","16","3","32000","237.764","237.765","134587","138.100","166.900","322.400","2","42572","340.739","windows","two","candidate","1"
"etherbird","16","4","32000","239.763","255.151","133465","138.900","168.500","335.500","2","41498","342.779","windows","two","candidate","1"
"etherbird","16","5","32000","240.132","240.132","133260","138.400","173.300","332.300","2","41429","344.686","windows","two","candidate","1"
"supervisor","1","1","2000","15.473","31.087","129261","8.300","12.300","16.500","2","3423","20.239","windows","two","candidate","0"
"supervisor","1","2","2000","15.523","31.089","128839","8.500","11.500","16.500","2","3599","19.569","windows","two","candidate","0"
"supervisor","1","3","2000","14.766","30.719","135443","7.700","11.800","15.900","2","3615","19.124","windows","two","candidate","0"
"supervisor","1","4","2000","14.751","30.631","135580","8.400","11.400","15.900","2","3330","19.088","windows","two","candidate","0"
"supervisor","1","5","2000","15.473","31.537","129257","8.400","12.200","17.800","2","3605","19.666","windows","two","candidate","0"
"supervisor","3","1","6000","44.992","60.799","133357","21.700","27.900","38.400","2","9753","57.232","windows","two","candidate","0"
"supervisor","3","2","6000","53.529","61.554","112089","22.200","64.200","92.500","2","8035","69.005","windows","two","candidate","0"
"supervisor","3","3","6000","44.398","45.793","135142","21.400","27.600","41.200","2","9631","57.427","windows","two","candidate","0"
"supervisor","3","4","6000","45.221","61.628","132682","21.900","25.900","34.300","2","10541","57.151","windows","two","candidate","0"
"supervisor","3","5","6000","45.004","61.186","133323","21.400","25.600","40.300","2","10007","57.269","windows","two","candidate","0"
"supervisor","16","1","32000","247.639","262.822","129221","115.600","173.400","339.200","2","51611","315.482","windows","two","candidate","0"
"supervisor","16","2","32000","239.216","245.604","133770","115.100","132.100","290.100","2","53413","303.974","windows","two","candidate","0"
"supervisor","16","3","32000","231.977","245.885","137945","113.700","122.500","215.100","2","53955","297.299","windows","two","candidate","0"
"supervisor","16","4","32000","238.327","248.004","134270","115.500","127.600","294.000","2","54097","305.988","windows","two","candidate","0"
"supervisor","16","5","32000","238.822","248.797","133991","116.800","126.200","263.200","2","52872","305.028","windows","two","candidate","0"
"supervisor","1","1","2000","15.843","30.521","126241","7.600","10.800","18.300","2","3700","20.030","windows","two","candidate","1"
"supervisor","1","2","2000","14.570","31.005","137266","8.500","13.500","17.000","2","3162","19.009","windows","two","candidate","1"
"supervisor","1","3","2000","15.096","30.320","132485","8.200","13.800","18.900","2","3305","19.641","windows","two","candidate","1"
"supervisor","1","4","2000","14.300","15.512","139857","8.500","11.300","16.100","2","3378","18.692","windows","two","candidate","1"
"supervisor","1","5","2000","15.069","31.178","132725","8.600","10.700","16.000","2","3452","19.509","windows","two","candidate","1"
"supervisor","3","1","6000","44.005","46.473","136348","21.700","26.500","33.400","2","10212","56.326","windows","two","candidate","1"
"supervisor","3","2","6000","44.861","61.199","133746","21.600","26.700","31.700","2","10275","56.985","windows","two","candidate","1"
"supervisor","3","3","6000","46.484","61.018","129077","22.600","26.400","45.600","2","10344","59.280","windows","two","candidate","1"
"supervisor","3","4","6000","46.090","61.492","130179","22.000","26.800","52.900","2","10375","58.562","windows","two","candidate","1"
"supervisor","3","5","6000","45.281","61.020","132505","21.700","26.800","37.600","2","9894","57.835","windows","two","candidate","1"
"supervisor","16","1","32000","239.243","247.316","133755","116.100","131.700","253.100","2","54202","305.947","windows","two","candidate","1"
"supervisor","16","2","32000","239.610","246.570","133551","115.800","127.500","283.800","2","54105","305.459","windows","two","candidate","1"
"supervisor","16","3","32000","240.020","243.152","133322","115.900","128.300","282.900","2","53936","306.299","windows","two","candidate","1"
"supervisor","16","4","32000","240.230","248.550","133206","116.100","127.800","336.600","2","54905","307.124","windows","two","candidate","1"
"supervisor","16","5","32000","241.392","246.417","132565","117.500","130.000","262.100","2","54474","307.863","windows","two","candidate","1"
