"runtime","scenario","slots","callers","round","calls","elapsed_ms","calls_per_second","p50_us","p95_us","p99_us","allocations","allocated_bytes","peak_active","worker_parks","platform","phase","pass"
"current","ready","1","1","1","500","0.893","559632","1.722","1.761","1.782","3003","540768","1","0","linux","baseline","0"
"current","ready","1","1","2","500","0.900","555790","1.722","1.752","1.782","3003","540768","1","0","linux","baseline","0"
"current","ready","1","1","3","500","0.898","556818","1.722","1.752","1.772","3003","540768","1","0","linux","baseline","0"
"current","ready","1","3","1","1500","2.377","630998","4.555","4.604","4.674","9005","1622304","1","0","linux","baseline","0"
"current","ready","1","3","2","1500","2.334","642642","4.554","4.594","4.955","9005","1622304","1","0","linux","baseline","0"
"current","ready","1","3","3","1500","2.452","611758","4.554","4.595","13.783","9005","1622304","1","0","linux","baseline","0"
"current","ready","1","16","1","8000","11.892","672731","22.993","24.734","48.657","48020","8653248","1","0","linux","baseline","0"
"current","ready","1","16","2","8000","12.381","646129","23.022","43.653","48.077","48018","8652288","1","0","linux","baseline","0"
"current","ready","1","16","3","8000","11.836","675924","23.032","23.633","43.092","48018","8652288","1","0","linux","baseline","0"
"current","ready","4","1","1","500","0.898","556782","1.732","1.761","1.791","3003","540768","1","0","linux","baseline","0"
"current","ready","4","1","2","500","1.379","362547","3.423","3.493","3.524","3003","540768","1","0","linux","baseline","0"
"current","ready","4","1","3","500","0.933","535703","1.722","1.761","1.962","3003","540768","1","0","linux","baseline","0"
"current","ready","4","3","1","1500","2.148","698245","4.174","4.204","4.374","9005","1622304","1","0","linux","baseline","0"
"current","ready","4","3","2","1500","2.150","697823","4.174","4.214","4.415","9005","1622304","1","0","linux","baseline","0"
"current","ready","4","3","3","1500","2.182","687372","4.174","4.244","5.206","9005","1622304","1","0","linux","baseline","0"
"current","ready","4","16","1","8000","10.836","738267","21.041","21.781","39.880","48020","8653248","1","0","linux","baseline","0"
"current","ready","4","16","2","8000","11.432","699790","20.980","41.881","46.836","48018","8652288","1","0","linux","baseline","0"
"current","ready","4","16","3","8000","11.155","717153","20.981","32.873","42.122","48018","8652288","1","0","linux","baseline","0"
"current","custom_fifo","1","1","1","500","0.890","561702","1.732","1.762","1.902","3003","540768","1","0","linux","baseline","0"
"current","custom_fifo","1","1","2","500","0.902","554273","1.731","1.761","1.821","3003","540768","1","0","linux","baseline","0"
"current","custom_fifo","1","1","3","500","0.914","546990","1.722","1.752","1.772","3003","540768","1","0","linux","baseline","0"
"current","custom_fifo","1","3","1","1500","2.328","644336","4.555","4.594","5.005","9005","1622304","1","0","linux","baseline","0"
"current","custom_fifo","1","3","2","1500","2.329","644078","4.555","4.594","4.995","9005","1622304","1","0","linux","baseline","0"
"current","custom_fifo","1","3","3","1500","2.345","639595","4.555","4.595","5.115","9005","1622304","1","0","linux","baseline","0"
"current","custom_fifo","1","16","1","8000","11.718","682721","22.662","24.524","41.881","48020","8653248","1","0","linux","baseline","0"
"current","custom_fifo","1","16","2","8000","11.805","677655","22.683","24.664","43.032","48018","8652288","1","0","linux","baseline","0"
"current","custom_fifo","1","16","3","8000","11.716","682802","22.602","24.564","41.841","48018","8652288","1","0","linux","baseline","0"
"current","custom_fifo","4","1","1","500","0.880","568291","1.732","1.762","1.772","3003","540768","1","0","linux","baseline","0"
"current","custom_fifo","4","1","2","500","0.932","536682","1.722","1.752","1.902","3003","540768","1","0","linux","baseline","0"
"current","custom_fifo","4","1","3","500","0.920","543472","1.722","1.752","1.992","3003","540768","1","0","linux","baseline","0"
"current","custom_fifo","4","3","1","1500","2.152","696882","4.174","4.215","4.604","9005","1622304","1","0","linux","baseline","0"
"current","custom_fifo","4","3","2","1500","2.135","702715","4.174","4.214","4.534","9005","1622304","1","0","linux","baseline","0"
"current","custom_fifo","4","3","3","1500","2.150","697745","4.174","4.214","6.776","9005","1622304","1","0","linux","baseline","0"
"current","custom_fifo","4","16","1","8000","10.872","735824","21.020","22.182","41.190","48020","8653248","1","0","linux","baseline","0"
"current","custom_fifo","4","16","2","8000","11.787","678696","20.990","42.051","59.348","48018","8652288","1","0","linux","baseline","0"
"current","custom_fifo","4","16","3","8000","11.039","724700","20.950","27.327","42.572","48018","8652288","1","0","linux","baseline","0"
"current","delayed","1","16","1","48","293.392","164","97778.494","97859.910","97910.130","308","65088","1","51","linux","baseline","0"
"current","delayed","1","16","2","48","292.647","164","97790.553","97902.113","97915.367","306","64128","1","54","linux","baseline","0"
"current","delayed","1","16","3","48","293.850","163","97984.052","98137.476","98151.172","306","64128","1","53","linux","baseline","0"
"current","delayed","4","16","1","48","73.521","653","24787.381","25034.559","25035.490","308","65088","4","23","linux","baseline","0"
"current","delayed","4","16","2","48","73.300","655","24421.708","24466.106","24466.425","306","64128","4","13","linux","baseline","0"
"current","delayed","4","16","3","48","72.390","663","24417.914","24428.185","24428.545","306","64128","4","14","linux","baseline","0"
"current","borrowers","1","16","1","48","292.568","164","6118.514","243753.793","280375.224","18","12672","1","53","linux","baseline","0"
"current","borrowers","1","16","2","48","293.449","164","6106.689","244509.711","281218.254","18","12672","1","56","linux","baseline","0"
"current","borrowers","1","16","3","48","292.553","164","6111.329","243659.153","280344.852","18","12672","1","55","linux","baseline","0"
"current","borrowers","4","16","1","48","73.415","654","6108.703","61214.646","61216.568","18","12672","4","16","linux","baseline","0"
"current","borrowers","4","16","2","48","73.392","654","6115.320","61108.372","61109.954","18","12672","4","16","linux","baseline","0"
"current","borrowers","4","16","3","48","73.343","654","6115.060","61117.545","61118.926","18","12672","4","15","linux","baseline","0"
"current","ready","1","1","1","500","0.941","531271","1.792","1.822","1.852","3003","540768","1","0","linux","baseline","1"
"current","ready","1","1","2","500","0.946","528813","1.791","1.812","2.022","3003","540768","1","0","linux","baseline","1"
"current","ready","1","1","3","500","1.253","399027","1.792","1.812","4.213","3003","540768","1","0","linux","baseline","1"
"current","ready","1","3","1","1500","2.449","612475","4.734","4.774","4.935","9005","1622304","1","0","linux","baseline","1"
"current","ready","1","3","2","1500","2.464","608760","4.734","4.774","5.205","9005","1622304","1","0","linux","baseline","1"
"current","ready","1","3","3","1500","3.133","478703","4.734","9.459","9.699","9005","1622304","1","0","linux","baseline","1"
"current","ready","1","16","1","8000","13.342","599620","23.942","47.824","71.366","48020","8653248","1","0","linux","baseline","1"
"current","ready","1","16","2","8000","13.338","599789","24.002","35.963","81.946","48018","8652288","1","0","linux","baseline","1"
"current","ready","1","16","3","8000","12.390","645695","23.982","25.513","41.578","48018","8652288","1","0","linux","baseline","1"
"current","ready","4","1","1","500","1.227","407351","1.791","1.822","1.852","3003","540768","1","0","linux","baseline","1"
"current","ready","4","1","2","500","1.034","483604","1.791","1.921","3.193","3003","540768","1","0","linux","baseline","1"
"current","ready","4","1","3","500","0.949","526978","1.782","1.812","1.941","3003","540768","1","0","linux","baseline","1"
"current","ready","4","3","1","1500","2.234","671477","4.314","4.354","4.504","9005","1622304","1","0","linux","baseline","1"
"current","ready","4","3","2","1500","2.246","667871","4.314","4.354","6.526","9005","1622304","1","0","linux","baseline","1"
"current","ready","4","3","3","1500","2.474","606427","4.314","4.384","12.812","9005","1622304","1","0","linux","baseline","1"
"current","ready","4","16","1","8000","11.235","712090","21.840","22.961","38.926","48020","8653248","1","0","linux","baseline","1"
"current","ready","4","16","2","8000","11.252","710956","21.780","22.171","38.956","48018","8652288","1","0","linux","baseline","1"
"current","ready","4","16","3","8000","12.139","659057","21.790","22.521","47.824","48018","8652288","1","0","linux","baseline","1"
"current","custom_fifo","1","1","1","500","0.921","542935","1.792","1.812","1.832","3003","540768","1","0","linux","baseline","1"
"current","custom_fifo","1","1","2","500","0.914","546942","1.791","1.802","1.832","3003","540768","1","0","linux","baseline","1"
"current","custom_fifo","1","1","3","500","0.988","506220","1.792","1.812","2.272","3003","540768","1","0","linux","baseline","1"
"current","custom_fifo","1","3","1","1500","2.470","607214","4.725","4.764","11.271","9005","1622304","1","0","linux","baseline","1"
"current","custom_fifo","1","3","2","1500","2.485","603648","4.734","4.764","10.290","9005","1622304","1","0","linux","baseline","1"
"current","custom_fifo","1","3","3","1500","2.426","618254","4.725","4.755","4.795","9005","1622304","1","0","linux","baseline","1"
"current","custom_fifo","1","16","1","8000","12.459","642099","23.072","24.242","86.230","48020","8653248","1","0","linux","baseline","1"
"current","custom_fifo","1","16","2","8000","12.737","628074","22.621","45.242","53.527","48018","8652288","1","0","linux","baseline","1"
"current","custom_fifo","1","16","3","8000","13.299","601528","22.620","45.222","94.398","48018","8652288","1","0","linux","baseline","1"
"current","custom_fifo","4","1","1","500","0.910","549257","1.721","1.742","3.453","3003","540768","1","0","linux","baseline","1"
"current","custom_fifo","4","1","2","500","0.914","547224","1.722","1.742","1.812","3003","540768","1","0","linux","baseline","1"
"current","custom_fifo","4","1","3","500","0.921","542965","1.722","1.742","1.872","3003","540768","1","0","linux","baseline","1"
"current","custom_fifo","4","3","1","1500","2.658","564297","4.154","4.194","12.902","9005","1622304","1","0","linux","baseline","1"
"current","custom_fifo","4","3","2","1500","2.135","702428","4.154","4.184","4.374","9005","1622304","1","0","linux","baseline","1"
"current","custom_fifo","4","3","3","1500","2.182","687530","4.154","4.184","6.946","9005","1622304","1","0","linux","baseline","1"
"current","custom_fifo","4","16","1","8000","12.338","648385","20.989","42.189","63.239","48020","8653248","1","0","linux","baseline","1"
"current","custom_fifo","4","16","2","8000","11.200","714270","20.979","22.581","40.648","48018","8652288","1","0","linux","baseline","1"
"current","custom_fifo","4","16","3","8000","11.841","675639","20.929","21.400","90.944","48018","8652288","1","0","linux","baseline","1"
"current","delayed","1","16","1","48","292.827","164","96951.683","98067.356","98069.098","308","65088","1","51","linux","baseline","1"
"current","delayed","1","16","2","48","293.000","164","96982.612","98211.939","98236.543","306","64128","1","53","linux","baseline","1"
"current","delayed","1","16","3","48","292.863","164","97859.626","98293.914","98299.900","306","64128","1","51","linux","baseline","1"
"current","delayed","4","16","1","48","73.587","652","24486.634","24582.933","24583.133","308","65088","4","14","linux","baseline","1"
"current","delayed","4","16","2","48","73.700","651","24441.737","24765.979","24766.219","306","64128","4","15","linux","baseline","1"
"current","delayed","4","16","3","48","72.847","659","24228.672","24386.663","24386.709","306","64128","4","13","linux","baseline","1"
"current","borrowers","1","16","1","48","291.025","165","6055.295","242629.985","278917.330","18","12672","1","54","linux","baseline","1"
"current","borrowers","1","16","2","48","289.989","166","6060.381","241512.023","277815.658","18","12672","1","54","linux","baseline","1"
"current","borrowers","1","16","3","48","291.303","165","6057.272","242718.582","279156.465","18","12672","1","54","linux","baseline","1"
"current","borrowers","4","16","1","48","72.851","659","6063.783","60666.466","60668.174","18","12672","4","17","linux","baseline","1"
"current","borrowers","4","16","2","48","72.997","658","6074.307","60863.459","60867.078","18","12672","4","16","linux","baseline","1"
"current","borrowers","4","16","3","48","71.860","668","6071.295","59722.178","59723.739","18","12672","4","16","linux","baseline","1"
"current","ready","1","1","1","500","0.817","611659","1.592","1.622","1.762","1503","520768","1","0","linux","candidate","0"
"current","ready","1","1","2","500","1.208","414013","1.592","1.632","3.855","1503","520768","1","0","linux","candidate","0"
"current","ready","1","1","3","500","0.820","610075","1.592","1.622","1.782","1503","520768","1","0","linux","candidate","0"
"current","ready","1","3","1","1500","2.331","643626","4.515","4.576","5.046","7506","1610464","1","0","linux","candidate","0"
"current","ready","1","3","2","1500","2.320","646584","4.506","4.536","6.127","7505","1610304","1","0","linux","candidate","0"
"current","ready","1","3","3","1500","2.390","627574","4.515","4.906","10.562","7505","1610304","1","0","linux","candidate","0"
"current","ready","1","16","1","8000","13.643","586377","24.398","26.060","91.847","46520","8693248","1","0","linux","candidate","0"
"current","ready","1","16","2","8000","12.701","629890","24.369","27.462","55.204","46518","8692288","1","0","linux","candidate","0"
"current","ready","1","16","3","8000","13.051","612966","24.458","28.393","57.196","46518","8692288","1","0","linux","candidate","0"
"current","ready","4","1","1","500","1.154","433430","1.592","1.612","1.662","1503","520768","1","0","linux","candidate","0"
"current","ready","4","1","2","500","0.818","611232","1.592","1.612","1.632","1503","520768","1","0","linux","candidate","0"
"current","ready","4","1","3","500","0.848","589390","1.592","1.612","1.692","1503","520768","1","0","linux","candidate","0"
"current","ready","4","3","1","1500","2.074","723216","4.044","4.075","4.305","4505","1562304","1","0","linux","candidate","0"
"current","ready","4","3","2","1500","2.591","579012","4.054","8.140","8.299","4505","1562304","1","0","linux","candidate","0"
"current","ready","4","3","3","1500","2.076","722677","4.035","4.075","4.235","4505","1562304","1","0","linux","candidate","0"
"current","ready","4","16","1","8000","11.893","672660","22.095","44.021","44.492","42021","8621408","1","0","linux","candidate","0"
"current","ready","4","16","2","8000","10.964","729638","21.305","22.196","38.915","42018","8620288","1","0","linux","candidate","0"
"current","ready","4","16","3","8000","11.216","713272","21.015","22.356","44.052","42018","8620288","1","0","linux","candidate","0"
"current","custom_fifo","1","1","1","500","0.906","551650","1.782","1.802","1.822","3003","544768","1","0","linux","candidate","0"
"current","custom_fifo","1","1","2","500","0.948","527442","1.783","1.812","1.853","3003","544768","1","0","linux","candidate","0"
"current","custom_fifo","1","1","3","500","0.913","547651","1.782","1.802","1.822","3003","544768","1","0","linux","candidate","0"
"current","custom_fifo","1","3","1","1500","2.413","621516","4.726","4.756","4.906","9005","1634304","1","0","linux","candidate","0"
"current","custom_fifo","1","3","2","1500","2.813","533328","4.735","9.491","10.041","9005","1634304","1","0","linux","candidate","0"
"current","custom_fifo","1","3","3","1500","2.465","608598","4.726","4.775","5.226","9005","1634304","1","0","linux","candidate","0"
"current","custom_fifo","1","16","1","8000","11.965","668592","23.498","23.930","38.858","48020","8717248","1","0","linux","candidate","0"
"current","custom_fifo","1","16","2","8000","12.106","660821","23.519","24.481","39.870","48018","8716288","1","0","linux","candidate","0"
"current","custom_fifo","1","16","3","8000","13.012","614833","23.519","24.951","56.056","48018","8716288","1","0","linux","candidate","0"
"current","custom_fifo","4","1","1","500","0.939","532726","1.783","1.812","1.852","3003","544768","1","0","linux","candidate","0"
"current","custom_fifo","4","1","2","500","0.918","544792","1.783","1.813","1.953","3003","544768","1","0","linux","candidate","0"
"current","custom_fifo","4","1","3","500","0.963","519325","1.792","1.963","2.273","3003","544768","1","0","linux","candidate","0"
"current","custom_fifo","4","3","1","1500","2.382","629697","4.315","4.736","9.402","9005","1634304","1","0","linux","candidate","0"
"current","custom_fifo","4","3","2","1500","2.542","590146","4.315","8.651","9.181","9005","1634304","1","0","linux","candidate","0"
"current","custom_fifo","4","3","3","1500","2.209","679173","4.306","4.336","4.476","9005","1634304","1","0","linux","candidate","0"
"current","custom_fifo","4","16","1","8000","11.416","700771","21.617","23.820","40.711","48020","8717248","1","0","linux","candidate","0"
"current","custom_fifo","4","16","2","8000","12.453","642392","21.597","43.114","50.673","48018","8716288","1","0","linux","candidate","0"
"current","custom_fifo","4","16","3","8000","11.118","719550","21.637","22.638","37.557","48018","8716288","1","0","linux","candidate","0"
"current","delayed","1","16","1","48","293.836","163","97780.697","98031.077","98132.834","306","65584","1","52","linux","candidate","0"
"current","delayed","1","16","2","48","294.004","163","97882.162","98253.061","98264.475","303","64464","1","54","linux","candidate","0"
"current","delayed","1","16","3","48","292.271","164","96824.404","97788.277","97830.610","303","64464","1","53","linux","candidate","0"
"current","delayed","4","16","1","48","73.233","655","24386.393","24437.659","24438.048","297","65440","4","13","linux","candidate","0"
"current","delayed","4","16","2","48","73.275","655","24379.197","24475.825","24476.164","294","64320","4","14","linux","candidate","0"
"current","delayed","4","16","3","48","73.535","653","24377.899","24712.493","24713.669","294","64320","4","14","linux","candidate","0"
"current","borrowers","1","16","1","48","294.031","163","6201.672","244507.590","281668.261","18","12672","1","53","linux","candidate","0"
"current","borrowers","1","16","2","48","297.798","161","6198.880","248134.156","285356.025","18","12672","1","56","linux","candidate","0"
"current","borrowers","1","16","3","48","296.213","162","6189.845","246656.298","283753.495","18","12672","1","56","linux","candidate","0"
"current","borrowers","4","16","1","48","74.228","647","6192.206","61841.125","61842.638","18","12672","4","16","linux","candidate","0"
"current","borrowers","4","16","2","48","74.311","646","6202.077","61940.428","61942.154","18","12672","4","16","linux","candidate","0"
"current","borrowers","4","16","3","48","74.116","648","6186.258","61749.967","61751.621","18","12672","4","16","linux","candidate","0"
"current","ready","1","1","1","500","1.188","420780","1.623","1.644","1.664","1503","520768","1","0","linux","candidate","1"
"current","ready","1","1","2","500","0.869","575555","1.614","1.755","1.918","1503","520768","1","0","linux","candidate","1"
"current","ready","1","1","3","500","0.830","602228","1.613","1.634","1.654","1503","520768","1","0","linux","candidate","1"
"current","ready","1","3","1","1500","2.362","635036","4.576","4.637","5.134","7506","1610464","1","0","linux","candidate","1"
"current","ready","1","3","2","1500","2.366","633993","4.577","4.627","5.216","7505","1610304","1","0","linux","candidate","1"
"current","ready","1","3","3","1500","2.380","630214","4.576","4.637","6.829","7505","1610304","1","0","linux","candidate","1"
"current","ready","1","16","1","8000","12.914","619501","24.768","26.473","49.992","46520","8693248","1","0","linux","candidate","1"
"current","ready","1","16","2","8000","13.850","577626","24.717","29.425","94.211","46518","8692288","1","0","linux","candidate","1"
"current","ready","1","16","3","8000","12.940","618246","24.809","30.856","49.546","46518","8692288","1","0","linux","candidate","1"
"current","ready","4","1","1","500","0.823","607477","1.614","1.634","1.644","1503","520768","1","0","linux","candidate","1"
"current","ready","4","1","2","500","0.843","593159","1.614","1.654","1.867","1503","520768","1","0","linux","candidate","1"
"current","ready","4","1","3","500","0.855","585138","1.623","1.644","1.765","1503","520768","1","0","linux","candidate","1"
"current","ready","4","3","1","1500","2.166","692440","4.110","4.374","6.352","4505","1562304","1","0","linux","candidate","1"
"current","ready","4","3","2","1500","2.143","699901","4.119","4.160","5.733","4505","1562304","1","0","linux","candidate","1"
"current","ready","4","3","3","1500","2.102","713511","4.120","4.160","4.201","4505","1562304","1","0","linux","candidate","1"
"current","ready","4","16","1","8000","12.171","657302","22.434","30.754","99.294","42021","8621408","1","0","linux","candidate","1"
"current","ready","4","16","2","8000","12.190","656272","22.221","24.920","56.588","42018","8620288","1","0","linux","candidate","1"
"current","ready","4","16","3","8000","12.104","660934","22.190","44.016","54.324","42018","8620288","1","0","linux","candidate","1"
"current","custom_fifo","1","1","1","500","0.966","517745","1.877","1.898","1.918","3003","544768","1","0","linux","candidate","1"
"current","custom_fifo","1","1","2","500","0.959","521482","1.867","1.898","1.917","3003","544768","1","0","linux","candidate","1"
"current","custom_fifo","1","1","3","500","1.051","475922","1.857","2.040","3.673","3003","544768","1","0","linux","candidate","1"
"current","custom_fifo","1","3","1","1500","2.509","597818","4.891","5.002","5.357","9005","1634304","1","0","linux","candidate","1"
"current","custom_fifo","1","3","2","1500","2.530","592848","4.861","5.195","11.608","9005","1634304","1","0","linux","candidate","1"
"current","custom_fifo","1","3","3","1500","2.499","600250","4.820","5.378","7.133","9005","1634304","1","0","linux","candidate","1"
"current","custom_fifo","1","16","1","8000","12.227","654263","23.814","25.529","40.242","48020","8717248","1","0","linux","candidate","1"
"current","custom_fifo","1","16","2","8000","12.361","647207","23.844","25.194","42.118","48018","8716288","1","0","linux","candidate","1"
"current","custom_fifo","1","16","3","8000","12.668","631504","23.844","24.544","53.878","48018","8716288","1","0","linux","candidate","1"
"current","custom_fifo","4","1","1","500","0.920","543714","1.816","1.836","1.847","3003","544768","1","0","linux","candidate","1"
"current","custom_fifo","4","1","2","500","1.040","480774","1.816","1.867","3.765","3003","544768","1","0","linux","candidate","1"
"current","custom_fifo","4","1","3","500","0.930","537828","1.816","1.837","1.867","3003","544768","1","0","linux","candidate","1"
"current","custom_fifo","4","3","1","1500","2.982","503005","4.373","4.464","14.377","9005","1634304","1","0","linux","candidate","1"
"current","custom_fifo","4","3","2","1500","2.250","666629","4.363","4.434","4.769","9005","1634304","1","0","linux","candidate","1"
"current","custom_fifo","4","3","3","1500","2.235","671060","4.373","4.414","4.952","9005","1634304","1","0","linux","candidate","1"
"current","custom_fifo","4","16","1","8000","11.870","673982","21.967","23.205","48.013","48020","8717248","1","0","linux","candidate","1"
"current","custom_fifo","4","16","2","8000","11.271","709781","21.957","23.387","38.222","48018","8716288","1","0","linux","candidate","1"
"current","custom_fifo","4","16","3","8000","11.590","690269","21.896","22.647","38.678","48018","8716288","1","0","linux","candidate","1"
"current","delayed","1","16","1","48","297.299","161","99177.835","99299.996","99319.702","306","65584","1","53","linux","candidate","1"
"current","delayed","1","16","2","48","297.649","161","99233.797","99673.188","99915.993","303","64464","1","53","linux","candidate","1"
"current","delayed","1","16","3","48","296.392","162","99046.383","99365.817","99508.216","303","64464","1","54","linux","candidate","1"
"current","delayed","4","16","1","48","73.498","653","24419.623","24592.852","24593.329","297","65440","4","14","linux","candidate","1"
"current","delayed","4","16","2","48","73.604","652","24451.360","24667.818","24667.898","294","64320","4","16","linux","candidate","1"
"current","delayed","4","16","3","48","73.352","654","24401.180","24547.060","24547.231","294","64320","4","13","linux","candidate","1"
"current","borrowers","1","16","1","48","293.657","163","6110.158","244636.208","281379.831","18","12672","1","56","linux","candidate","1"
"current","borrowers","1","16","2","48","292.899","164","6120.062","243997.895","280659.784","18","12672","1","55","linux","candidate","1"
"current","borrowers","1","16","3","48","293.892","163","6107.236","244832.916","281624.923","18","12672","1","54","linux","candidate","1"
"current","borrowers","4","16","1","48","73.415","654","6122.841","61202.165","61203.977","18","12672","4","16","linux","candidate","1"
"current","borrowers","4","16","2","48","72.402","663","6100.020","60147.786","60150.118","18","12672","4","16","linux","candidate","1"
"current","borrowers","4","16","3","48","72.345","663","6111.621","60037.351","60039.343","18","12672","4","15","linux","candidate","1"
"default","ready","1","1","1","500","39.452","12674","76.126","95.749","148.369","3003","540768","1","994","linux","baseline","0"
"default","ready","1","1","2","500","40.050","12484","77.060","98.893","129.646","3003","540768","1","994","linux","baseline","0"
"default","ready","1","1","3","500","40.141","12456","76.929","95.561","135.676","3003","540768","1","988","linux","baseline","0"
"default","ready","1","3","1","1500","55.747","26907","109.780","144.292","282.513","9005","1622304","1","1441","linux","baseline","0"
"default","ready","1","3","2","1500","56.089","26743","109.900","167.493","276.049","9005","1622304","1","1403","linux","baseline","0"
"default","ready","1","3","3","1500","54.178","27687","109.388","137.697","229.920","9005","1622304","1","1400","linux","baseline","0"
"default","ready","1","16","1","8000","195.585","40903","391.550","609.407","810.968","48020","8653248","1","5317","linux","baseline","0"
"default","ready","1","16","2","8000","205.255","38976","410.854","611.329","739.659","48018","8652288","1","5536","linux","baseline","0"
"default","ready","1","16","3","8000","203.351","39341","431.712","605.160","721.252","48018","8652288","1","5464","linux","baseline","0"
"default","ready","4","1","1","500","41.214","12132","77.925","100.600","179.457","3003","540768","1","981","linux","baseline","0"
"default","ready","4","1","2","500","40.241","12425","77.333","95.900","159.494","3003","540768","1","987","linux","baseline","0"
"default","ready","4","1","3","500","41.311","12103","78.115","103.353","154.119","3003","540768","1","984","linux","baseline","0"
"default","ready","4","3","1","1500","26.770","56032","53.949","90.608","169.888","9005","1622304","1","862","linux","baseline","0"
"default","ready","4","3","2","1500","25.748","58257","52.671","94.551","191.196","9005","1622304","2","814","linux","baseline","0"
"default","ready","4","3","3","1500","25.321","59240","52.433","89.172","158.043","9005","1622304","1","809","linux","baseline","0"
"default","ready","4","16","1","8000","31.260","255922","43.697","107.452","248.784","48020","8653248","2","1085","linux","baseline","0"
"default","ready","4","16","2","8000","32.651","245012","46.147","107.102","181.082","48018","8652288","2","1129","linux","baseline","0"
"default","ready","4","16","3","8000","33.215","240858","43.920","109.852","329.073","48018","8652288","2","1137","linux","baseline","0"
"default","custom_fifo","1","1","1","500","40.174","12446","77.854","97.967","119.721","3003","540768","1","988","linux","baseline","0"
"default","custom_fifo","1","1","2","500","40.198","12439","77.794","100.027","134.775","3003","540768","1","982","linux","baseline","0"
"default","custom_fifo","1","1","3","500","41.754","11975","78.746","106.390","146.501","3003","540768","1","991","linux","baseline","0"
"default","custom_fifo","1","3","1","1500","54.919","27313","109.735","138.885","285.977","9005","1622304","1","1428","linux","baseline","0"
"default","custom_fifo","1","3","2","1500","56.635","26485","110.496","155.469","423.657","9005","1622304","1","1410","linux","baseline","0"
"default","custom_fifo","1","3","3","1500","52.456","28596","106.610","130.969","235.506","9005","1622304","1","1424","linux","baseline","0"
"default","custom_fifo","1","16","1","8000","205.042","39016","434.111","606.029","745.271","48020","8653248","1","5636","linux","baseline","0"
"default","custom_fifo","1","16","2","8000","215.726","37084","467.241","614.105","741.422","48018","8652288","1","5844","linux","baseline","0"
"default","custom_fifo","1","16","3","8000","206.000","38835","429.281","614.523","800.209","48018","8652288","1","5577","linux","baseline","0"
"default","custom_fifo","4","1","1","500","39.593","12629","75.602","93.880","138.360","3003","540768","1","995","linux","baseline","0"
"default","custom_fifo","4","1","2","500","38.260","13069","74.350","90.838","112.964","3003","540768","1","989","linux","baseline","0"
"default","custom_fifo","4","1","3","500","39.301","12722","75.963","89.001","118.549","3003","540768","1","998","linux","baseline","0"
"default","custom_fifo","4","3","1","1500","26.279","57081","52.215","80.523","158.450","9005","1622304","2","856","linux","baseline","0"
"default","custom_fifo","4","3","2","1500","25.500","58823","53.228","75.703","91.810","9005","1622304","2","933","linux","baseline","0"
"default","custom_fifo","4","3","3","1500","24.500","61225","51.564","82.386","108.178","9005","1622304","2","844","linux","baseline","0"
"default","custom_fifo","4","16","1","8000","30.179","265085","43.147","95.072","130.754","48020","8653248","2","1139","linux","baseline","0"
"default","custom_fifo","4","16","2","8000","29.470","271458","42.350","95.924","122.838","48018","8652288","2","1104","linux","baseline","0"
"default","custom_fifo","4","16","3","8000","30.560","261779","42.997","94.731","138.660","48018","8652288","2","1081","linux","baseline","0"
"default","delayed","1","16","1","48","292.141","164","96492.752","98329.531","98365.704","308","65088","1","163","linux","baseline","0"
"default","delayed","1","16","2","48","295.923","162","98346.325","99630.481","99737.575","306","64128","1","165","linux","baseline","0"
"default","delayed","1","16","3","48","293.170","164","97187.068","98206.825","98276.742","306","64128","1","161","linux","baseline","0"
"default","delayed","4","16","1","48","73.316","655","24265.154","25287.966","25314.142","308","65088","4","71","linux","baseline","0"
"default","delayed","4","16","2","48","72.512","662","23814.885","24708.678","24787.905","306","64128","4","57","linux","baseline","0"
"default","delayed","4","16","3","48","74.413","645","24756.638","24882.643","24895.550","306","64128","4","55","linux","baseline","0"
"default","borrowers","1","16","1","48","295.966","162","6245.648","246050.305","283364.629","18","12672","1","165","linux","baseline","0"
"default","borrowers","1","16","2","48","297.647","161","6230.656","249089.098","285231.183","18","12672","1","150","linux","baseline","0"
"default","borrowers","1","16","3","48","296.560","162","6233.060","246845.854","284115.798","18","12672","1","150","linux","baseline","0"
"default","borrowers","4","16","1","48","75.254","638","6296.419","62509.846","62522.273","18","12672","4","53","linux","baseline","0"
"default","borrowers","4","16","2","48","73.761","651","6256.641","61203.540","61207.247","18","12672","4","43","linux","baseline","0"
"default","borrowers","4","16","3","48","74.354","646","6281.635","61699.249","61702.637","18","12672","4","49","linux","baseline","0"
"default","ready","1","1","1","500","39.722","12588","76.791","99.771","133.776","3003","540768","1","991","linux","baseline","1"
"default","ready","1","1","2","500","40.693","12287","79.049","102.517","132.452","3003","540768","1","983","linux","baseline","1"
"default","ready","1","1","3","500","41.782","11967","79.228","105.652","150.777","3003","540768","1","986","linux","baseline","1"
"default","ready","1","3","1","1500","52.471","28587","109.441","131.925","191.007","9005","1622304","1","1359","linux","baseline","1"
"default","ready","1","3","2","1500","51.655","29039","109.302","134.561","189.884","9005","1622304","1","1368","linux","baseline","1"
"default","ready","1","3","3","1500","53.312","28136","109.860","132.701","172.892","9005","1622304","1","1405","linux","baseline","1"
"default","ready","1","16","1","8000","168.123","47584","316.665","604.002","633.290","48020","8653248","1","4738","linux","baseline","1"
"default","ready","1","16","2","8000","201.391","39724","411.131","605.047","680.604","48018","8652288","1","5530","linux","baseline","1"
"default","ready","1","16","3","8000","202.367","39532","428.403","601.637","657.919","48018","8652288","1","5610","linux","baseline","1"
"default","ready","4","1","1","500","40.616","12310","76.831","104.060","142.668","3003","540768","1","988","linux","baseline","1"
"default","ready","4","1","2","500","39.343","12709","76.403","91.466","126.553","3003","540768","1","994","linux","baseline","1"
"default","ready","4","1","3","500","40.176","12445","76.515","95.395","132.226","3003","540768","1","996","linux","baseline","1"
"default","ready","4","3","1","1500","27.036","55481","53.893","95.696","155.324","9005","1622304","2","871","linux","baseline","1"
"default","ready","4","3","2","1500","24.919","60194","52.920","82.630","119.239","9005","1622304","1","836","linux","baseline","1"
"default","ready","4","3","3","1500","26.446","56720","54.449","90.129","155.155","9005","1622304","1","846","linux","baseline","1"
"default","ready","4","16","1","8000","32.395","246951","45.786","105.633","178.984","48020","8653248","2","1136","linux","baseline","1"
"default","ready","4","16","2","8000","31.397","254799","45.667","103.075","181.035","48019","8652352","2","1081","linux","baseline","1"
"default","ready","4","16","3","8000","32.405","246877","44.106","114.218","290.791","48018","8652288","2","1120","linux","baseline","1"
"default","custom_fifo","1","1","1","500","40.699","12285","78.229","97.856","124.115","3003","540768","1","994","linux","baseline","1"
"default","custom_fifo","1","1","2","500","39.783","12568","77.582","96.712","111.021","3003","540768","1","995","linux","baseline","1"
"default","custom_fifo","1","1","3","500","40.110","12466","77.502","97.936","113.520","3003","540768","1","996","linux","baseline","1"
"default","custom_fifo","1","3","1","1500","52.762","28430","108.790","136.553","246.897","9005","1622304","1","1398","linux","baseline","1"
"default","custom_fifo","1","3","2","1500","54.506","27520","108.538","136.217","252.167","9005","1622304","1","1427","linux","baseline","1"
"default","custom_fifo","1","3","3","1500","55.492","27031","109.218","136.772","293.809","9005","1622304","1","1427","linux","baseline","1"
"default","custom_fifo","1","16","1","8000","209.426","38200","430.896","609.334","701.724","48020","8653248","1","5761","linux","baseline","1"
"default","custom_fifo","1","16","2","8000","208.245","38416","432.249","606.626","729.603","48018","8652288","1","5734","linux","baseline","1"
"default","custom_fifo","1","16","3","8000","203.851","39244","415.066","604.737","729.709","48018","8652288","1","5641","linux","baseline","1"
"default","custom_fifo","4","1","1","500","40.600","12315","78.185","98.139","132.771","3003","540768","1","990","linux","baseline","1"
"default","custom_fifo","4","1","2","500","38.718","12914","76.312","92.826","107.078","3003","540768","1","985","linux","baseline","1"
"default","custom_fifo","4","1","3","500","40.150","12453","76.462","97.979","132.130","3003","540768","1","983","linux","baseline","1"
"default","custom_fifo","4","3","1","1500","26.139","57386","54.097","83.786","108.851","9005","1622304","2","873","linux","baseline","1"
"default","custom_fifo","4","3","2","1500","27.805","53948","54.416","89.627","119.028","9005","1622304","1","918","linux","baseline","1"
"default","custom_fifo","4","3","3","1500","26.827","55915","53.612","86.813","135.383","9005","1622304","2","846","linux","baseline","1"
"default","custom_fifo","4","16","1","8000","30.641","261089","44.469","98.318","146.943","48020","8653248","2","1082","linux","baseline","1"
"default","custom_fifo","4","16","2","8000","30.538","261968","44.340","98.039","211.256","48018","8652288","2","1062","linux","baseline","1"
"default","custom_fifo","4","16","3","8000","30.705","260540","43.413","102.453","136.827","48018","8652288","2","1080","linux","baseline","1"
"default","delayed","1","16","1","48","291.937","164","97485.536","98262.113","98389.922","308","65088","1","161","linux","baseline","1"
"default","delayed","1","16","2","48","291.757","165","96509.199","97858.448","98752.665","306","64128","1","158","linux","baseline","1"
"default","delayed","1","16","3","48","293.581","163","97987.039","98821.422","98946.982","306","64128","1","161","linux","baseline","1"
"default","delayed","4","16","1","48","74.232","647","24566.142","24742.146","24840.347","308","65088","4","52","linux","baseline","1"
"default","delayed","4","16","2","48","73.796","650","24515.864","24687.081","24688.388","306","64128","4","55","linux","baseline","1"
"default","delayed","4","16","3","48","73.368","654","23942.339","25000.094","25068.623","306","64128","4","62","linux","baseline","1"
"default","borrowers","1","16","1","48","292.997","164","6215.340","245417.965","281632.663","18","12672","1","197","linux","baseline","1"
"default","borrowers","1","16","2","48","293.520","164","6193.009","243980.609","281116.086","18","12672","1","162","linux","baseline","1"
"default","borrowers","1","16","3","48","295.752","162","6221.261","246079.983","283339.652","18","12672","1","154","linux","baseline","1"
"default","borrowers","4","16","1","48","74.311","646","6217.174","61812.094","61813.532","18","12672","4","44","linux","baseline","1"
"default","borrowers","4","16","2","48","71.499","671","6222.474","60053.755","60055.322","18","12672","4","45","linux","baseline","1"
"default","borrowers","4","16","3","48","73.426","654","6212.752","60984.306","60988.228","18","12672","4","43","linux","baseline","1"
"default","ready","1","1","1","500","26.175","19102","50.591","79.526","108.427","1503","520768","1","779","linux","candidate","0"
"default","ready","1","1","2","500","29.740","16813","60.452","84.795","178.530","1503","520768","1","775","linux","candidate","0"
"default","ready","1","1","3","500","27.249","18349","50.861","84.685","100.268","1503","520768","1","772","linux","candidate","0"
"default","ready","1","3","1","1500","45.720","32808","84.154","128.778","226.554","8391","1624624","1","1204","linux","candidate","0"
"default","ready","1","3","2","1500","48.776","30753","108.677","122.226","158.576","8615","1628064","1","1278","linux","candidate","0"
"default","ready","1","3","3","1500","49.376","30379","108.674","124.132","227.384","8600","1627824","1","1314","linux","candidate","0"
"default","ready","1","16","1","8000","185.415","43146","373.278","607.846","762.031","47936","8715904","1","5137","linux","candidate","0"
"default","ready","1","16","2","8000","187.002","42780","388.272","600.077","737.747","47919","8714704","1","5135","linux","candidate","0"
"default","ready","1","16","3","8000","207.439","38566","447.475","611.464","762.502","47832","8713312","1","5664","linux","candidate","0"
"default","ready","4","1","1","500","27.565","18139","50.844","82.298","121.493","1503","520768","1","767","linux","candidate","0"
"default","ready","4","1","2","500","27.671","18070","50.263","81.804","137.422","1503","520768","1","763","linux","candidate","0"
"default","ready","4","1","3","500","24.395","20496","38.363","80.775","114.470","1503","520768","1","746","linux","candidate","0"
"default","ready","4","3","1","1500","23.354","64229","37.965","81.563","153.167","4505","1562304","1","734","linux","candidate","0"
"default","ready","4","3","2","1500","22.753","65924","37.184","83.290","152.041","4505","1562304","2","701","linux","candidate","0"
"default","ready","4","3","3","1500","21.414","70048","36.773","79.268","100.586","4505","1562304","1","705","linux","candidate","0"
"default","ready","4","16","1","8000","31.461","254284","44.009","113.632","183.743","44898","8667440","2","1085","linux","candidate","0"
"default","ready","4","16","2","8000","31.417","254643","43.628","108.654","211.946","44712","8663392","2","1089","linux","candidate","0"
"default","ready","4","16","3","8000","30.696","260623","43.688","106.981","189.075","45270","8672320","2","1079","linux","candidate","0"
"default","custom_fifo","1","1","1","500","40.899","12225","77.364","97.576","165.151","3003","544768","1","987","linux","candidate","0"
"default","custom_fifo","1","1","2","500","40.778","12262","77.965","98.962","168.896","3003","544768","1","989","linux","candidate","0"
"default","custom_fifo","1","1","3","500","39.720","12588","77.508","98.952","131.669","3003","544768","1","984","linux","candidate","0"
"default","custom_fifo","1","3","1","1500","54.798","27373","110.707","131.974","204.070","9005","1634304","1","1426","linux","candidate","0"
"default","custom_fifo","1","3","2","1500","55.672","26944","111.005","137.133","200.399","9005","1634304","1","1429","linux","candidate","0"
"default","custom_fifo","1","3","3","1500","55.578","26989","110.625","138.078","219.168","9005","1634304","1","1446","linux","candidate","0"
"default","custom_fifo","1","16","1","8000","207.383","38576","438.711","599.912","620.036","48020","8717248","1","5929","linux","candidate","0"
"default","custom_fifo","1","16","2","8000","208.399","38388","454.457","603.761","746.620","48018","8716288","1","5643","linux","candidate","0"
"default","custom_fifo","1","16","3","8000","208.910","38294","465.790","612.932","755.150","48018","8716288","1","5593","linux","candidate","0"
"default","custom_fifo","4","1","1","500","39.292","12725","76.476","91.752","126.471","3003","544768","1","990","linux","candidate","0"
"default","custom_fifo","4","1","2","500","39.531","12648","76.566","94.906","124.212","3003","544768","1","989","linux","candidate","0"
"default","custom_fifo","4","1","3","500","39.566","12637","76.777","97.414","114.624","3003","544768","1","988","linux","candidate","0"
"default","custom_fifo","4","3","1","1500","27.054","55445","54.506","92.423","142.709","9005","1634304","2","863","linux","candidate","0"
"default","custom_fifo","4","3","2","1500","25.866","57992","52.781","85.173","121.387","9005","1634304","1","820","linux","candidate","0"
"default","custom_fifo","4","3","3","1500","28.036","53502","55.320","93.004","126.077","9005","1634304","1","953","linux","candidate","0"
"default","custom_fifo","4","16","1","8000","32.625","245209","44.966","103.815","167.227","48020","8717248","2","1112","linux","candidate","0"
"default","custom_fifo","4","16","2","8000","31.050","257650","43.873","95.742","151.089","48019","8716352","2","1098","linux","candidate","0"
"default","custom_fifo","4","16","3","8000","31.226","256195","43.756","101.619","186.439","48018","8716288","2","1081","linux","candidate","0"
"default","delayed","1","16","1","48","294.413","163","97768.118","98568.912","99511.648","306","65584","1","161","linux","candidate","0"
"default","delayed","1","16","2","48","290.820","165","96186.387","98257.361","98366.174","303","64464","1","157","linux","candidate","0"
"default","delayed","1","16","3","48","294.166","163","97455.132","98434.695","98654.034","303","64464","1","149","linux","candidate","0"
"default","delayed","4","16","1","48","74.609","643","24064.982","25165.597","25345.184","297","65440","4","75","linux","candidate","0"
"default","delayed","4","16","2","48","74.606","643","24756.761","25106.250","25171.494","294","64320","4","61","linux","candidate","0"
"default","delayed","4","16","3","48","74.667","643","24820.876","25131.629","25193.916","294","64320","4","62","linux","candidate","0"
"default","borrowers","1","16","1","48","295.688","162","6238.762","245860.847","283198.569","18","12672","1","151","linux","candidate","0"
"default","borrowers","1","16","2","48","295.477","162","6231.555","245811.519","282991.355","18","12672","1","151","linux","candidate","0"
"default","borrowers","1","16","3","48","296.268","162","6233.379","246533.224","283851.911","18","12672","1","153","linux","candidate","0"
"default","borrowers","4","16","1","48","73.891","650","6235.865","61473.622","61476.739","18","12672","4","44","linux","candidate","0"
"default","borrowers","4","16","2","48","73.952","649","6231.816","61379.835","61382.783","18","12672","4","44","linux","candidate","0"
"default","borrowers","4","16","3","48","75.165","639","6222.326","62313.343","62314.957","18","12672","4","41","linux","candidate","0"
"default","ready","1","1","1","500","30.247","16531","55.635","88.175","166.506","1503","520768","1","889","linux","candidate","1"
"default","ready","1","1","2","500","32.737","15273","61.791","93.868","115.040","1503","520768","1","891","linux","candidate","1"
"default","ready","1","1","3","500","29.120","17170","59.124","86.802","115.461","1503","520768","1","804","linux","candidate","1"
"default","ready","1","3","1","1500","47.553","31544","95.122","134.217","230.000","8415","1625008","1","1269","linux","candidate","1"
"default","ready","1","3","2","1500","46.343","32367","84.937","127.932","235.153","8432","1625136","1","1176","linux","candidate","1"
"default","ready","1","3","3","1500","47.454","31609","105.758","121.476","248.285","8591","1627680","1","1274","linux","candidate","1"
"default","ready","1","16","1","8000","189.798","42150","403.142","606.448","744.304","47930","8715808","1","5188","linux","candidate","1"
"default","ready","1","16","2","8000","186.862","42812","371.929","608.252","697.249","47892","8714272","1","5055","linux","candidate","1"
"default","ready","1","16","3","8000","221.822","36065","485.279","618.705","734.515","47823","8713168","1","6001","linux","candidate","1"
"default","ready","4","1","1","500","26.858","18616","49.241","85.664","144.673","1503","520768","1","773","linux","candidate","1"
"default","ready","4","1","2","500","27.874","17938","52.245","86.509","166.517","1503","520768","1","778","linux","candidate","1"
"default","ready","4","1","3","500","27.172","18401","51.674","83.773","108.378","1503","520768","1","774","linux","candidate","1"
"default","ready","4","3","1","1500","22.595","66386","37.495","77.478","142.051","4505","1562304","1","736","linux","candidate","1"
"default","ready","4","3","2","1500","22.969","65306","36.262","73.506","119.741","4505","1562304","1","741","linux","candidate","1"
"default","ready","4","3","3","1500","23.541","63720","38.317","82.568","164.409","4505","1562304","1","752","linux","candidate","1"
"default","ready","4","16","1","8000","32.825","243713","45.393","109.451","180.760","44862","8666864","2","1127","linux","candidate","1"
"default","ready","4","16","2","8000","31.928","250565","43.809","108.475","270.633","44751","8664016","2","1122","linux","candidate","1"
"default","ready","4","16","3","8000","32.673","244852","46.495","111.483","150.831","45075","8669200","2","1187","linux","candidate","1"
"default","custom_fifo","1","1","1","500","40.002","12499","77.556","99.335","134.074","3003","544768","1","989","linux","candidate","1"
"default","custom_fifo","1","1","2","500","39.629","12617","77.395","96.378","116.694","3003","544768","1","990","linux","candidate","1"
"default","custom_fifo","1","1","3","500","39.006","12819","76.232","94.491","125.735","3003","544768","1","988","linux","candidate","1"
"default","custom_fifo","1","3","1","1500","54.253","27648","109.521","137.244","209.655","9005","1634304","1","1430","linux","candidate","1"
"default","custom_fifo","1","3","2","1500","54.205","27673","109.752","141.167","209.638","9005","1634304","1","1424","linux","candidate","1"
"default","custom_fifo","1","3","3","1500","54.713","27416","109.832","142.290","216.140","9005","1634304","1","1441","linux","candidate","1"
"default","custom_fifo","1","16","1","8000","212.455","37655","430.274","607.626","640.925","48020","8717248","1","5895","linux","candidate","1"
"default","custom_fifo","1","16","2","8000","204.534","39113","432.122","607.266","637.863","48018","8716288","1","5662","linux","candidate","1"
"default","custom_fifo","1","16","3","8000","213.977","37387","451.697","604.173","725.455","48018","8716288","1","5848","linux","candidate","1"
"default","custom_fifo","4","1","1","500","40.076","12476","77.608","96.231","109.992","3003","544768","1","993","linux","candidate","1"
"default","custom_fifo","4","1","2","500","40.348","12392","77.337","98.927","123.283","3003","544768","1","987","linux","candidate","1"
"default","custom_fifo","4","1","3","500","39.463","12670","75.162","91.660","116.607","3003","544768","1","997","linux","candidate","1"
"default","custom_fifo","4","3","1","1500","27.216","55114","55.518","83.331","124.088","9005","1634304","1","895","linux","candidate","1"
"default","custom_fifo","4","3","2","1500","27.330","54885","53.546","89.636","158.954","9005","1634304","1","866","linux","candidate","1"
"default","custom_fifo","4","3","3","1500","27.266","55013","53.633","90.127","114.232","9005","1634304","1","961","linux","candidate","1"
"default","custom_fifo","4","16","1","8000","31.093","257291","42.691","103.150","195.358","48020","8717248","2","1107","linux","candidate","1"
"default","custom_fifo","4","16","2","8000","31.869","251028","43.076","104.239","174.340","48018","8716288","2","1129","linux","candidate","1"
"default","custom_fifo","4","16","3","8000","32.187","248546","43.068","114.744","317.068","48018","8716288","2","1120","linux","candidate","1"
"default","delayed","1","16","1","48","295.090","163","98102.765","99262.283","99276.114","306","65584","1","162","linux","candidate","1"
"default","delayed","1","16","2","48","294.676","163","98036.593","99225.624","99259.361","303","64464","1","155","linux","candidate","1"
"default","delayed","1","16","3","48","293.499","164","97290.500","98375.316","98540.610","303","64464","1","161","linux","candidate","1"
"default","delayed","4","16","1","48","74.272","646","24729.901","24938.211","24938.442","297","65440","4","53","linux","candidate","1"
"default","delayed","4","16","2","48","73.649","652","23861.309","24935.306","24936.158","294","64320","4","61","linux","candidate","1"
"default","delayed","4","16","3","48","74.943","640","24839.064","25095.729","25096.621","294","64320","4","64","linux","candidate","1"
"default","borrowers","1","16","1","48","294.864","163","6220.756","245518.214","282540.424","18","12672","1","160","linux","candidate","1"
"default","borrowers","1","16","2","48","294.209","163","6182.432","244778.038","281829.715","18","12672","1","151","linux","candidate","1"
"default","borrowers","1","16","3","48","293.942","163","6174.275","245733.552","281605.328","18","12672","1","150","linux","candidate","1"
"default","borrowers","4","16","1","48","73.901","650","6137.814","61420.314","61421.944","18","12672","4","48","linux","candidate","1"
"default","borrowers","4","16","2","48","73.437","654","6170.425","60665.164","60668.275","18","12672","4","49","linux","candidate","1"
"default","borrowers","4","16","3","48","73.107","657","6172.524","61754.648","61757.688","18","12672","4","43","linux","candidate","1"
"two","ready","1","1","1","500","39.582","12632","73.137","96.035","211.834","3003","540768","1","991","linux","baseline","0"
"two","ready","1","1","2","500","40.772","12263","76.627","97.387","160.521","3003","540768","1","992","linux","baseline","0"
"two","ready","1","1","3","500","42.488","11768","77.153","109.704","231.083","3003","540768","1","989","linux","baseline","0"
"two","ready","1","3","1","1500","49.478","30316","79.470","120.105","211.606","9005","1622304","1","1396","linux","baseline","0"
"two","ready","1","3","2","1500","50.031","29981","79.092","137.087","254.179","9005","1622304","1","1383","linux","baseline","0"
"two","ready","1","3","3","1500","48.694","30805","77.273","119.797","262.332","9005","1622304","1","1384","linux","baseline","0"
"two","ready","1","16","1","8000","71.545","111819","119.210","242.089","288.053","48020","8653248","1","2648","linux","baseline","0"
"two","ready","1","16","2","8000","73.666","108599","128.834","243.709","307.490","48018","8652288","1","2610","linux","baseline","0"
"two","ready","1","16","3","8000","73.518","108816","122.839","242.587","335.359","48018","8652288","1","2579","linux","baseline","0"
"two","ready","4","1","1","500","42.223","11842","78.029","104.774","226.300","3003","540768","1","999","linux","baseline","0"
"two","ready","4","1","2","500","41.516","12043","77.701","101.791","233.230","3003","540768","1","987","linux","baseline","0"
"two","ready","4","1","3","500","41.868","11942","78.128","102.208","220.504","3003","540768","1","992","linux","baseline","0"
"two","ready","4","3","1","1500","42.095","35634","79.152","106.215","198.590","9005","1622304","1","996","linux","baseline","0"
"two","ready","4","3","2","1500","43.478","34500","79.380","132.692","250.918","9005","1622304","2","1001","linux","baseline","0"
"two","ready","4","3","3","1500","42.203","35543","79.590","101.671","257.201","9005","1622304","1","1001","linux","baseline","0"
"two","ready","4","16","1","8000","39.408","203003","58.521","165.462","212.510","48022","8653376","2","974","linux","baseline","0"
"two","ready","4","16","2","8000","39.979","200106","54.637","168.856","210.406","48018","8652288","2","983","linux","baseline","0"
"two","ready","4","16","3","8000","34.822","229738","45.889","165.143","181.952","48018","8652288","2","861","linux","baseline","0"
"two","custom_fifo","1","1","1","500","42.636","11727","78.780","107.939","202.334","3003","540768","1","998","linux","baseline","0"
"two","custom_fifo","1","1","2","500","41.765","11972","78.521","102.685","147.529","3003","540768","1","993","linux","baseline","0"
"two","custom_fifo","1","1","3","500","40.618","12310","79.109","97.261","120.409","3003","540768","1","994","linux","baseline","0"
"two","custom_fifo","1","3","1","1500","46.762","32078","78.382","124.061","223.632","9005","1622304","1","1313","linux","baseline","0"
"two","custom_fifo","1","3","2","1500","45.268","33136","76.959","123.504","172.140","9005","1622304","1","1344","linux","baseline","0"
"two","custom_fifo","1","3","3","1500","49.078","30564","79.845","126.202","182.231","9005","1622304","1","1402","linux","baseline","0"
"two","custom_fifo","1","16","1","8000","73.505","108836","130.421","241.694","303.218","48020","8653248","1","2568","linux","baseline","0"
"two","custom_fifo","1","16","2","8000","73.171","109333","127.724","228.558","316.195","48018","8652288","1","2638","linux","baseline","0"
"two","custom_fifo","1","16","3","8000","73.629","108653","128.003","238.659","292.181","48018","8652288","1","2738","linux","baseline","0"
"two","custom_fifo","4","1","1","500","41.428","12069","79.825","102.685","139.457","3003","540768","1","993","linux","baseline","0"
"two","custom_fifo","4","1","2","500","41.788","11965","77.984","105.870","206.205","3003","540768","1","986","linux","baseline","0"
"two","custom_fifo","4","1","3","500","41.462","12059","77.267","100.227","217.411","3003","540768","1","992","linux","baseline","0"
"two","custom_fifo","4","3","1","1500","41.449","36189","80.452","102.904","149.678","9005","1622304","1","1006","linux","baseline","0"
"two","custom_fifo","4","3","2","1500","41.691","35979","78.262","105.710","133.914","9005","1622304","1","1007","linux","baseline","0"
"two","custom_fifo","4","3","3","1500","41.251","36363","77.168","112.598","166.179","9005","1622304","1","1013","linux","baseline","0"
"two","custom_fifo","4","16","1","8000","34.058","234896","42.843","163.194","172.608","48020","8653248","2","865","linux","baseline","0"
"two","custom_fifo","4","16","2","8000","37.340","214245","48.387","162.934","195.587","48018","8652288","2","1002","linux","baseline","0"
"two","custom_fifo","4","16","3","8000","33.523","238640","38.882","162.875","173.942","48018","8652288","1","834","linux","baseline","0"
"two","delayed","1","16","1","48","290.432","165","96717.782","97383.747","97770.137","308","65088","1","163","linux","baseline","0"
"two","delayed","1","16","2","48","293.173","164","97251.037","98635.034","99125.550","306","64128","1","165","linux","baseline","0"
"two","delayed","1","16","3","48","293.673","163","97477.928","98052.032","98720.567","306","64128","1","161","linux","baseline","0"
"two","delayed","4","16","1","48","74.856","641","24060.214","25103.277","25234.810","308","65088","4","66","linux","baseline","0"
"two","delayed","4","16","2","48","74.166","647","24670.881","24809.021","24813.326","306","64128","4","68","linux","baseline","0"
"two","delayed","4","16","3","48","74.361","646","24603.845","25172.655","25172.856","306","64128","4","66","linux","baseline","0"
"two","borrowers","1","16","1","48","295.807","162","6196.225","246287.839","283429.714","18","12672","1","152","linux","baseline","0"
"two","borrowers","1","16","2","48","296.259","162","6214.814","246752.963","283729.583","18","12672","1","155","linux","baseline","0"
"two","borrowers","1","16","3","48","296.174","162","6196.434","246739.480","283850.362","18","12672","1","157","linux","baseline","0"
"two","borrowers","4","16","1","48","74.500","644","6203.711","62068.386","62072.109","18","12672","4","48","linux","baseline","0"
"two","borrowers","4","16","2","48","74.779","642","6201.258","62225.837","62232.683","18","12672","4","47","linux","baseline","0"
"two","borrowers","4","16","3","48","71.384","672","6198.462","59984.967","59988.649","18","12672","4","45","linux","baseline","0"
"two","ready","1","1","1","500","39.561","12639","77.592","91.289","109.128","3003","540768","1","999","linux","baseline","1"
"two","ready","1","1","2","500","39.815","12558","78.294","90.397","132.702","3003","540768","1","993","linux","baseline","1"
"two","ready","1","1","3","500","40.356","12390","78.164","95.992","131.861","3003","540768","1","999","linux","baseline","1"
"two","ready","1","3","1","1500","47.649","31480","77.271","125.824","194.729","9005","1622304","1","1422","linux","baseline","1"
"two","ready","1","3","2","1500","47.108","31842","76.660","124.169","175.659","9005","1622304","1","1357","linux","baseline","1"
"two","ready","1","3","3","1500","47.426","31628","77.261","123.608","194.391","9005","1622304","1","1363","linux","baseline","1"
"two","ready","1","16","1","8000","71.285","112225","114.683","262.196","333.972","48020","8653248","1","2655","linux","baseline","1"
"two","ready","1","16","2","8000","74.564","107290","128.340","247.366","316.243","48018","8652288","1","2699","linux","baseline","1"
"two","ready","1","16","3","8000","72.641","110131","122.325","246.303","313.376","48018","8652288","1","2620","linux","baseline","1"
"two","ready","4","1","1","500","42.661","11720","78.966","107.002","155.334","3003","540768","1","995","linux","baseline","1"
"two","ready","4","1","2","500","41.816","11957","79.567","98.348","163.296","3003","540768","1","994","linux","baseline","1"
"two","ready","4","1","3","500","41.817","11957","78.184","97.968","229.256","3003","540768","1","990","linux","baseline","1"
"two","ready","4","3","1","1500","42.691","35137","80.139","116.859","215.539","9005","1622304","1","996","linux","baseline","1"
"two","ready","4","3","2","1500","42.443","35341","80.039","105.478","222.266","9005","1622304","1","997","linux","baseline","1"
"two","ready","4","3","3","1500","42.296","35464","80.089","102.169","226.529","9005","1622304","1","998","linux","baseline","1"
"two","ready","4","16","1","8000","38.328","208724","44.121","168.420","271.010","48022","8653376","2","896","linux","baseline","1"
"two","ready","4","16","2","8000","36.874","216954","44.521","167.978","271.711","48018","8652288","2","867","linux","baseline","1"
"two","ready","4","16","3","8000","32.277","247853","39.197","166.735","211.979","48018","8652288","2","716","linux","baseline","1"
"two","custom_fifo","1","1","1","500","42.616","11733","79.147","100.484","226.418","3003","540768","1","996","linux","baseline","1"
"two","custom_fifo","1","1","2","500","42.634","11728","78.790","114.093","183.787","3003","540768","1","988","linux","baseline","1"
"two","custom_fifo","1","1","3","500","41.089","12169","76.142","102.299","187.738","3003","540768","1","989","linux","baseline","1"
"two","custom_fifo","1","3","1","1500","46.389","32335","78.710","120.593","197.450","9005","1622304","1","1339","linux","baseline","1"
"two","custom_fifo","1","3","2","1500","46.257","32428","75.411","124.043","250.349","9005","1622304","1","1310","linux","baseline","1"
"two","custom_fifo","1","3","3","1500","49.773","30137","78.841","151.994","227.137","9005","1622304","1","1301","linux","baseline","1"
"two","custom_fifo","1","16","1","8000","71.803","111415","126.784","233.593","313.356","48020","8653248","1","2494","linux","baseline","1"
"two","custom_fifo","1","16","2","8000","76.164","105036","130.300","254.193","344.095","48018","8652288","1","2567","linux","baseline","1"
"two","custom_fifo","1","16","3","8000","70.659","113220","115.256","245.882","401.624","48018","8652288","1","2471","linux","baseline","1"
"two","custom_fifo","4","1","1","500","41.188","12140","77.687","100.664","142.045","3003","540768","1","993","linux","baseline","1"
"two","custom_fifo","4","1","2","500","43.438","11511","78.469","106.812","219.241","3003","540768","1","994","linux","baseline","1"
"two","custom_fifo","4","1","3","500","41.479","12054","78.048","98.557","220.173","3003","540768","1","990","linux","baseline","1"
"two","custom_fifo","4","3","1","1500","43.007","34878","79.412","114.455","243.903","9005","1622304","1","999","linux","baseline","1"
"two","custom_fifo","4","3","2","1500","41.633","36029","77.717","102.309","207.617","9005","1622304","1","1002","linux","baseline","1"
"two","custom_fifo","4","3","3","1500","43.142","34769","79.573","117.503","245.487","9005","1622304","1","995","linux","baseline","1"
"two","custom_fifo","4","16","1","8000","36.680","218105","48.080","166.968","208.940","48020","8653248","2","924","linux","baseline","1"
"two","custom_fifo","4","16","2","8000","40.223","198892","50.457","168.543","204.858","48018","8652288","2","914","linux","baseline","1"
"two","custom_fifo","4","16","3","8000","30.946","258512","19.728","167.690","178.452","48018","8652288","2","646","linux","baseline","1"
"two","delayed","1","16","1","48","295.938","162","98264.198","99399.055","99487.934","308","65088","1","157","linux","baseline","1"
"two","delayed","1","16","2","48","295.026","163","98108.678","99281.078","99386.766","306","64128","1","162","linux","baseline","1"
"two","delayed","1","16","3","48","292.607","164","96537.452","98734.570","98960.538","306","64128","1","164","linux","baseline","1"
"two","delayed","4","16","1","48","74.416","645","24763.270","24985.849","24986.833","308","65088","4","58","linux","baseline","1"
"two","delayed","4","16","2","48","73.765","651","24055.123","24952.283","24952.384","306","64128","4","58","linux","baseline","1"
"two","delayed","4","16","3","48","73.685","651","23944.811","24974.212","25010.293","306","64128","4","57","linux","baseline","1"
"two","borrowers","1","16","1","48","297.064","162","6239.843","247114.636","284525.600","18","12672","1","150","linux","baseline","1"
"two","borrowers","1","16","2","48","295.948","162","6223.244","246125.571","283402.781","18","12672","1","151","linux","baseline","1"
"two","borrowers","1","16","3","48","296.809","162","6234.544","247034.762","284349.864","18","12672","1","149","linux","baseline","1"
"two","borrowers","4","16","1","48","72.628","661","6216.148","60204.893","60208.354","18","12672","4","49","linux","baseline","1"
"two","borrowers","4","16","2","48","73.491","653","6241.947","61956.995","61959.935","18","12672","4","58","linux","baseline","1"
"two","borrowers","4","16","3","48","74.021","648","6256.942","62487.222","62490.783","18","12672","4","46","linux","baseline","1"
"two","ready","1","1","1","500","37.273","13415","74.004","90.533","118.571","1503","520768","1","980","linux","candidate","0"
"two","ready","1","1","2","500","39.047","12805","73.476","101.876","148.319","1503","520768","1","977","linux","candidate","0"
"two","ready","1","1","3","500","38.500","12987","75.821","93.703","117.573","1503","520768","1","992","linux","candidate","0"
"two","ready","1","3","1","1500","37.757","39727","73.815","102.156","128.201","7623","1612336","1","1128","linux","candidate","0"
"two","ready","1","3","2","1500","40.308","37213","75.632","101.666","147.607","7586","1611600","1","1109","linux","candidate","0"
"two","ready","1","3","3","1500","40.769","36793","75.082","110.588","149.447","7925","1617024","1","1079","linux","candidate","0"
"two","ready","1","16","1","8000","76.318","104825","123.072","343.340","364.655","47756","8713024","1","2730","linux","candidate","0"
"two","ready","1","16","2","8000","80.476","99409","130.266","345.196","371.800","47649","8710384","1","2672","linux","candidate","0"
"two","ready","1","16","3","8000","74.596","107244","125.486","263.567","373.826","47736","8711776","1","2623","linux","candidate","0"
"two","ready","4","1","1","500","38.187","13093","75.082","93.364","115.600","1503","520768","1","997","linux","candidate","0"
"two","ready","4","1","2","500","37.657","13278","74.963","88.924","101.644","1503","520768","1","992","linux","candidate","0"
"two","ready","4","1","3","500","39.908","12529","75.901","94.572","134.478","1503","520768","1","986","linux","candidate","0"
"two","ready","4","3","1","1500","35.918","41762","76.120","93.554","123.501","4505","1562304","1","985","linux","candidate","0"
"two","ready","4","3","2","1500","37.487","40014","76.030","90.240","116.226","4505","1562304","1","1015","linux","candidate","0"
"two","ready","4","3","3","1500","37.038","40499","74.833","91.199","125.829","4505","1562304","1","1016","linux","candidate","0"
"two","ready","4","16","1","8000","39.198","204091","55.464","169.863","205.589","44279","8657632","2","1033","linux","candidate","0"
"two","ready","4","16","2","8000","31.202","256394","47.720","137.371","188.165","43737","8647792","2","849","linux","candidate","0"
"two","ready","4","16","3","8000","29.231","273680","37.053","155.563","169.753","44475","8659600","2","758","linux","candidate","0"
"two","custom_fifo","1","1","1","500","38.204","13088","74.256","90.691","117.848","3003","544768","1","994","linux","candidate","0"
"two","custom_fifo","1","1","2","500","38.113","13119","73.876","93.625","105.458","3003","544768","1","993","linux","candidate","0"
"two","custom_fifo","1","1","3","500","38.516","12982","74.336","93.546","115.113","3003","544768","1","987","linux","candidate","0"
"two","custom_fifo","1","3","1","1500","44.649","33595","73.797","115.872","147.913","9005","1634304","1","1379","linux","candidate","0"
"two","custom_fifo","1","3","2","1500","43.673","34346","73.997","114.874","149.191","9005","1634304","1","1361","linux","candidate","0"
"two","custom_fifo","1","3","3","1500","46.249","32433","75.394","116.412","147.404","9005","1634304","1","1438","linux","candidate","0"
"two","custom_fifo","1","16","1","8000","70.669","113204","114.494","242.418","289.275","48020","8717248","1","2553","linux","candidate","0"
"two","custom_fifo","1","16","2","8000","86.058","92960","148.402","284.384","361.575","48018","8716288","1","2809","linux","candidate","0"
"two","custom_fifo","1","16","3","8000","73.639","108638","127.893","249.004","305.650","48018","8716288","1","2656","linux","candidate","0"
"two","custom_fifo","4","1","1","500","41.087","12169","78.669","100.372","136.640","3003","544768","1","996","linux","candidate","0"
"two","custom_fifo","4","1","2","500","39.562","12638","77.940","95.333","114.744","3003","544768","1","989","linux","candidate","0"
"two","custom_fifo","4","1","3","500","40.394","12378","78.589","95.913","114.748","3003","544768","1","987","linux","candidate","0"
"two","custom_fifo","4","3","1","1500","42.740","35096","79.897","102.243","132.806","9005","1634304","1","998","linux","candidate","0"
"two","custom_fifo","4","3","2","1500","40.837","36731","78.679","102.582","141.942","9005","1634304","1","993","linux","candidate","0"
"two","custom_fifo","4","3","3","1500","40.415","37115","78.589","96.911","126.815","9005","1634304","1","995","linux","candidate","0"
"two","custom_fifo","4","16","1","8000","38.146","209722","53.617","137.928","171.487","48020","8717248","2","948","linux","candidate","0"
"two","custom_fifo","4","16","2","8000","38.220","209316","53.897","131.218","221.171","48018","8716288","2","959","linux","candidate","0"
"two","custom_fifo","4","16","3","8000","41.789","191439","58.560","144.249","204.566","48018","8716288","2","1135","linux","candidate","0"
"two","delayed","1","16","1","48","290.357","165","95940.190","98047.249","98344.569","306","65584","1","163","linux","candidate","0"
"two","delayed","1","16","2","48","294.703","163","97706.307","98899.490","98927.311","303","64464","1","165","linux","candidate","0"
"two","delayed","1","16","3","48","292.941","164","97352.507","98021.768","98083.338","303","64464","1","162","linux","candidate","0"
"two","delayed","4","16","1","48","74.198","647","24692.844","24812.409","24829.152","297","65440","4","55","linux","candidate","0"
"two","delayed","4","16","2","48","74.481","644","24806.365","24872.175","24872.395","294","64320","4","63","linux","candidate","0"
"two","delayed","4","16","3","48","73.028","657","23732.448","24763.551","24764.640","294","64320","4","58","linux","candidate","0"
"two","borrowers","1","16","1","48","296.958","162","6220.107","247121.349","284562.727","18","12672","1","156","linux","candidate","0"
"two","borrowers","1","16","2","48","294.307","163","6197.831","244763.225","281796.243","18","12672","1","148","linux","candidate","0"
"two","borrowers","1","16","3","48","294.315","163","6193.853","245626.973","281915.869","18","12672","1","151","linux","candidate","0"
"two","borrowers","4","16","1","48","73.941","649","6226.392","61453.952","61457.569","18","12672","4","52","linux","candidate","0"
"two","borrowers","4","16","2","48","73.707","651","6205.605","61255.226","61257.456","18","12672","4","38","linux","candidate","0"
"two","borrowers","4","16","3","48","73.114","657","6220.991","60563.029","60566.548","18","12672","4","48","linux","candidate","0"
"two","ready","1","1","1","500","39.156","12769","76.342","96.627","114.612","1503","520768","1","974","linux","candidate","1"
"two","ready","1","1","2","500","38.753","12902","75.541","93.958","108.154","1503","520768","1","987","linux","candidate","1"
"two","ready","1","1","3","500","42.526","11758","82.411","101.176","209.980","1503","520768","1","1004","linux","candidate","1"
"two","ready","1","3","1","1500","39.412","38059","75.712","104.775","145.814","7761","1614544","1","1186","linux","candidate","1"
"two","ready","1","3","2","1500","38.771","38688","72.893","107.075","172.448","7706","1613520","1","1157","linux","candidate","1"
"two","ready","1","3","3","1500","39.550","37926","75.212","95.224","125.640","8006","1618320","1","1072","linux","candidate","1"
"two","ready","1","16","1","8000","74.679","107125","127.080","256.018","342.278","47735","8712688","1","2569","linux","candidate","1"
"two","ready","1","16","2","8000","76.924","103999","134.988","261.277","343.817","47706","8711296","1","2695","linux","candidate","1"
"two","ready","1","16","3","8000","82.333","97167","140.666","284.002","428.017","47703","8711248","1","2752","linux","candidate","1"
"two","ready","4","1","1","500","39.321","12716","76.042","96.946","129.888","1503","520768","1","986","linux","candidate","1"
"two","ready","4","1","2","500","39.193","12757","76.042","96.857","112.873","1503","520768","1","993","linux","candidate","1"
"two","ready","4","1","3","500","40.708","12283","80.560","100.216","136.347","1503","520768","1","990","linux","candidate","1"
"two","ready","4","3","1","1500","37.288","40228","77.071","92.807","111.853","4505","1562304","1","1029","linux","candidate","1"
"two","ready","4","3","2","1500","29.540","50779","73.442","85.879","131.488","4506","1562368","1","822","linux","candidate","1"
"two","ready","4","3","3","1500","37.200","40323","75.471","93.298","127.829","4505","1562304","1","993","linux","candidate","1"
"two","ready","4","16","1","8000","32.245","248101","32.463","168.730","191.334","44653","8663568","2","743","linux","candidate","1"
"two","ready","4","16","2","8000","32.128","249004","46.548","167.630","192.464","43854","8649664","2","848","linux","candidate","1"
"two","ready","4","16","3","8000","36.986","216298","48.029","171.728","198.862","44835","8665360","2","904","linux","candidate","1"
"two","custom_fifo","1","1","1","500","40.926","12217","78.607","100.486","130.698","3003","544768","1","995","linux","candidate","1"
"two","custom_fifo","1","1","2","500","38.997","12822","75.907","95.729","108.939","3003","544768","1","996","linux","candidate","1"
"two","custom_fifo","1","1","3","500","38.460","13000","75.037","91.518","106.069","3003","544768","1","998","linux","candidate","1"
"two","custom_fifo","1","3","1","1500","46.915","31973","75.706","127.531","186.217","9005","1634304","1","1338","linux","candidate","1"
"two","custom_fifo","1","3","2","1500","45.873","32699","75.716","121.771","172.065","9005","1634304","1","1341","linux","candidate","1"
"two","custom_fifo","1","3","3","1500","44.984","33345","75.377","122.821","168.908","9005","1634304","1","1309","linux","candidate","1"
"two","custom_fifo","1","16","1","8000","71.740","111514","128.301","229.400","295.186","48020","8717248","1","2725","linux","candidate","1"
"two","custom_fifo","1","16","2","8000","73.237","109234","122.391","241.011","296.516","48018","8716288","1","2687","linux","candidate","1"
"two","custom_fifo","1","16","3","8000","76.315","104828","133.932","246.902","309.737","48018","8716288","1","2792","linux","candidate","1"
"two","custom_fifo","4","1","1","500","40.504","12344","78.867","99.709","111.730","3003","544768","1","996","linux","candidate","1"
"two","custom_fifo","4","1","2","500","40.539","12334","78.327","101.559","135.841","3003","544768","1","992","linux","candidate","1"
"two","custom_fifo","4","1","3","500","40.022","12493","77.757","93.958","115.570","3003","544768","1","998","linux","candidate","1"
"two","custom_fifo","4","3","1","1500","41.415","36219","79.697","109.229","139.502","9005","1634304","1","1006","linux","candidate","1"
"two","custom_fifo","4","3","2","1500","41.475","36166","80.097","100.458","126.491","9005","1634304","1","1003","linux","candidate","1"
"two","custom_fifo","4","3","3","1500","40.263","37255","78.407","97.058","120.690","9005","1634304","1","992","linux","candidate","1"
"two","custom_fifo","4","16","1","8000","35.457","225627","34.653","172.045","190.777","48020","8717248","2","808","linux","candidate","1"
"two","custom_fifo","4","16","2","8000","36.887","216881","48.834","167.464","171.045","48018","8716288","2","981","linux","candidate","1"
"two","custom_fifo","4","16","3","8000","34.167","234144","42.304","166.264","177.386","48018","8716288","2","828","linux","candidate","1"
"two","delayed","1","16","1","48","291.672","165","96165.114","98040.427","98104.043","306","65584","1","164","linux","candidate","1"
"two","delayed","1","16","2","48","292.288","164","96515.043","97828.002","98556.140","303","64464","1","160","linux","candidate","1"
"two","delayed","1","16","3","48","292.571","164","97189.509","98433.181","98734.853","303","64464","1","165","linux","candidate","1"
"two","delayed","4","16","1","48","73.833","650","24175.717","24901.759","24902.000","297","65440","4","61","linux","candidate","1"
"two","delayed","4","16","2","48","73.492","653","24730.963","24872.834","24902.832","294","64320","4","60","linux","candidate","1"
"two","delayed","4","16","3","48","73.670","652","23986.038","24970.766","24971.427","294","64320","4","61","linux","candidate","1"
"two","borrowers","1","16","1","48","295.439","162","6222.859","245717.961","282922.607","18","12672","1","155","linux","candidate","1"
"two","borrowers","1","16","2","48","295.478","162","6216.364","245723.285","283003.581","18","12672","1","151","linux","candidate","1"
"two","borrowers","1","16","3","48","295.472","162","6224.022","247604.378","284028.773","18","12672","1","150","linux","candidate","1"
"two","borrowers","4","16","1","48","74.920","641","6240.323","62395.656","62399.085","18","12672","4","48","linux","candidate","1"
"two","borrowers","4","16","2","48","74.649","643","6276.193","61638.706","61642.025","18","12672","4","55","linux","candidate","1"
"two","borrowers","4","16","3","48","72.920","658","6240.619","60395.188","60398.999","18","12672","4","48","linux","candidate","1"
"current","ready","1","1","1","500","1.425","350754","2.800","2.800","2.900","3003","540768","1","0","windows","baseline","0"
"current","ready","1","1","2","500","1.436","348165","2.800","2.900","2.900","3003","540768","1","0","windows","baseline","0"
"current","ready","1","1","3","500","1.418","352659","2.800","2.900","2.900","3003","540768","1","0","windows","baseline","0"
"current","ready","1","3","1","1500","2.957","507202","5.800","6.100","6.200","9005","1622304","1","0","windows","baseline","0"
"current","ready","1","3","2","1500","3.516","426609","5.700","11.500","11.800","9005","1622304","1","0","windows","baseline","0"
"current","ready","1","3","3","1500","2.890","518959","5.700","5.800","5.800","9005","1622304","1","0","windows","baseline","0"
"current","ready","1","16","1","8000","12.640","632916","24.900","25.100","29.600","48020","8653248","1","0","windows","baseline","0"
"current","ready","1","16","2","8000","13.525","591480","25.000","49.800","54.900","48018","8652288","1","0","windows","baseline","0"
"current","ready","1","16","3","8000","13.392","597394","25.000","26.000","29.600","48018","8652288","1","0","windows","baseline","0"
"current","ready","4","1","1","500","1.420","352187","2.700","2.700","8.100","3003","540768","1","0","windows","baseline","0"
"current","ready","4","1","2","500","1.349","370755","2.700","2.700","2.700","3003","540768","1","0","windows","baseline","0"
"current","ready","4","1","3","500","1.347","371333","2.700","2.700","2.700","3003","540768","1","0","windows","baseline","0"
"current","ready","4","3","1","1500","2.690","557662","5.300","5.600","6.000","9005","1622304","1","0","windows","baseline","0"
"current","ready","4","3","2","1500","2.710","553485","5.300","5.700","6.200","9005","1622304","1","0","windows","baseline","0"
"current","ready","4","3","3","1500","2.732","548988","5.300","5.800","6.600","9005","1622304","1","0","windows","baseline","0"
"current","ready","4","16","1","8000","11.789","678576","23.100","24.700","33.100","48020","8653248","1","0","windows","baseline","0"
"current","ready","4","16","2","8000","12.104","660966","23.100","27.900","29.200","48018","8652288","1","0","windows","baseline","0"
"current","ready","4","16","3","8000","12.979","616385","27.000","28.100","31.700","48018","8652288","1","0","windows","baseline","0"
"current","custom_fifo","1","1","1","500","1.350","370261","2.700","2.700","2.700","3003","540768","1","0","windows","baseline","0"
"current","custom_fifo","1","1","2","500","1.347","371168","2.700","2.700","2.700","3003","540768","1","0","windows","baseline","0"
"current","custom_fifo","1","1","3","500","1.356","368840","2.700","2.700","2.700","3003","540768","1","0","windows","baseline","0"
"current","custom_fifo","1","3","1","1500","2.887","519534","5.700","5.800","5.800","9005","1622304","1","0","windows","baseline","0"
"current","custom_fifo","1","3","2","1500","2.887","519642","5.700","5.800","5.800","9005","1622304","1","0","windows","baseline","0"
"current","custom_fifo","1","3","3","1500","3.051","491626","5.700","6.900","7.100","9005","1622304","1","0","windows","baseline","0"
"current","custom_fifo","1","16","1","8000","12.505","639739","24.900","25.000","27.000","48020","8653248","1","0","windows","baseline","0"
"current","custom_fifo","1","16","2","8000","12.896","620371","24.900","25.800","49.900","48018","8652288","1","0","windows","baseline","0"
"current","custom_fifo","1","16","3","8000","14.022","570536","24.900","28.700","82.100","48018","8652288","1","0","windows","baseline","0"
"current","custom_fifo","4","1","1","500","1.349","370535","2.700","2.700","2.900","3003","540768","1","0","windows","baseline","0"
"current","custom_fifo","4","1","2","500","1.495","334403","2.700","2.700","2.800","3003","540768","1","0","windows","baseline","0"
"current","custom_fifo","4","1","3","500","1.350","370288","2.700","2.700","2.700","3003","540768","1","0","windows","baseline","0"
"current","custom_fifo","4","3","1","1500","3.060","490132","6.400","6.500","8.800","9005","1622304","1","0","windows","baseline","0"
"current","custom_fifo","4","3","2","1500","2.896","517920","5.300","5.400","6.700","9005","1622304","1","0","windows","baseline","0"
"current","custom_fifo","4","3","3","1500","2.670","561882","5.300","5.400","5.800","9005","1622304","1","0","windows","baseline","0"
"current","custom_fifo","4","16","1","8000","11.649","686772","23.100","23.300","25.000","48020","8653248","1","0","windows","baseline","0"
"current","custom_fifo","4","16","2","8000","12.126","659750","23.100","30.200","46.300","48018","8652288","1","0","windows","baseline","0"
"current","custom_fifo","4","16","3","8000","12.315","649614","23.100","26.100","48.600","48018","8652288","1","0","windows","baseline","0"
"current","delayed","1","16","1","48","745.908","64","247482.400","248750.400","250869.000","308","65088","1","49","windows","baseline","0"
"current","delayed","1","16","2","48","745.046","64","246797.100","250099.600","250660.700","306","64128","1","49","windows","baseline","0"
"current","delayed","1","16","3","48","742.808","65","246569.700","248445.700","249436.000","306","64128","1","49","windows","baseline","0"
"current","delayed","4","16","1","48","183.933","261","60752.400","63321.700","63323.100","308","65088","4","13","windows","baseline","0"
"current","delayed","4","16","2","48","185.789","258","61886.900","63012.900","63013.400","306","64128","4","13","windows","baseline","0"
"current","delayed","4","16","3","48","188.309","255","61528.000","64495.800","64496.300","306","64128","4","13","windows","baseline","0"
"current","borrowers","1","16","1","48","745.716","64","15631.400","621880.800","715122.500","18","12672","1","51","windows","baseline","0"
"current","borrowers","1","16","2","48","742.577","65","15596.900","617573.900","710780.400","18","12672","1","51","windows","baseline","0"
"current","borrowers","1","16","3","48","742.959","65","15778.400","617534.700","712108.200","18","12672","1","51","windows","baseline","0"
"current","borrowers","4","16","1","48","185.974","258","15587.400","154808.100","154810.400","18","12672","4","15","windows","baseline","0"
"current","borrowers","4","16","2","48","188.082","255","15720.700","157159.000","157161.500","18","12672","4","15","windows","baseline","0"
"current","borrowers","4","16","3","48","186.110","258","15692.700","154730.400","154732.600","18","12672","4","15","windows","baseline","0"
"current","ready","1","1","1","500","1.480","337815","2.900","3.000","3.400","3003","540768","1","0","windows","baseline","1"
"current","ready","1","1","2","500","1.480","337861","2.900","3.000","3.000","3003","540768","1","0","windows","baseline","1"
"current","ready","1","1","3","500","1.472","339628","2.900","3.000","3.000","3003","540768","1","0","windows","baseline","1"
"current","ready","1","3","1","1500","3.188","470470","6.000","6.500","8.400","9005","1622304","1","0","windows","baseline","1"
"current","ready","1","3","2","1500","3.027","495507","6.000","6.100","6.900","9005","1622304","1","0","windows","baseline","1"
"current","ready","1","3","3","1500","3.030","495033","6.000","6.000","7.000","9005","1622304","1","0","windows","baseline","1"
"current","ready","1","16","1","8000","13.872","576714","26.000","27.700","72.400","48020","8653248","1","0","windows","baseline","1"
"current","ready","1","16","2","8000","14.147","565487","26.000","51.900","52.400","48018","8652288","1","0","windows","baseline","1"
"current","ready","1","16","3","8000","13.477","593608","26.000","28.200","35.900","48018","8652288","1","0","windows","baseline","1"
"current","ready","4","1","1","500","2.058","243002","3.000","3.300","7.100","3003","540768","1","0","windows","baseline","1"
"current","ready","4","1","2","500","1.601","312383","3.100","3.300","3.500","3003","540768","1","0","windows","baseline","1"
"current","ready","4","1","3","500","1.565","319489","3.100","3.300","3.400","3003","540768","1","0","windows","baseline","1"
"current","ready","4","3","1","1500","3.142","477373","6.200","6.600","6.800","9005","1622304","1","0","windows","baseline","1"
"current","ready","4","3","2","1500","3.164","474143","6.400","6.700","7.900","9005","1622304","1","0","windows","baseline","1"
"current","ready","4","3","3","1500","2.921","513523","5.600","6.200","12.800","9005","1622304","1","0","windows","baseline","1"
"current","ready","4","16","1","8000","12.622","633809","24.100","34.200","37.100","48020","8653248","1","0","windows","baseline","1"
"current","ready","4","16","2","8000","13.920","574713","24.200","38.400","48.800","48018","8652288","1","0","windows","baseline","1"
"current","ready","4","16","3","8000","12.714","629252","24.100","34.400","43.100","48018","8652288","1","0","windows","baseline","1"
"current","custom_fifo","1","1","1","500","1.441","347005","2.800","2.800","6.800","3003","540768","1","0","windows","baseline","1"
"current","custom_fifo","1","1","2","500","1.427","350263","2.800","2.900","3.300","3003","540768","1","0","windows","baseline","1"
"current","custom_fifo","1","1","3","500","1.502","333000","2.800","3.300","7.500","3003","540768","1","0","windows","baseline","1"
"current","custom_fifo","1","3","1","1500","3.039","493583","6.000","6.600","7.000","9005","1622304","1","0","windows","baseline","1"
"current","custom_fifo","1","3","2","1500","3.111","482222","6.000","6.400","8.800","9005","1622304","1","0","windows","baseline","1"
"current","custom_fifo","1","3","3","1500","3.089","485594","6.000","6.000","13.000","9005","1622304","1","0","windows","baseline","1"
"current","custom_fifo","1","16","1","8000","13.405","596806","26.000","32.500","40.600","48020","8653248","1","0","windows","baseline","1"
"current","custom_fifo","1","16","2","8000","13.296","601676","25.900","29.700","39.600","48018","8652288","1","0","windows","baseline","1"
"current","custom_fifo","1","16","3","8000","12.682","630825","25.000","26.800","29.700","48018","8652288","1","0","windows","baseline","1"
"current","custom_fifo","4","1","1","500","1.365","366327","2.700","2.700","2.800","3003","540768","1","0","windows","baseline","1"
"current","custom_fifo","4","1","2","500","1.364","366488","2.700","2.700","2.800","3003","540768","1","0","windows","baseline","1"
"current","custom_fifo","4","1","3","500","1.369","365177","2.700","2.700","2.800","3003","540768","1","0","windows","baseline","1"
"current","custom_fifo","4","3","1","1500","2.704","554795","5.400","5.400","5.600","9005","1622304","1","0","windows","baseline","1"
"current","custom_fifo","4","3","2","1500","2.699","555844","5.400","5.400","5.400","9005","1622304","1","0","windows","baseline","1"
"current","custom_fifo","4","3","3","1500","2.787","538136","5.400","5.400","5.700","9005","1622304","1","0","windows","baseline","1"
"current","custom_fifo","4","16","1","8000","12.427","643765","23.300","23.400","28.900","48020","8653248","1","0","windows","baseline","1"
"current","custom_fifo","4","16","2","8000","11.855","674826","23.300","23.900","27.200","48018","8652288","1","0","windows","baseline","1"
"current","custom_fifo","4","16","3","8000","11.737","681594","23.300","23.600","25.200","48018","8652288","1","0","windows","baseline","1"
"current","delayed","1","16","1","48","735.112","65","246466.400","248181.900","248735.500","308","65088","1","49","windows","baseline","1"
"current","delayed","1","16","2","48","738.443","65","245025.700","247699.000","248509.000","306","64128","1","49","windows","baseline","1"
"current","delayed","1","16","3","48","734.898","65","244750.000","246160.800","246404.700","306","64128","1","49","windows","baseline","1"
"current","delayed","4","16","1","48","184.529","260","61195.300","63001.600","63002.100","308","65088","4","13","windows","baseline","1"
"current","delayed","4","16","2","48","187.149","256","61430.200","63230.000","63230.100","306","64128","4","13","windows","baseline","1"
"current","delayed","4","16","3","48","184.745","260","61502.200","62313.300","62315.200","306","64128","4","13","windows","baseline","1"
"current","borrowers","1","16","1","48","735.491","65","15657.400","611209.000","704561.700","18","12672","1","51","windows","baseline","1"
"current","borrowers","1","16","2","48","743.442","65","15758.000","619047.900","712884.700","18","12672","1","51","windows","baseline","1"
"current","borrowers","1","16","3","48","734.480","65","15489.100","612518.800","704119.100","18","12672","1","51","windows","baseline","1"
"current","borrowers","4","16","1","48","185.346","259","15618.000","154045.200","154049.900","18","12672","4","15","windows","baseline","1"
"current","borrowers","4","16","2","48","185.044","259","15562.500","153719.200","153723.900","18","12672","4","15","windows","baseline","1"
"current","borrowers","4","16","3","48","185.559","259","15838.400","155366.000","155370.300","18","12672","4","15","windows","baseline","1"
"current","ready","1","1","1","500","1.320","378673","2.500","2.600","2.700","1503","520768","1","0","windows","candidate","0"
"current","ready","1","1","2","500","1.419","352460","2.500","2.800","6.400","1503","520768","1","0","windows","candidate","0"
"current","ready","1","1","3","500","2.406","207822","2.500","5.000","24.300","1503","520768","1","0","windows","candidate","0"
"current","ready","1","3","1","1500","3.010","498322","5.900","6.000","6.500","7506","1610464","1","0","windows","candidate","0"
"current","ready","1","3","2","1500","3.597","416979","6.100","6.200","12.000","7505","1610304","1","0","windows","candidate","0"
"current","ready","1","3","3","1500","3.416","439136","5.600","5.900","8.900","7505","1610304","1","0","windows","candidate","0"
"current","ready","1","16","1","8000","13.712","583448","26.300","26.800","34.800","46520","8693248","1","0","windows","candidate","0"
"current","ready","1","16","2","8000","14.511","551317","26.300","42.500","64.100","46518","8692288","1","0","windows","candidate","0"
"current","ready","1","16","3","8000","13.580","589097","26.300","26.600","52.800","46518","8692288","1","0","windows","candidate","0"
"current","ready","4","1","1","500","1.245","401606","2.500","2.500","2.500","1503","520768","1","0","windows","candidate","0"
"current","ready","4","1","2","500","1.240","403291","2.400","2.500","2.500","1503","520768","1","0","windows","candidate","0"
"current","ready","4","1","3","500","1.244","402059","2.500","2.500","2.500","1503","520768","1","0","windows","candidate","0"
"current","ready","4","3","1","1500","2.700","555638","5.100","5.200","7.700","4505","1562304","1","0","windows","candidate","0"
"current","ready","4","3","2","1500","2.712","553036","5.100","5.200","5.600","4505","1562304","1","0","windows","candidate","0"
"current","ready","4","3","3","1500","2.583","580810","5.100","5.200","5.200","4505","1562304","1","0","windows","candidate","0"
"current","ready","4","16","1","8000","12.653","632281","24.200","24.400","31.800","42021","8621408","1","0","windows","candidate","0"
"current","ready","4","16","2","8000","12.127","659712","24.100","24.300","26.700","42018","8620288","1","0","windows","candidate","0"
"current","ready","4","16","3","8000","12.301","650369","24.200","24.400","29.500","42018","8620288","1","0","windows","candidate","0"
"current","custom_fifo","1","1","1","500","1.419","352237","2.800","2.800","2.900","3003","544768","1","0","windows","candidate","0"
"current","custom_fifo","1","1","2","500","1.920","260471","2.700","2.800","3.300","3003","544768","1","0","windows","candidate","0"
"current","custom_fifo","1","1","3","500","1.553","322040","2.700","2.800","3.400","3003","544768","1","0","windows","candidate","0"
"current","custom_fifo","1","3","1","1500","3.361","446256","6.000","6.100","6.200","9005","1634304","1","0","windows","candidate","0"
"current","custom_fifo","1","3","2","1500","3.042","493145","6.000","6.100","6.200","9005","1634304","1","0","windows","candidate","0"
"current","custom_fifo","1","3","3","1500","3.036","494039","6.000","6.100","7.000","9005","1634304","1","0","windows","candidate","0"
"current","custom_fifo","1","16","1","8000","13.741","582203","26.700","27.000","53.400","48020","8717248","1","0","windows","candidate","0"
"current","custom_fifo","1","16","2","8000","13.391","597398","26.700","26.900","29.300","48018","8716288","1","0","windows","candidate","0"
"current","custom_fifo","1","16","3","8000","13.392","597394","26.600","26.800","29.500","48018","8716288","1","0","windows","candidate","0"
"current","custom_fifo","4","1","1","500","1.389","359945","2.700","2.800","3.200","3003","544768","1","0","windows","candidate","0"
"current","custom_fifo","4","1","2","500","1.381","362135","2.700","2.800","2.800","3003","544768","1","0","windows","candidate","0"
"current","custom_fifo","4","1","3","500","1.381","362056","2.700","2.800","2.800","3003","544768","1","0","windows","candidate","0"
"current","custom_fifo","4","3","1","1500","2.819","532085","5.600","5.600","5.700","9005","1634304","1","0","windows","candidate","0"
"current","custom_fifo","4","3","2","1500","2.896","517956","5.600","5.700","7.000","9005","1634304","1","0","windows","candidate","0"
"current","custom_fifo","4","3","3","1500","2.829","530185","5.600","5.700","6.400","9005","1634304","1","0","windows","candidate","0"
"current","custom_fifo","4","16","1","8000","12.642","632796","24.300","24.800","37.200","48020","8717248","1","0","windows","candidate","0"
"current","custom_fifo","4","16","2","8000","11.953","669288","23.700","23.800","28.100","48018","8716288","1","0","windows","candidate","0"
"current","custom_fifo","4","16","3","8000","12.466","641740","23.700","27.100","47.800","48018","8716288","1","0","windows","candidate","0"
"current","delayed","1","16","1","48","749.144","64","247642.200","249589.700","252954.800","306","65584","1","49","windows","candidate","0"
"current","delayed","1","16","2","48","739.132","65","245129.400","247092.300","248038.800","303","64464","1","49","windows","candidate","0"
"current","delayed","1","16","3","48","746.483","64","248647.500","250437.400","251173.000","303","64464","1","49","windows","candidate","0"
"current","delayed","4","16","1","48","185.380","259","61597.900","62346.600","62347.400","297","65440","4","13","windows","candidate","0"
"current","delayed","4","16","2","48","186.292","258","61621.600","62490.900","62491.500","294","64320","4","13","windows","candidate","0"
"current","delayed","4","16","3","48","186.288","258","61588.600","63359.600","63361.700","294","64320","4","13","windows","candidate","0"
"current","borrowers","1","16","1","48","737.925","65","15568.600","614440.100","707313.600","18","12672","1","51","windows","candidate","0"
"current","borrowers","1","16","2","48","745.001","64","15805.200","620184.200","713324.800","18","12672","1","51","windows","candidate","0"
"current","borrowers","1","16","3","48","745.732","64","15786.300","623007.400","714861.400","18","12672","1","51","windows","candidate","0"
"current","borrowers","4","16","1","48","187.765","256","15650.600","155171.400","155174.900","18","12672","4","15","windows","candidate","0"
"current","borrowers","4","16","2","48","186.048","258","15572.800","155737.900","155741.000","18","12672","4","15","windows","candidate","0"
"current","borrowers","4","16","3","48","188.169","255","15744.400","156622.900","156626.300","18","12672","4","15","windows","candidate","0"
"current","ready","1","1","1","500","1.345","371747","2.600","2.700","2.700","1503","520768","1","0","windows","candidate","1"
"current","ready","1","1","2","500","1.387","360594","2.600","2.700","2.700","1503","520768","1","0","windows","candidate","1"
"current","ready","1","1","3","500","1.921","260335","2.600","2.700","3.200","1503","520768","1","0","windows","candidate","1"
"current","ready","1","3","1","1500","3.167","473575","6.000","6.500","11.000","7506","1610464","1","0","windows","candidate","1"
"current","ready","1","3","2","1500","3.102","483543","6.100","6.500","6.800","7505","1610304","1","0","windows","candidate","1"
"current","ready","1","3","3","1500","2.926","512645","5.700","6.300","6.800","7505","1610304","1","0","windows","candidate","1"
"current","ready","1","16","1","8000","12.896","620357","25.400","26.900","29.200","46520","8693248","1","0","windows","candidate","1"
"current","ready","1","16","2","8000","12.830","623558","25.400","26.800","28.500","46518","8692288","1","0","windows","candidate","1"
"current","ready","1","16","3","8000","12.775","626233","25.400","26.400","28.200","46518","8692288","1","0","windows","candidate","1"
"current","ready","4","1","1","500","1.299","385030","2.500","2.800","3.200","1503","520768","1","0","windows","candidate","1"
"current","ready","4","1","2","500","1.249","400192","2.500","2.500","2.500","1503","520768","1","0","windows","candidate","1"
"current","ready","4","1","3","500","1.246","401381","2.500","2.500","2.500","1503","520768","1","0","windows","candidate","1"
"current","ready","4","3","1","1500","2.540","590644","5.000","5.100","5.600","4505","1562304","1","0","windows","candidate","1"
"current","ready","4","3","2","1500","2.619","572760","5.100","6.400","6.900","4505","1562304","1","0","windows","candidate","1"
"current","ready","4","3","3","1500","2.727","550015","5.100","6.800","7.200","4505","1562304","1","0","windows","candidate","1"
"current","ready","4","16","1","8000","11.755","680573","23.300","24.000","26.200","42021","8621408","1","0","windows","candidate","1"
"current","ready","4","16","2","8000","12.576","636127","23.300","23.900","62.300","42018","8620288","1","0","windows","candidate","1"
"current","ready","4","16","3","8000","12.243","653445","23.300","23.700","36.000","42018","8620288","1","0","windows","candidate","1"
"current","custom_fifo","1","1","1","500","1.379","362634","2.700","2.800","3.100","3003","544768","1","0","windows","candidate","1"
"current","custom_fifo","1","1","2","500","1.377","363135","2.700","2.800","2.900","3003","544768","1","0","windows","candidate","1"
"current","custom_fifo","1","1","3","500","1.383","361533","2.700","2.800","3.200","3003","544768","1","0","windows","candidate","1"
"current","custom_fifo","1","3","1","1500","2.973","504558","5.900","6.000","6.600","9005","1634304","1","0","windows","candidate","1"
"current","custom_fifo","1","3","2","1500","2.976","503981","5.900","6.000","6.300","9005","1634304","1","0","windows","candidate","1"
"current","custom_fifo","1","3","3","1500","3.061","490084","5.900","6.400","7.100","9005","1634304","1","0","windows","candidate","1"
"current","custom_fifo","1","16","1","8000","13.072","612009","25.800","28.600","30.100","48020","8717248","1","0","windows","candidate","1"
"current","custom_fifo","1","16","2","8000","13.060","612553","25.800","26.500","33.800","48018","8716288","1","0","windows","candidate","1"
"current","custom_fifo","1","16","3","8000","13.034","613784","25.800","26.700","28.700","48018","8716288","1","0","windows","candidate","1"
"current","custom_fifo","4","1","1","500","1.384","361298","2.700","2.800","2.900","3003","544768","1","0","windows","candidate","1"
"current","custom_fifo","4","1","2","500","1.379","362687","2.700","2.800","2.900","3003","544768","1","0","windows","candidate","1"
"current","custom_fifo","4","1","3","500","1.377","363055","2.700","2.800","3.000","3003","544768","1","0","windows","candidate","1"
"current","custom_fifo","4","3","1","1500","2.815","532784","5.500","5.600","6.600","9005","1634304","1","0","windows","candidate","1"
"current","custom_fifo","4","3","2","1500","2.778","540015","5.500","5.600","6.100","9005","1634304","1","0","windows","candidate","1"
"current","custom_fifo","4","3","3","1500","2.776","540346","5.500","5.500","5.600","9005","1634304","1","0","windows","candidate","1"
"current","custom_fifo","4","16","1","8000","12.075","662537","23.800","25.500","29.100","48020","8717248","1","0","windows","candidate","1"
"current","custom_fifo","4","16","2","8000","12.242","653483","23.800","24.400","47.900","48018","8716288","1","0","windows","candidate","1"
"current","custom_fifo","4","16","3","8000","12.080","662224","23.800","25.100","27.100","48018","8716288","1","0","windows","candidate","1"
"current","delayed","1","16","1","48","747.490","64","246218.900","249437.500","252043.300","306","65584","1","49","windows","candidate","1"
"current","delayed","1","16","2","48","743.370","65","247015.300","248710.000","249252.200","303","64464","1","49","windows","candidate","1"
"current","delayed","1","16","3","48","744.120","65","246810.300","248318.100","248803.800","303","64464","1","49","windows","candidate","1"
"current","delayed","4","16","1","48","186.090","258","61937.200","62763.900","62764.400","297","65440","4","13","windows","candidate","1"
"current","delayed","4","16","2","48","184.329","260","61181.700","62639.700","62640.800","294","64320","4","13","windows","candidate","1"
"current","delayed","4","16","3","48","184.607","260","61100.600","62574.000","62574.200","294","64320","4","13","windows","candidate","1"
"current","borrowers","1","16","1","48","744.957","64","15827.100","622116.400","713334.800","18","12672","1","51","windows","candidate","1"
"current","borrowers","1","16","2","48","740.300","65","15612.200","618941.100","710707.500","18","12672","1","51","windows","candidate","1"
"current","borrowers","1","16","3","48","738.439","65","15587.500","614613.200","707551.500","18","12672","1","51","windows","candidate","1"
"current","borrowers","4","16","1","48","185.383","259","15559.300","154252.500","154256.600","18","12672","4","15","windows","candidate","1"
"current","borrowers","4","16","2","48","182.776","263","15312.100","152220.100","152227.600","18","12672","4","15","windows","candidate","1"
"current","borrowers","4","16","3","48","184.296","260","15184.000","153112.600","153115.600","18","12672","4","15","windows","candidate","1"
"default","ready","1","1","1","500","6.416","77927","13.000","16.500","22.300","3003","540768","1","984","windows","baseline","0"
"default","ready","1","1","2","500","5.875","85103","12.400","16.000","21.900","3003","540768","1","950","windows","baseline","0"
"default","ready","1","1","3","500","5.862","85301","12.100","13.900","19.800","3003","540768","1","989","windows","baseline","0"
"default","ready","1","3","1","1500","5.228","286944","7.200","19.600","40.600","9005","1622304","1","920","windows","baseline","0"
"default","ready","1","3","2","1500","4.314","347697","7.000","13.300","19.100","9005","1622304","1","963","windows","baseline","0"
"default","ready","1","3","3","1500","3.711","404236","7.000","11.400","13.200","9005","1622304","1","961","windows","baseline","0"
"default","ready","1","16","1","8000","20.938","382073","39.700","56.300","76.200","48020","8653248","1","4656","windows","baseline","0"
"default","ready","1","16","2","8000","21.466","372674","39.900","58.100","87.300","48018","8652288","1","4473","windows","baseline","0"
"default","ready","1","16","3","8000","21.217","377049","40.200","57.100","84.600","48018","8652288","1","4632","windows","baseline","0"
"default","ready","4","1","1","500","6.095","82032","12.400","17.700","26.400","3003","540768","1","975","windows","baseline","0"
"default","ready","4","1","2","500","6.247","80040","12.700","22.400","36.100","3003","540768","1","917","windows","baseline","0"
"default","ready","4","1","3","500","5.393","92721","12.100","13.400","19.400","3003","540768","1","925","windows","baseline","0"
"default","ready","4","3","1","1500","3.353","447401","5.000","14.300","20.000","9005","1622304","2","1050","windows","baseline","0"
"default","ready","4","3","2","1500","3.138","477935","4.300","12.200","18.200","9005","1622304","2","1037","windows","baseline","0"
"default","ready","4","3","3","1500","2.806","534645","3.900","12.500","18.700","9005","1622304","2","1029","windows","baseline","0"
"default","ready","4","16","1","8000","8.102","987362","13.200","30.400","46.200","48025","8653568","2","3346","windows","baseline","0"
"default","ready","4","16","2","8000","8.086","989364","12.700","28.500","65.200","48019","8652352","2","3297","windows","baseline","0"
"default","ready","4","16","3","8000","7.271","1100216","12.300","26.500","54.300","48018","8652288","2","3975","windows","baseline","0"
"default","custom_fifo","1","1","1","500","5.987","83513","12.100","19.900","25.700","3003","540768","1","920","windows","baseline","0"
"default","custom_fifo","1","1","2","500","5.651","88481","11.900","14.300","27.800","3003","540768","1","959","windows","baseline","0"
"default","custom_fifo","1","1","3","500","4.760","105038","9.900","12.700","15.200","3003","540768","1","893","windows","baseline","0"
"default","custom_fifo","1","3","1","1500","4.107","365266","7.000","14.200","20.600","9005","1622304","1","900","windows","baseline","0"
"default","custom_fifo","1","3","2","1500","4.584","327232","7.100","17.700","23.200","9005","1622304","1","946","windows","baseline","0"
"default","custom_fifo","1","3","3","1500","4.388","341810","7.100","16.900","24.400","9005","1622304","1","994","windows","baseline","0"
"default","custom_fifo","1","16","1","8000","21.654","369448","40.700","56.000","86.800","48020","8653248","1","4687","windows","baseline","0"
"default","custom_fifo","1","16","2","8000","21.860","365959","40.900","56.800","86.600","48018","8652288","1","4703","windows","baseline","0"
"default","custom_fifo","1","16","3","8000","21.874","365729","40.400","56.200","83.500","48018","8652288","1","4792","windows","baseline","0"
"default","custom_fifo","4","1","1","500","4.709","106177","12.000","13.500","16.100","3003","540768","1","850","windows","baseline","0"
"default","custom_fifo","4","1","2","500","6.237","80169","11.800","17.500","27.300","3003","540768","1","938","windows","baseline","0"
"default","custom_fifo","4","1","3","500","5.544","90194","11.900","12.600","13.200","3003","540768","1","996","windows","baseline","0"
"default","custom_fifo","4","3","1","1500","3.000","500033","4.400","12.400","19.900","9005","1622304","2","1158","windows","baseline","0"
"default","custom_fifo","4","3","2","1500","4.199","357245","5.100","17.700","30.900","9005","1622304","2","1063","windows","baseline","0"
"default","custom_fifo","4","3","3","1500","3.199","468970","3.900","13.200","23.600","9005","1622304","2","1150","windows","baseline","0"
"default","custom_fifo","4","16","1","8000","7.570","1056859","12.900","28.600","39.500","48020","8653248","2","4112","windows","baseline","0"
"default","custom_fifo","4","16","2","8000","7.276","1099551","12.800","22.100","53.800","48018","8652288","2","4039","windows","baseline","0"
"default","custom_fifo","4","16","3","8000","7.138","1120699","12.500","19.500","53.500","48018","8652288","2","4490","windows","baseline","0"
"default","delayed","1","16","1","48","742.512","65","246198.000","250046.500","250190.900","308","65088","1","130","windows","baseline","0"
"default","delayed","1","16","2","48","741.166","65","245603.100","250128.200","250660.700","306","64128","1","125","windows","baseline","0"
"default","delayed","1","16","3","48","744.015","65","247459.900","249189.000","249988.900","306","64128","1","131","windows","baseline","0"
"default","delayed","4","16","1","48","186.680","257","62610.500","63580.000","63582.600","308","65088","4","71","windows","baseline","0"
"default","delayed","4","16","2","48","184.925","260","61461.300","62555.900","62558.500","306","64128","4","71","windows","baseline","0"
"default","delayed","4","16","3","48","183.754","261","61024.600","61916.100","61930.600","306","64128","4","69","windows","baseline","0"
"default","borrowers","1","16","1","48","748.097","64","15784.400","623408.300","717251.900","18","12672","1","193","windows","baseline","0"
"default","borrowers","1","16","2","48","740.949","65","15613.100","617650.900","710241.000","18","12672","1","173","windows","baseline","0"
"default","borrowers","1","16","3","48","740.572","65","15573.800","617200.300","710028.800","18","12672","1","166","windows","baseline","0"
"default","borrowers","4","16","1","48","186.792","257","16012.700","154600.400","154602.300","18","12672","4","55","windows","baseline","0"
"default","borrowers","4","16","2","48","187.158","256","15670.200","155926.700","155928.500","18","12672","4","43","windows","baseline","0"
"default","borrowers","4","16","3","48","186.636","257","15462.100","155383.600","155386.300","18","12672","4","49","windows","baseline","0"
"default","ready","1","1","1","500","6.396","78178","13.200","21.000","25.900","3003","540768","1","934","windows","baseline","1"
"default","ready","1","1","2","500","5.403","92538","12.400","15.400","28.200","3003","540768","1","841","windows","baseline","1"
"default","ready","1","1","3","500","5.450","91745","12.100","13.800","19.400","3003","540768","1","948","windows","baseline","1"
"default","ready","1","3","1","1500","4.924","304655","7.200","20.000","31.100","9005","1622304","1","955","windows","baseline","1"
"default","ready","1","3","2","1500","5.425","276482","7.000","18.000","62.800","9005","1622304","1","989","windows","baseline","1"
"default","ready","1","3","3","1500","4.208","356506","6.800","13.100","18.600","9005","1622304","1","939","windows","baseline","1"
"default","ready","1","16","1","8000","21.334","374995","40.000","56.100","86.700","48020","8653248","1","4702","windows","baseline","1"
"default","ready","1","16","2","8000","21.480","372439","39.600","54.800","86.100","48018","8652288","1","4513","windows","baseline","1"
"default","ready","1","16","3","8000","21.592","370511","39.500","58.100","102.400","48018","8652288","1","4617","windows","baseline","1"
"default","ready","4","1","1","500","6.555","76279","12.800","17.900","24.900","3003","540768","1","990","windows","baseline","1"
"default","ready","4","1","2","500","8.058","62053","13.100","26.100","63.900","3003","540768","1","982","windows","baseline","1"
"default","ready","4","1","3","500","6.961","71833","12.900","20.200","34.000","3003","540768","1","989","windows","baseline","1"
"default","ready","4","3","1","1500","3.363","446017","4.900","15.400","22.200","9005","1622304","2","1094","windows","baseline","1"
"default","ready","4","3","2","1500","2.809","534055","4.400","12.100","18.200","9005","1622304","2","1015","windows","baseline","1"
"default","ready","4","3","3","1500","2.849","526556","4.000","12.800","21.300","9005","1622304","2","1098","windows","baseline","1"
"default","ready","4","16","1","8000","8.114","985938","13.300","31.100","42.400","48025","8653568","2","4401","windows","baseline","1"
"default","ready","4","16","2","8000","8.298","964088","13.400","31.600","48.800","48018","8652288","2","4283","windows","baseline","1"
"default","ready","4","16","3","8000","7.326","1091986","13.100","21.900","46.600","48018","8652288","2","4556","windows","baseline","1"
"default","custom_fifo","1","1","1","500","6.889","72579","12.600","22.100","29.200","3003","540768","1","979","windows","baseline","1"
"default","custom_fifo","1","1","2","500","5.989","83484","12.300","13.100","14.900","3003","540768","1","994","windows","baseline","1"
"default","custom_fifo","1","1","3","500","7.004","71391","12.600","18.400","27.000","3003","540768","1","976","windows","baseline","1"
"default","custom_fifo","1","3","1","1500","4.345","345232","7.000","14.000","20.700","9005","1622304","1","993","windows","baseline","1"
"default","custom_fifo","1","3","2","1500","4.388","341841","7.100","13.200","18.300","9005","1622304","1","1017","windows","baseline","1"
"default","custom_fifo","1","3","3","1500","4.185","358457","6.900","12.700","14.900","9005","1622304","1","981","windows","baseline","1"
"default","custom_fifo","1","16","1","8000","21.902","365262","40.500","60.100","108.700","48020","8653248","1","4506","windows","baseline","1"
"default","custom_fifo","1","16","2","8000","21.338","374923","40.200","57.100","73.700","48018","8652288","1","4467","windows","baseline","1"
"default","custom_fifo","1","16","3","8000","21.191","377522","39.800","53.100","77.200","48018","8652288","1","4508","windows","baseline","1"
"default","custom_fifo","4","1","1","500","7.294","68550","12.900","21.500","28.200","3003","540768","1","992","windows","baseline","1"
"default","custom_fifo","4","1","2","500","6.824","73272","12.800","16.700","25.900","3003","540768","1","995","windows","baseline","1"
"default","custom_fifo","4","1","3","500","7.381","67743","12.900","20.700","31.100","3003","540768","1","993","windows","baseline","1"
"default","custom_fifo","4","3","1","1500","3.549","422666","5.000","13.600","18.100","9005","1622304","2","1107","windows","baseline","1"
"default","custom_fifo","4","3","2","1500","3.547","422893","5.100","14.800","22.600","9005","1622304","2","1113","windows","baseline","1"
"default","custom_fifo","4","3","3","1500","3.285","456579","4.900","11.800","16.100","9005","1622304","2","1154","windows","baseline","1"
"default","custom_fifo","4","16","1","8000","7.583","1054964","13.200","28.500","44.100","48020","8653248","2","3917","windows","baseline","1"
"default","custom_fifo","4","16","2","8000","7.543","1060572","13.300","28.100","44.000","48018","8652288","2","4158","windows","baseline","1"
"default","custom_fifo","4","16","3","8000","7.411","1079491","13.200","20.500","56.000","48018","8652288","2","4438","windows","baseline","1"
"default","delayed","1","16","1","48","739.048","65","245751.700","248995.200","249394.600","308","65088","1","132","windows","baseline","1"
"default","delayed","1","16","2","48","738.702","65","244407.200","248854.600","249144.000","306","64128","1","136","windows","baseline","1"
"default","delayed","1","16","3","48","744.731","64","248261.800","250730.400","251751.400","306","64128","1","130","windows","baseline","1"
"default","delayed","4","16","1","48","185.367","259","61602.800","64005.700","64025.700","308","65088","4","68","windows","baseline","1"
"default","delayed","4","16","2","48","185.330","259","61721.000","62240.600","62241.400","306","64128","4","73","windows","baseline","1"
"default","delayed","4","16","3","48","185.465","259","61558.800","62478.400","62483.800","306","64128","4","71","windows","baseline","1"
"default","borrowers","1","16","1","48","739.305","65","15753.700","617124.500","709316.200","18","12672","1","169","windows","baseline","1"
"default","borrowers","1","16","2","48","744.029","65","15688.600","620758.200","713557.300","18","12672","1","158","windows","baseline","1"
"default","borrowers","1","16","3","48","739.888","65","15523.300","614524.700","708367.900","18","12672","1","162","windows","baseline","1"
"default","borrowers","4","16","1","48","181.661","264","15378.100","152063.600","152066.900","18","12672","4","61","windows","baseline","1"
"default","borrowers","4","16","2","48","183.930","261","15370.800","152763.400","152764.900","18","12672","4","50","windows","baseline","1"
"default","borrowers","4","16","3","48","184.494","260","15530.100","154042.100","154046.400","18","12672","4","48","windows","baseline","1"
"default","ready","1","1","1","500","2.083","240061","2.300","14.500","20.000","1503","520768","1","607","windows","candidate","0"
"default","ready","1","1","2","500","1.564","319611","2.100","10.300","19.700","1503","520768","1","522","windows","candidate","0"
"default","ready","1","1","3","500","1.510","331082","2.100","9.100","15.600","1503","520768","1","505","windows","candidate","0"
"default","ready","1","3","1","1500","4.905","305835","7.200","20.000","25.500","8535","1626928","1","951","windows","candidate","0"
"default","ready","1","3","2","1500","4.708","318580","7.200","19.800","27.800","8507","1626336","1","994","windows","candidate","0"
"default","ready","1","3","3","1500","4.667","321406","7.300","18.200","25.300","8561","1627200","1","982","windows","candidate","0"
"default","ready","1","16","1","8000","22.612","353793","41.400","63.000","90.800","48002","8716960","1","4404","windows","candidate","0"
"default","ready","1","16","2","8000","22.379","357480","40.500","61.600","123.300","47973","8715568","1","4628","windows","candidate","0"
"default","ready","1","16","3","8000","21.091","379316","39.100","54.600","89.400","47997","8715952","1","4527","windows","candidate","0"
"default","ready","4","1","1","500","1.185","421905","2.200","3.300","4.800","1503","520768","1","469","windows","candidate","0"
"default","ready","4","1","2","500","1.345","371720","2.200","3.800","12.600","1503","520768","1","478","windows","candidate","0"
"default","ready","4","1","3","500","1.512","330622","2.200","9.700","15.000","1503","520768","1","483","windows","candidate","0"
"default","ready","4","3","1","1500","1.604","935220","2.400","6.900","16.200","4507","1562432","2","785","windows","candidate","0"
"default","ready","4","3","2","1500","1.580","949187","2.400","5.500","13.700","4506","1562368","2","908","windows","candidate","0"
"default","ready","4","3","3","1500","1.451","1033984","2.400","4.300","11.400","4506","1562368","2","826","windows","candidate","0"
"default","ready","4","16","1","8000","8.329","960488","13.900","31.600","47.100","47938","8716128","2","4373","windows","candidate","0"
"default","ready","4","16","2","8000","8.082","989793","13.400","30.400","53.100","47625","8710144","2","4779","windows","candidate","0"
"default","ready","4","16","3","8000","8.008","999038","13.800","28.700","61.300","47917","8714720","2","3976","windows","candidate","0"
"default","custom_fifo","1","1","1","500","6.581","75980","12.400","22.300","28.800","3003","544768","1","957","windows","candidate","0"
"default","custom_fifo","1","1","2","500","5.944","84116","12.200","14.000","20.600","3003","544768","1","991","windows","candidate","0"
"default","custom_fifo","1","1","3","500","6.312","79210","12.200","22.900","36.900","3003","544768","1","973","windows","candidate","0"
"default","custom_fifo","1","3","1","1500","4.714","318188","7.200","16.500","25.600","9005","1634304","1","990","windows","candidate","0"
"default","custom_fifo","1","3","2","1500","4.395","341266","7.000","15.000","21.000","9005","1634304","1","965","windows","candidate","0"
"default","custom_fifo","1","3","3","1500","4.271","351239","7.000","12.900","15.000","9005","1634304","1","1028","windows","candidate","0"
"default","custom_fifo","1","16","1","8000","21.517","371802","40.300","56.700","90.900","48020","8717248","1","4391","windows","candidate","0"
"default","custom_fifo","1","16","2","8000","21.759","367671","41.100","56.400","71.800","48018","8716288","1","4558","windows","candidate","0"
"default","custom_fifo","1","16","3","8000","22.341","358088","42.000","61.700","112.200","48018","8716288","1","4617","windows","candidate","0"
"default","custom_fifo","4","1","1","500","3.204","156065","2.900","15.300","23.000","3003","544768","1","783","windows","candidate","0"
"default","custom_fifo","4","1","2","500","2.652","188523","2.700","12.500","13.300","3003","544768","1","812","windows","candidate","0"
"default","custom_fifo","4","1","3","500","3.754","133202","4.700","13.200","24.900","3003","544768","1","830","windows","candidate","0"
"default","custom_fifo","4","3","1","1500","2.879","521069","3.900","14.400","23.500","9005","1634304","2","1162","windows","candidate","0"
"default","custom_fifo","4","3","2","1500","2.642","567666","3.800","14.200","21.800","9005","1634304","2","1227","windows","candidate","0"
"default","custom_fifo","4","3","3","1500","2.326","644939","3.700","9.900","17.500","9005","1634304","2","1125","windows","candidate","0"
"default","custom_fifo","4","16","1","8000","7.652","1045478","13.200","29.200","38.600","48020","8717248","2","4288","windows","candidate","0"
"default","custom_fifo","4","16","2","8000","7.997","1000438","13.500","29.400","55.200","48018","8716288","2","3926","windows","candidate","0"
"default","custom_fifo","4","16","3","8000","7.590","1054005","13.300","26.600","50.700","48018","8716288","2","4060","windows","candidate","0"
"default","delayed","1","16","1","48","742.450","65","247077.500","248589.500","248708.200","306","65584","1","138","windows","candidate","0"
"default","delayed","1","16","2","48","744.409","64","247649.500","249327.700","249873.800","303","64464","1","121","windows","candidate","0"
"default","delayed","1","16","3","48","743.813","65","247180.900","249616.400","250296.000","303","64464","1","125","windows","candidate","0"
"default","delayed","4","16","1","48","185.276","259","61784.100","62544.700","62580.800","297","65440","4","72","windows","candidate","0"
"default","delayed","4","16","2","48","187.037","257","62120.600","62933.500","62935.100","294","64320","4","67","windows","candidate","0"
"default","delayed","4","16","3","48","185.812","258","61593.400","62344.000","62358.600","294","64320","4","68","windows","candidate","0"
"default","borrowers","1","16","1","48","745.403","64","15735.300","620217.000","713576.100","18","12672","1","170","windows","candidate","0"
"default","borrowers","1","16","2","48","742.501","65","15705.700","617857.900","711448.200","18","12672","1","157","windows","candidate","0"
"default","borrowers","1","16","3","48","743.312","65","15626.700","618375.500","711202.200","18","12672","1","157","windows","candidate","0"
"default","borrowers","4","16","1","48","184.585","260","15626.200","153068.600","153070.900","18","12672","4","51","windows","candidate","0"
"default","borrowers","4","16","2","48","185.150","259","15327.400","154244.400","154248.300","18","12672","4","58","windows","candidate","0"
"default","borrowers","4","16","3","48","185.675","259","15325.000","155599.100","155603.600","18","12672","4","61","windows","candidate","0"
"default","ready","1","1","1","500","1.587","315020","2.400","8.300","13.800","1503","520768","1","520","windows","candidate","1"
"default","ready","1","1","2","500","1.367","365657","2.200","3.500","10.000","1503","520768","1","533","windows","candidate","1"
"default","ready","1","1","3","500","1.562","320061","2.300","8.000","13.200","1503","520768","1","534","windows","candidate","1"
"default","ready","1","3","1","1500","4.947","303196","8.300","18.800","28.500","8559","1627312","1","1061","windows","candidate","1"
"default","ready","1","3","2","1500","4.287","349854","7.200","16.200","24.500","8573","1627392","1","931","windows","candidate","1"
"default","ready","1","3","3","1500","4.092","366560","7.200","13.900","20.100","8609","1627968","1","965","windows","candidate","1"
"default","ready","1","16","1","8000","21.373","374302","40.500","55.400","83.300","48002","8716960","1","4365","windows","candidate","1"
"default","ready","1","16","2","8000","21.627","369917","40.600","54.400","81.000","48003","8716048","1","4152","windows","candidate","1"
"default","ready","1","16","3","8000","21.675","369091","40.700","56.900","90.500","48000","8716000","1","4371","windows","candidate","1"
"default","ready","4","1","1","500","1.422","351593","2.200","5.000","13.200","1503","520768","1","456","windows","candidate","1"
"default","ready","4","1","2","500","2.215","225693","2.500","15.300","20.100","1503","520768","1","550","windows","candidate","1"
"default","ready","4","1","3","500","1.391","359454","2.200","5.000","12.500","1503","520768","1","450","windows","candidate","1"
"default","ready","4","3","1","1500","1.566","957732","2.300","8.600","14.900","4508","1562496","2","672","windows","candidate","1"
"default","ready","4","3","2","1500","1.640","914523","2.300","8.700","17.100","4505","1562304","2","759","windows","candidate","1"
"default","ready","4","3","3","1500","1.465","1024240","2.300","4.700","13.600","4505","1562304","2","601","windows","candidate","1"
"default","ready","4","16","1","8000","7.560","1058257","12.800","28.400","38.700","47948","8716336","2","4284","windows","candidate","1"
"default","ready","4","16","2","8000","7.416","1078690","12.600","23.000","60.800","47733","8711728","3","4097","windows","candidate","1"
"default","ready","4","16","3","8000","7.389","1082676","12.500","24.500","56.900","47595","8709520","2","4062","windows","candidate","1"
"default","custom_fifo","1","1","1","500","6.993","71500","13.000","19.300","41.800","3003","544768","1","980","windows","candidate","1"
"default","custom_fifo","1","1","2","500","6.361","78608","12.900","20.800","30.500","3003","544768","1","931","windows","candidate","1"
"default","custom_fifo","1","1","3","500","6.280","79624","13.000","15.600","27.100","3003","544768","1","968","windows","candidate","1"
"default","custom_fifo","1","3","1","1500","5.194","288789","7.400","14.000","22.400","9005","1634304","1","1033","windows","candidate","1"
"default","custom_fifo","1","3","2","1500","4.860","308623","7.400","16.800","25.000","9005","1634304","1","1048","windows","candidate","1"
"default","custom_fifo","1","3","3","1500","4.687","320048","7.600","14.200","16.900","9005","1634304","1","1127","windows","candidate","1"
"default","custom_fifo","1","16","1","8000","22.507","355439","41.600","59.400","86.100","48020","8717248","1","4634","windows","candidate","1"
"default","custom_fifo","1","16","2","8000","22.027","363184","41.600","57.100","79.600","48018","8716288","1","4672","windows","candidate","1"
"default","custom_fifo","1","16","3","8000","22.337","358157","41.600","55.500","71.300","48018","8716288","1","4844","windows","candidate","1"
"default","custom_fifo","4","1","1","500","6.517","76722","12.700","20.500","36.800","3003","544768","1","985","windows","candidate","1"
"default","custom_fifo","4","1","2","500","7.019","71236","13.400","21.500","29.800","3003","544768","1","990","windows","candidate","1"
"default","custom_fifo","4","1","3","500","6.059","82521","12.400","15.900","22.900","3003","544768","1","988","windows","candidate","1"
"default","custom_fifo","4","3","1","1500","4.279","350533","7.900","15.500","25.700","9005","1634304","2","1235","windows","candidate","1"
"default","custom_fifo","4","3","2","1500","3.642","411884","5.400","14.400","22.500","9005","1634304","2","1183","windows","candidate","1"
"default","custom_fifo","4","3","3","1500","3.150","476145","4.900","11.200","14.500","9005","1634304","2","1145","windows","candidate","1"
"default","custom_fifo","4","16","1","8000","8.351","958015","13.600","29.800","54.700","48021","8717312","2","3833","windows","candidate","1"
"default","custom_fifo","4","16","2","8000","7.682","1041382","13.400","30.100","47.300","48018","8716288","2","4299","windows","candidate","1"
"default","custom_fifo","4","16","3","8000","8.556","935049","13.600","22.600","64.900","48018","8716288","2","3862","windows","candidate","1"
"default","delayed","1","16","1","48","739.421","65","248805.100","250809.900","251767.900","306","65584","1","132","windows","candidate","1"
"default","delayed","1","16","2","48","741.532","65","246579.800","248627.500","248673.400","303","64464","1","119","windows","candidate","1"
"default","delayed","1","16","3","48","745.855","64","247068.000","251069.500","251351.500","303","64464","1","131","windows","candidate","1"
"default","delayed","4","16","1","48","186.032","258","61375.600","62633.000","62646.700","297","65440","4","73","windows","candidate","1"
"default","delayed","4","16","2","48","183.484","262","60455.100","62071.300","62090.900","294","64320","4","70","windows","candidate","1"
"default","delayed","4","16","3","48","186.439","257","61842.000","62741.500","62758.600","294","64320","4","74","windows","candidate","1"
"default","borrowers","1","16","1","48","743.085","65","15666.600","620502.400","711904.500","18","12672","1","167","windows","candidate","1"
"default","borrowers","1","16","2","48","738.175","65","15517.000","613289.400","707368.000","18","12672","1","157","windows","candidate","1"
"default","borrowers","1","16","3","48","738.871","65","15617.100","616565.800","708516.600","18","12672","1","160","windows","candidate","1"
"default","borrowers","4","16","1","48","185.745","258","15511.800","154461.700","154466.700","18","12672","4","68","windows","candidate","1"
"default","borrowers","4","16","2","48","184.234","261","15583.900","153407.200","153409.400","18","12672","4","61","windows","candidate","1"
"default","borrowers","4","16","3","48","186.927","257","15723.000","155691.300","155694.800","18","12672","4","49","windows","candidate","1"
"two","ready","1","1","1","500","5.027","99465","8.900","16.300","29.800","3003","540768","1","969","windows","baseline","0"
"two","ready","1","1","2","500","4.376","114267","8.000","14.000","20.200","3003","540768","1","928","windows","baseline","0"
"two","ready","1","1","3","500","6.589","75882","12.400","19.600","28.600","3003","540768","1","958","windows","baseline","0"
"two","ready","1","3","1","1500","4.057","369768","7.000","13.300","26.500","9005","1622304","1","689","windows","baseline","0"
"two","ready","1","3","2","1500","3.842","390381","6.800","12.400","21.500","9005","1622304","1","653","windows","baseline","0"
"two","ready","1","3","3","1500","3.578","419205","6.800","10.200","13.800","9005","1622304","1","690","windows","baseline","0"
"two","ready","1","16","1","8000","20.541","389459","37.100","49.700","160.700","48020","8653248","1","3372","windows","baseline","0"
"two","ready","1","16","2","8000","20.054","398915","36.900","52.200","91.000","48018","8652288","1","3093","windows","baseline","0"
"two","ready","1","16","3","8000","18.688","428094","36.100","45.100","75.400","48018","8652288","1","2979","windows","baseline","0"
"two","ready","4","1","1","500","5.736","87172","12.600","14.400","19.900","3003","540768","1","965","windows","baseline","0"
"two","ready","4","1","2","500","7.045","70972","12.700","23.300","29.600","3003","540768","1","975","windows","baseline","0"
"two","ready","4","1","3","500","5.594","89386","12.200","19.300","28.100","3003","540768","1","939","windows","baseline","0"
"two","ready","4","3","1","1500","5.849","256458","9.700","21.600","30.700","9005","1622304","1","1063","windows","baseline","0"
"two","ready","4","3","2","1500","6.291","238428","9.600","21.100","39.500","9005","1622304","1","1052","windows","baseline","0"
"two","ready","4","3","3","1500","5.260","285149","9.400","14.900","20.200","9005","1622304","2","1086","windows","baseline","0"
"two","ready","4","16","1","8000","9.567","836217","15.900","30.200","51.100","48022","8653376","1","95","windows","baseline","0"
"two","ready","4","16","2","8000","8.993","889541","15.700","27.800","77.500","48018","8652288","1","33","windows","baseline","0"
"two","ready","4","16","3","8000","10.032","797408","16.000","29.400","91.500","48018","8652288","2","36","windows","baseline","0"
"two","custom_fifo","1","1","1","500","6.190","80777","12.600","18.100","28.200","3003","540768","1","989","windows","baseline","0"
"two","custom_fifo","1","1","2","500","6.742","74167","12.600","22.000","31.100","3003","540768","1","967","windows","baseline","0"
"two","custom_fifo","1","1","3","500","6.014","83135","12.600","14.200","26.500","3003","540768","1","993","windows","baseline","0"
"two","custom_fifo","1","3","1","1500","4.130","363170","7.100","14.200","20.900","9005","1622304","1","703","windows","baseline","0"
"two","custom_fifo","1","3","2","1500","4.609","325478","6.900","18.200","29.400","9005","1622304","1","658","windows","baseline","0"
"two","custom_fifo","1","3","3","1500","3.957","379037","7.000","12.400","17.700","9005","1622304","1","690","windows","baseline","0"
"two","custom_fifo","1","16","1","8000","21.336","374951","38.700","56.400","95.400","48020","8653248","1","3229","windows","baseline","0"
"two","custom_fifo","1","16","2","8000","19.752","405033","37.500","50.900","82.600","48018","8652288","1","3306","windows","baseline","0"
"two","custom_fifo","1","16","3","8000","19.740","405271","36.700","50.700","93.600","48018","8652288","1","3056","windows","baseline","0"
"two","custom_fifo","4","1","1","500","6.333","78948","12.800","18.600","33.200","3003","540768","1","979","windows","baseline","0"
"two","custom_fifo","4","1","2","500","5.924","84400","12.700","13.600","14.300","3003","540768","1","992","windows","baseline","0"
"two","custom_fifo","4","1","3","500","7.032","71107","12.900","22.700","48.800","3003","540768","1","972","windows","baseline","0"
"two","custom_fifo","4","3","1","1500","5.391","278216","9.400","15.100","26.500","9005","1622304","2","1038","windows","baseline","0"
"two","custom_fifo","4","3","2","1500","5.452","275138","9.400","14.600","20.600","9005","1622304","1","1067","windows","baseline","0"
"two","custom_fifo","4","3","3","1500","5.658","265130","9.500","22.000","36.300","9005","1622304","2","888","windows","baseline","0"
"two","custom_fifo","4","16","1","8000","8.623","927741","16.100","25.000","38.700","48020","8653248","1","39","windows","baseline","0"
"two","custom_fifo","4","16","2","8000","9.475","844327","16.000","22.800","63.500","48018","8652288","1","60","windows","baseline","0"
"two","custom_fifo","4","16","3","8000","8.370","955806","15.900","18.100","51.600","48018","8652288","1","15","windows","baseline","0"
"two","delayed","1","16","1","48","740.389","65","245928.900","249907.100","250785.000","308","65088","1","129","windows","baseline","0"
"two","delayed","1","16","2","48","742.889","65","246929.000","249694.600","249812.900","306","64128","1","121","windows","baseline","0"
"two","delayed","1","16","3","48","738.208","65","245314.900","248403.800","248729.200","306","64128","1","127","windows","baseline","0"
"two","delayed","4","16","1","48","185.116","259","61534.700","63584.200","63585.800","308","65088","4","53","windows","baseline","0"
"two","delayed","4","16","2","48","185.642","259","61550.700","63066.100","63070.300","306","64128","4","47","windows","baseline","0"
"two","delayed","4","16","3","48","184.946","260","61021.400","62328.800","62329.500","306","64128","4","49","windows","baseline","0"
"two","borrowers","1","16","1","48","744.633","64","15578.200","620444.800","713610.400","18","12672","1","162","windows","baseline","0"
"two","borrowers","1","16","2","48","738.789","65","15669.800","614770.700","706840.500","18","12672","1","160","windows","baseline","0"
"two","borrowers","1","16","3","48","739.269","65","15573.000","614542.900","707909.000","18","12672","1","169","windows","baseline","0"
"two","borrowers","4","16","1","48","182.456","263","15341.200","151409.000","151412.000","18","12672","4","45","windows","baseline","0"
"two","borrowers","4","16","2","48","183.940","261","15380.100","153164.800","153170.300","18","12672","4","48","windows","baseline","0"
"two","borrowers","4","16","3","48","185.313","259","15300.200","154871.700","154873.700","18","12672","4","49","windows","baseline","0"
"two","ready","1","1","1","500","4.366","114519","7.800","17.300","28.900","3003","540768","1","885","windows","baseline","1"
"two","ready","1","1","2","500","4.581","109149","7.900","16.600","26.100","3003","540768","1","900","windows","baseline","1"
"two","ready","1","1","3","500","5.327","93869","11.200","15.600","21.000","3003","540768","1","967","windows","baseline","1"
"two","ready","1","3","1","1500","3.751","399925","6.900","11.500","17.000","9005","1622304","1","710","windows","baseline","1"
"two","ready","1","3","2","1500","4.852","309132","7.000","14.600","31.600","9005","1622304","1","726","windows","baseline","1"
"two","ready","1","3","3","1500","4.061","369349","7.000","12.800","25.600","9005","1622304","1","703","windows","baseline","1"
"two","ready","1","16","1","8000","20.270","394666","38.400","49.800","82.000","48020","8653248","1","3433","windows","baseline","1"
"two","ready","1","16","2","8000","20.098","398048","37.900","50.600","91.300","48018","8652288","1","3274","windows","baseline","1"
"two","ready","1","16","3","8000","19.818","403682","37.400","48.100","74.700","48018","8652288","1","3268","windows","baseline","1"
"two","ready","4","1","1","500","4.559","109671","8.800","12.300","15.900","3003","540768","1","952","windows","baseline","1"
"two","ready","4","1","2","500","4.546","109987","8.900","12.100","12.600","3003","540768","1","964","windows","baseline","1"
"two","ready","4","1","3","500","5.380","92928","9.100","19.000","26.700","3003","540768","1","950","windows","baseline","1"
"two","ready","4","3","1","1500","5.308","282582","9.500","18.600","41.300","9005","1622304","2","1016","windows","baseline","1"
"two","ready","4","3","2","1500","4.797","312708","9.200","14.500","22.600","9005","1622304","2","991","windows","baseline","1"
"two","ready","4","3","3","1500","4.904","305898","9.000","13.700","56.100","9005","1622304","2","1003","windows","baseline","1"
"two","ready","4","16","1","8000","9.184","871099","15.300","30.200","86.100","48022","8653376","1","88","windows","baseline","1"
"two","ready","4","16","2","8000","9.445","847036","15.600","32.400","68.000","48018","8652288","2","187","windows","baseline","1"
"two","ready","4","16","3","8000","8.530","937877","15.100","20.400","65.200","48018","8652288","1","27","windows","baseline","1"
"two","custom_fifo","1","1","1","500","6.642","75277","12.400","18.900","32.000","3003","540768","1","987","windows","baseline","1"
"two","custom_fifo","1","1","2","500","6.014","83139","12.300","13.600","20.400","3003","540768","1","994","windows","baseline","1"
"two","custom_fifo","1","1","3","500","5.615","89046","11.700","18.600","27.600","3003","540768","1","963","windows","baseline","1"
"two","custom_fifo","1","3","1","1500","4.955","302737","7.100","13.400","23.700","9005","1622304","1","750","windows","baseline","1"
"two","custom_fifo","1","3","2","1500","3.821","392567","7.100","11.200","14.300","9005","1622304","1","729","windows","baseline","1"
"two","custom_fifo","1","3","3","1500","3.964","378415","7.200","12.400","18.500","9005","1622304","1","749","windows","baseline","1"
"two","custom_fifo","1","16","1","8000","21.556","371125","40.200","56.800","86.400","48020","8653248","1","3391","windows","baseline","1"
"two","custom_fifo","1","16","2","8000","21.083","379454","39.300","54.900","105.700","48018","8652288","1","3398","windows","baseline","1"
"two","custom_fifo","1","16","3","8000","21.183","377654","39.900","53.300","81.400","48018","8652288","1","3454","windows","baseline","1"
"two","custom_fifo","4","1","1","500","5.734","87192","12.200","13.200","16.000","3003","540768","1","992","windows","baseline","1"
"two","custom_fifo","4","1","2","500","6.359","78631","12.200","20.600","38.000","3003","540768","1","972","windows","baseline","1"
"two","custom_fifo","4","1","3","500","5.877","85080","12.300","13.900","25.300","3003","540768","1","977","windows","baseline","1"
"two","custom_fifo","4","3","1","1500","5.479","273758","10.800","16.100","24.200","9005","1622304","2","1079","windows","baseline","1"
"two","custom_fifo","4","3","2","1500","6.324","237195","11.000","19.500","51.300","9005","1622304","2","1027","windows","baseline","1"
"two","custom_fifo","4","3","3","1500","4.723","317628","9.700","13.300","15.700","9005","1622304","2","914","windows","baseline","1"
"two","custom_fifo","4","16","1","8000","9.013","887626","15.100","27.400","52.700","48020","8653248","1","44","windows","baseline","1"
"two","custom_fifo","4","16","2","8000","8.630","926988","15.100","26.600","60.100","48018","8652288","2","36","windows","baseline","1"
"two","custom_fifo","4","16","3","8000","9.352","855469","15.200","28.000","66.200","48018","8652288","1","133","windows","baseline","1"
"two","delayed","1","16","1","48","726.803","66","244190.100","245874.800","246142.000","308","65088","1","126","windows","baseline","1"
"two","delayed","1","16","2","48","746.784","64","247617.100","250601.200","250957.600","306","64128","1","121","windows","baseline","1"
"two","delayed","1","16","3","48","742.007","65","245780.700","248746.900","249038.000","306","64128","1","125","windows","baseline","1"
"two","delayed","4","16","1","48","185.400","259","61459.900","63070.200","63073.500","308","65088","4","47","windows","baseline","1"
"two","delayed","4","16","2","48","184.315","260","61077.200","62548.800","62552.500","306","64128","4","60","windows","baseline","1"
"two","delayed","4","16","3","48","184.572","260","61122.000","62702.300","62703.900","306","64128","4","50","windows","baseline","1"
"two","borrowers","1","16","1","48","744.764","64","15584.000","618664.100","713097.000","18","12672","1","162","windows","baseline","1"
"two","borrowers","1","16","2","48","741.478","65","15555.100","618159.400","709863.800","18","12672","1","166","windows","baseline","1"
"two","borrowers","1","16","3","48","746.897","64","15895.800","620948.600","715862.600","18","12672","1","161","windows","baseline","1"
"two","borrowers","4","16","1","48","183.439","262","15670.200","152507.000","152510.800","18","12672","4","48","windows","baseline","1"
"two","borrowers","4","16","2","48","187.158","256","15856.000","155365.500","155367.200","18","12672","4","46","windows","baseline","1"
"two","borrowers","4","16","3","48","184.391","260","15214.300","154137.200","154138.700","18","12672","4","47","windows","baseline","1"
"two","ready","1","1","1","500","2.370","210935","2.600","13.300","22.200","1503","520768","1","400","windows","candidate","0"
"two","ready","1","1","2","500","1.760","284172","2.500","11.300","16.400","1503","520768","1","386","windows","candidate","0"
"two","ready","1","1","3","500","2.379","210164","2.600","14.300","23.000","1503","520768","1","451","windows","candidate","0"
"two","ready","1","3","1","1500","4.335","346037","7.500","16.400","23.100","8703","1629616","1","655","windows","candidate","0"
"two","ready","1","3","2","1500","4.324","346877","7.100","16.900","24.100","8717","1629696","1","575","windows","candidate","0"
"two","ready","1","3","3","1500","4.184","358517","7.300","15.000","22.200","8705","1629504","1","647","windows","candidate","0"
"two","ready","1","16","1","8000","25.131","318337","44.400","83.600","109.600","47984","8716672","1","3167","windows","candidate","0"
"two","ready","1","16","2","8000","25.465","314155","45.500","76.400","116.100","47976","8715616","1","3053","windows","candidate","0"
"two","ready","1","16","3","8000","22.486","355779","41.600","60.100","90.400","48003","8716048","1","3536","windows","candidate","0"
"two","ready","4","1","1","500","2.116","236306","2.700","12.900","24.800","1503","520768","1","504","windows","candidate","0"
"two","ready","4","1","2","500","1.769","282598","2.300","10.900","14.800","1503","520768","1","479","windows","candidate","0"
"two","ready","4","1","3","500","2.481","201556","2.600","13.900","23.300","1503","520768","1","450","windows","candidate","0"
"two","ready","4","3","1","1500","1.411","1063227","2.200","3.900","19.000","4506","1562368","1","26","windows","candidate","0"
"two","ready","4","3","2","1500","1.920","781413","2.200","5.300","21.200","4505","1562304","1","51","windows","candidate","0"
"two","ready","4","3","3","1500","1.470","1020616","2.200","3.700","16.100","4505","1562304","1","18","windows","candidate","0"
"two","ready","4","16","1","8000","8.903","898594","14.900","35.400","57.200","47518","8709408","1","143","windows","candidate","0"
"two","ready","4","16","2","8000","9.704","824385","14.900","37.700","149.600","47790","8712640","1","57","windows","candidate","0"
"two","ready","4","16","3","8000","8.737","915678","15.000","27.500","59.400","47961","8715376","1","109","windows","candidate","0"
"two","custom_fifo","1","1","1","500","4.812","103903","9.100","18.300","30.700","3003","544768","1","905","windows","candidate","0"
"two","custom_fifo","1","1","2","500","5.843","85572","11.300","15.800","43.700","3003","544768","1","959","windows","candidate","0"
"two","custom_fifo","1","1","3","500","5.588","89469","9.900","17.800","27.900","3003","544768","1","927","windows","candidate","0"
"two","custom_fifo","1","3","1","1500","4.547","329859","8.000","13.600","18.500","9005","1634304","1","778","windows","candidate","0"
"two","custom_fifo","1","3","2","1500","4.455","336708","7.700","13.700","22.600","9005","1634304","1","699","windows","candidate","0"
"two","custom_fifo","1","3","3","1500","4.429","338707","7.400","13.500","21.900","9005","1634304","1","687","windows","candidate","0"
"two","custom_fifo","1","16","1","8000","23.855","335364","43.600","67.200","108.900","48020","8717248","1","3620","windows","candidate","0"
"two","custom_fifo","1","16","2","8000","22.134","361438","42.200","55.000","86.300","48018","8716288","1","3543","windows","candidate","0"
"two","custom_fifo","1","16","3","8000","22.657","353092","42.500","54.700","91.800","48018","8716288","1","3696","windows","candidate","0"
"two","custom_fifo","4","1","1","500","7.090","70518","13.300","21.000","32.500","3003","544768","1","984","windows","candidate","0"
"two","custom_fifo","4","1","2","500","6.499","76931","13.200","15.700","27.500","3003","544768","1","982","windows","candidate","0"
"two","custom_fifo","4","1","3","500","6.583","75949","13.000","22.300","29.000","3003","544768","1","973","windows","candidate","0"
"two","custom_fifo","4","3","1","1500","5.341","280846","10.400","14.900","25.000","9005","1634304","2","1056","windows","candidate","0"
"two","custom_fifo","4","3","2","1500","5.963","251568","10.200","18.700","55.000","9005","1634304","2","1028","windows","candidate","0"
"two","custom_fifo","4","3","3","1500","5.029","298252","9.300","20.400","34.400","9005","1634304","2","814","windows","candidate","0"
"two","custom_fifo","4","16","1","8000","9.058","883236","15.800","29.000","44.300","48020","8717248","1","105","windows","candidate","0"
"two","custom_fifo","4","16","2","8000","9.198","869726","15.600","23.000","59.200","48018","8716288","1","86","windows","candidate","0"
"two","custom_fifo","4","16","3","8000","8.839","905090","15.600","18.600","65.900","48018","8716288","1","27","windows","candidate","0"
"two","delayed","1","16","1","48","734.016","65","243449.200","248312.100","248528.600","306","65584","1","128","windows","candidate","0"
"two","delayed","1","16","2","48","743.648","65","247408.200","250142.900","250250.300","303","64464","1","123","windows","candidate","0"
"two","delayed","1","16","3","48","742.828","65","246339.600","249096.900","249979.600","303","64464","1","127","windows","candidate","0"
"two","delayed","4","16","1","48","183.457","262","60910.100","62535.400","62542.400","297","65440","4","48","windows","candidate","0"
"two","delayed","4","16","2","48","187.946","255","62376.300","63223.800","63224.100","294","64320","4","44","windows","candidate","0"
"two","delayed","4","16","3","48","185.268","259","61300.600","62173.300","62174.800","294","64320","4","47","windows","candidate","0"
"two","borrowers","1","16","1","48","741.823","65","15623.600","618050.100","710850.100","18","12672","1","168","windows","candidate","0"
"two","borrowers","1","16","2","48","741.085","65","15617.400","617415.300","711258.500","18","12672","1","164","windows","candidate","0"
"two","borrowers","1","16","3","48","742.499","65","15680.500","618338.600","711661.200","18","12672","1","162","windows","candidate","0"
"two","borrowers","4","16","1","48","183.674","261","15400.900","153011.000","153013.100","18","12672","4","52","windows","candidate","0"
"two","borrowers","4","16","2","48","182.724","263","15094.000","151398.600","151402.800","18","12672","4","48","windows","candidate","0"
"two","borrowers","4","16","3","48","185.314","259","15553.800","154949.400","154954.000","18","12672","4","50","windows","candidate","0"
"two","ready","1","1","1","500","1.767","282981","2.500","11.800","15.400","1503","520768","1","400","windows","candidate","1"
"two","ready","1","1","2","500","1.736","288085","2.400","10.500","21.600","1503","520768","1","381","windows","candidate","1"
"two","ready","1","1","3","500","1.566","319366","2.400","7.500","13.000","1503","520768","1","363","windows","candidate","1"
"two","ready","1","3","1","1500","4.438","338013","7.400","17.900","26.600","8715","1629808","1","665","windows","candidate","1"
"two","ready","1","3","2","1500","4.220","355442","7.500","11.900","15.600","8810","1631184","1","672","windows","candidate","1"
"two","ready","1","3","3","1500","4.036","371627","7.600","12.200","14.600","8744","1630128","1","721","windows","candidate","1"
"two","ready","1","16","1","8000","21.846","366195","41.100","59.800","104.800","48014","8717152","1","3545","windows","candidate","1"
"two","ready","1","16","2","8000","20.819","384264","40.800","50.700","66.100","48000","8716000","1","3537","windows","candidate","1"
"two","ready","1","16","3","8000","22.464","356125","40.900","64.900","138.900","47970","8715520","1","3603","windows","candidate","1"
"two","ready","4","1","1","500","1.447","345543","2.400","4.400","11.700","1503","520768","1","485","windows","candidate","1"
"two","ready","4","1","2","500","1.902","262895","2.600","11.000","18.200","1503","520768","1","503","windows","candidate","1"
"two","ready","4","1","3","500","1.928","259336","2.400","9.600","12.900","1503","520768","1","468","windows","candidate","1"
"two","ready","4","3","1","1500","1.496","1002406","2.400","4.200","18.400","4506","1562368","1","29","windows","candidate","1"
"two","ready","4","3","2","1500","1.444","1038925","2.300","3.900","22.200","4505","1562304","1","17","windows","candidate","1"
"two","ready","4","3","3","1500","1.428","1050641","2.400","3.800","20.200","4505","1562304","1","15","windows","candidate","1"
"two","ready","4","16","1","8000","9.461","845568","15.400","34.200","76.200","47458","8708448","1","142","windows","candidate","1"
"two","ready","4","16","2","8000","9.476","844211","15.400","30.300","56.900","47895","8714320","1","39","windows","candidate","1"
"two","ready","4","16","3","8000","8.806","908492","15.500","27.400","64.000","47976","8715616","1","63","windows","candidate","1"
"two","custom_fifo","1","1","1","500","5.621","88957","11.700","13.600","21.900","3003","544768","1","958","windows","candidate","1"
"two","custom_fifo","1","1","2","500","6.173","81003","12.500","14.500","33.700","3003","544768","1","990","windows","candidate","1"
"two","custom_fifo","1","1","3","500","6.262","79851","12.500","17.700","29.800","3003","544768","1","986","windows","candidate","1"
"two","custom_fifo","1","3","1","1500","5.058","296548","7.900","14.500","24.100","9005","1634304","1","786","windows","candidate","1"
"two","custom_fifo","1","3","2","1500","4.628","324107","7.600","15.400","27.400","9005","1634304","1","731","windows","candidate","1"
"two","custom_fifo","1","3","3","1500","5.118","293100","7.600","15.600","33.100","9005","1634304","1","750","windows","candidate","1"
"two","custom_fifo","1","16","1","8000","21.730","368156","40.100","54.300","108.300","48020","8717248","1","3537","windows","candidate","1"
"two","custom_fifo","1","16","2","8000","21.658","369382","40.400","52.600","98.700","48018","8716288","1","3565","windows","candidate","1"
"two","custom_fifo","1","16","3","8000","21.346","374777","39.900","53.000","96.100","48018","8716288","1","3464","windows","candidate","1"
"two","custom_fifo","4","1","1","500","6.772","73836","13.300","15.100","28.600","3003","544768","1","983","windows","candidate","1"
"two","custom_fifo","4","1","2","500","6.748","74095","13.400","14.400","25.500","3003","544768","1","991","windows","candidate","1"
"two","custom_fifo","4","1","3","500","6.981","71618","13.400","20.300","40.000","3003","544768","1","975","windows","candidate","1"
"two","custom_fifo","4","3","1","1500","5.079","295316","9.500","14.900","26.300","9005","1634304","2","957","windows","candidate","1"
"two","custom_fifo","4","3","2","1500","4.848","309400","9.500","14.700","20.700","9005","1634304","2","935","windows","candidate","1"
"two","custom_fifo","4","3","3","1500","5.457","274886","9.900","14.600","22.300","9005","1634304","2","1001","windows","candidate","1"
"two","custom_fifo","4","16","1","8000","8.475","943908","15.200","28.400","40.600","48020","8717248","2","71","windows","candidate","1"
"two","custom_fifo","4","16","2","8000","9.047","884300","15.400","34.300","61.100","48018","8716288","1","85","windows","candidate","1"
"two","custom_fifo","4","16","3","8000","9.038","885171","15.300","19.500","70.100","48018","8716288","2","46","windows","candidate","1"
"two","delayed","1","16","1","48","739.540","65","245505.800","250256.900","250432.800","306","65584","1","133","windows","candidate","1"
"two","delayed","1","16","2","48","737.489","65","244226.400","247158.400","248360.500","303","64464","1","131","windows","candidate","1"
"two","delayed","1","16","3","48","736.928","65","244652.200","247931.300","248455.200","303","64464","1","127","windows","candidate","1"
"two","delayed","4","16","1","48","181.315","265","60400.800","60743.900","60747.800","297","65440","4","48","windows","candidate","1"
"two","delayed","4","16","2","48","185.006","259","61553.700","62564.600","62588.400","294","64320","4","48","windows","candidate","1"
"two","delayed","4","16","3","48","187.075","257","61949.100","62786.500","62788.400","294","64320","4","53","windows","candidate","1"
"two","borrowers","1","16","1","48","736.623","65","15641.700","613530.500","706315.200","18","12672","1","159","windows","candidate","1"
"two","borrowers","1","16","2","48","735.970","65","15608.700","614040.300","705493.600","18","12672","1","157","windows","candidate","1"
"two","borrowers","1","16","3","48","741.364","65","15806.000","619162.100","710257.900","18","12672","1","166","windows","candidate","1"
"two","borrowers","4","16","1","48","186.060","258","15554.900","154567.500","154570.100","18","12672","4","49","windows","candidate","1"
"two","borrowers","4","16","2","48","184.546","260","15569.600","153743.000","153747.200","18","12672","4","47","windows","candidate","1"
"two","borrowers","4","16","3","48","186.431","257","15722.900","154917.100","154925.400","18","12672","4","50","windows","candidate","1"
